true_label,pred_label,vpn_probability,application_label
non_vpn,non_vpn,0.4074760462930332,CHAT
non_vpn,vpn,0.6917357726229447,CHAT
non_vpn,non_vpn,0.39323351951575414,CHAT
non_vpn,non_vpn,0.31045989062669777,CHAT
non_vpn,non_vpn,0.32311578609547587,CHAT
non_vpn,vpn,0.7634057958330536,CHAT
non_vpn,non_vpn,0.1967200354038118,CHAT
non_vpn,non_vpn,0.4980889797877279,CHAT
non_vpn,non_vpn,0.00897140307844013,CHAT
non_vpn,non_vpn,0.21096155026406538,CHAT
non_vpn,non_vpn,0.0098003572139743,CHAT
non_vpn,non_vpn,0.1571975246490364,CHAT
non_vpn,non_vpn,0.00873632586181754,CHAT
non_vpn,non_vpn,0.1821218666299446,CHAT
non_vpn,non_vpn,0.00897140307844013,CHAT
non_vpn,non_vpn,0.10726519282718555,CHAT
non_vpn,non_vpn,0.11246797508970104,CHAT
non_vpn,non_vpn,0.011633109067441375,CHAT
non_vpn,non_vpn,0.0098003572139743,CHAT
non_vpn,non_vpn,0.29170844223428455,CHAT
non_vpn,non_vpn,0.0098003572139743,CHAT
non_vpn,vpn,0.6170187656480802,CHAT
non_vpn,non_vpn,0.22317953487158138,CHAT
non_vpn,non_vpn,0.00897140307844013,CHAT
non_vpn,vpn,0.6778053208020849,CHAT
non_vpn,non_vpn,0.00873632586181754,CHAT
non_vpn,vpn,0.8614296888911671,CHAT
non_vpn,vpn,0.6259771412822036,CHAT
non_vpn,vpn,0.5985214663013475,CHAT
non_vpn,non_vpn,0.00873632586181754,CHAT
non_vpn,non_vpn,0.228002560724213,CHAT
non_vpn,non_vpn,0.00873632586181754,CHAT
non_vpn,non_vpn,0.26781794725252,CHAT
non_vpn,non_vpn,0.3472878952452112,CHAT
non_vpn,non_vpn,0.14346119866882426,CHAT
non_vpn,non_vpn,0.20134697363833673,CHAT
non_vpn,non_vpn,0.28489173642770493,CHAT
non_vpn,non_vpn,0.00873632586181754,CHAT
non_vpn,vpn,0.6540010260452485,CHAT
non_vpn,non_vpn,0.21547457151145366,CHAT
non_vpn,non_vpn,0.10844773865531042,CHAT
non_vpn,non_vpn,0.22354658821430662,CHAT
non_vpn,non_vpn,0.00873632586181754,CHAT
non_vpn,non_vpn,0.14050451586231744,CHAT
non_vpn,non_vpn,0.37019203616909313,CHAT
non_vpn,vpn,0.603262797570276,CHAT
non_vpn,non_vpn,0.2599573437882976,CHAT
non_vpn,non_vpn,0.07158311090939845,CHAT
non_vpn,non_vpn,0.052356877531971865,CHAT
non_vpn,non_vpn,0.253514853536365,CHAT
non_vpn,non_vpn,0.24051182231113322,CHAT
non_vpn,non_vpn,0.09340395788973564,CHAT
non_vpn,non_vpn,0.48203152126674814,CHAT
non_vpn,non_vpn,0.38921107031618773,CHAT
non_vpn,non_vpn,0.1651067421832407,CHAT
non_vpn,non_vpn,0.32701357478638066,CHAT
non_vpn,non_vpn,0.40086604956580024,CHAT
non_vpn,non_vpn,0.3319142765089956,CHAT
non_vpn,non_vpn,0.28988511350140467,CHAT
non_vpn,non_vpn,0.24940894984401837,CHAT
non_vpn,non_vpn,0.23528695789854676,CHAT
non_vpn,non_vpn,0.25200258489323973,CHAT
non_vpn,non_vpn,0.16887820910678392,CHAT
non_vpn,non_vpn,0.22116420097315703,CHAT
non_vpn,non_vpn,0.2581077005577275,CHAT
non_vpn,non_vpn,0.23950851041027593,CHAT
non_vpn,vpn,0.6183277766820917,CHAT
non_vpn,non_vpn,0.2391179630001916,CHAT
non_vpn,non_vpn,0.2823023362584116,CHAT
non_vpn,vpn,0.5150107187768145,CHAT
non_vpn,vpn,0.7157465156652887,CHAT
non_vpn,non_vpn,0.05037861576610941,CHAT
non_vpn,non_vpn,0.0058915638132163075,CHAT
non_vpn,vpn,0.8268837736208811,CHAT
non_vpn,non_vpn,0.46298739668833344,CHAT
non_vpn,non_vpn,0.1606840917463154,CHAT
non_vpn,non_vpn,0.00238982087005971,CHAT
non_vpn,non_vpn,0.3020742686079625,CHAT
non_vpn,non_vpn,0.017758620110653343,CHAT
non_vpn,non_vpn,0.27887190400034784,CHAT
non_vpn,non_vpn,0.3897085024075349,CHAT
non_vpn,non_vpn,0.15085743105203664,CHAT
non_vpn,non_vpn,0.04312007885987335,CHAT
non_vpn,non_vpn,0.2766087825294791,CHAT
non_vpn,non_vpn,0.4237952601220071,CHAT
non_vpn,non_vpn,0.39934201742331915,CHAT
non_vpn,non_vpn,0.34325141836752415,CHAT
non_vpn,non_vpn,0.2421302406620794,CHAT
non_vpn,non_vpn,0.36896726045558276,CHAT
non_vpn,non_vpn,0.11835311635859824,CHAT
non_vpn,non_vpn,0.1079614932615207,CHAT
non_vpn,non_vpn,0.3451086862750611,CHAT
non_vpn,non_vpn,0.24933721076831084,CHAT
non_vpn,non_vpn,0.19112931515245252,CHAT
non_vpn,non_vpn,0.2850432359034086,CHAT
non_vpn,vpn,0.5420164526870526,CHAT
non_vpn,vpn,0.700740475150803,CHAT
non_vpn,non_vpn,0.025023120511914833,CHAT
non_vpn,vpn,0.537365233996756,CHAT
non_vpn,non_vpn,0.45116227036275924,CHAT
non_vpn,non_vpn,0.3432636978208604,CHAT
non_vpn,vpn,0.7522981087653906,CHAT
non_vpn,non_vpn,0.2123487078066554,CHAT
non_vpn,vpn,0.6762489401267229,CHAT
non_vpn,non_vpn,0.49690713539679265,CHAT
non_vpn,non_vpn,0.49874603259210526,CHAT
non_vpn,vpn,0.5704838845059741,CHAT
non_vpn,vpn,0.5468605002505194,CHAT
non_vpn,non_vpn,0.0776498666498587,CHAT
non_vpn,non_vpn,0.03153488965161727,CHAT
non_vpn,non_vpn,0.007086474248246163,CHAT
non_vpn,non_vpn,0.11461997473409273,CHAT
non_vpn,non_vpn,0.23491416398475587,CHAT
non_vpn,non_vpn,0.42260221036125967,CHAT
non_vpn,non_vpn,0.15340736917110454,CHAT
non_vpn,non_vpn,0.08111919755408245,CHAT
non_vpn,non_vpn,0.33213155105568737,CHAT
non_vpn,non_vpn,0.23848670545755962,CHAT
non_vpn,non_vpn,0.10104847648639297,CHAT
non_vpn,non_vpn,0.18596633304663954,CHAT
non_vpn,non_vpn,0.3362005453032461,CHAT
non_vpn,non_vpn,0.07057223387283039,CHAT
non_vpn,non_vpn,0.2725437353011957,CHAT
non_vpn,non_vpn,0.21229595164464612,CHAT
non_vpn,non_vpn,0.1933574089718076,CHAT
non_vpn,non_vpn,0.04767906165318445,CHAT
non_vpn,non_vpn,0.14082235292010806,CHAT
non_vpn,non_vpn,0.44984628654104697,CHAT
non_vpn,non_vpn,0.19922141902806878,CHAT
non_vpn,non_vpn,0.09392474002819996,CHAT
non_vpn,non_vpn,0.18005623061936607,CHAT
non_vpn,non_vpn,0.05900853420510771,CHAT
non_vpn,vpn,0.6083722366033814,CHAT
non_vpn,vpn,0.8089362674739258,CHAT
non_vpn,non_vpn,0.13886996982351657,CHAT
non_vpn,non_vpn,0.12850979847443672,CHAT
non_vpn,non_vpn,0.17595590720447113,CHAT
non_vpn,non_vpn,0.27405341348565143,CHAT
non_vpn,non_vpn,0.17054951775846847,CHAT
non_vpn,vpn,0.8391846896098702,CHAT
non_vpn,vpn,0.6015972755842092,CHAT
non_vpn,non_vpn,0.47891935301476435,CHAT
non_vpn,vpn,0.5940972755842092,CHAT
non_vpn,non_vpn,0.18975494935219916,CHAT
non_vpn,non_vpn,0.3765313693202246,CHAT
non_vpn,non_vpn,0.34668689269954606,CHAT
non_vpn,non_vpn,0.20316091833479344,CHAT
non_vpn,vpn,0.5547468730060477,CHAT
non_vpn,non_vpn,0.39667881535508365,CHAT
non_vpn,non_vpn,0.08223160644887414,CHAT
non_vpn,vpn,0.5448121940639442,CHAT
non_vpn,vpn,0.6123364826668903,CHAT
non_vpn,non_vpn,0.024719230568176667,CHAT
non_vpn,non_vpn,0.13248777879404167,CHAT
non_vpn,non_vpn,0.025141288197787062,CHAT
non_vpn,non_vpn,0.046439410196356716,CHAT
non_vpn,non_vpn,0.10560321787084559,CHAT
non_vpn,vpn,0.6873077956391432,CHAT
non_vpn,non_vpn,0.21385210074299404,CHAT
non_vpn,non_vpn,0.19547606820065158,CHAT
non_vpn,non_vpn,0.013585852014323387,CHAT
non_vpn,non_vpn,0.2604418381971945,CHAT
non_vpn,non_vpn,0.0797005824377126,CHAT
non_vpn,non_vpn,0.01514335637096631,CHAT
non_vpn,non_vpn,0.3038868423429247,CHAT
non_vpn,non_vpn,0.24073415114138905,CHAT
non_vpn,non_vpn,0.001194910435029855,CHAT
non_vpn,non_vpn,0.21902105800912505,CHAT
non_vpn,non_vpn,0.1826338119324766,CHAT
non_vpn,vpn,0.6624682885617087,CHAT
non_vpn,non_vpn,0.12723315064362117,CHAT
non_vpn,non_vpn,0.41353864114389216,CHAT
non_vpn,non_vpn,0.01759186601149448,CHAT
non_vpn,non_vpn,0.37166291693501236,CHAT
non_vpn,non_vpn,0.0022317175081259626,CHAT
non_vpn,non_vpn,0.014541763144854896,CHAT
non_vpn,non_vpn,0.001194910435029855,CHAT
non_vpn,non_vpn,0.08304535051146791,CHAT
non_vpn,non_vpn,0.09100211754225145,CHAT
non_vpn,non_vpn,0.01818721783816203,CHAT
non_vpn,non_vpn,0.09173570210524863,CHAT
non_vpn,non_vpn,0.07084820920364014,CHAT
non_vpn,non_vpn,0.009160438424915424,CHAT
non_vpn,non_vpn,0.14327447401227011,CHAT
non_vpn,non_vpn,0.008391563813216308,CHAT
non_vpn,non_vpn,0.06398842983942277,CHAT
non_vpn,non_vpn,0.00767104790244007,CHAT
non_vpn,non_vpn,0.015177590277302078,CHAT
non_vpn,non_vpn,0.30565448540351203,CHAT
non_vpn,non_vpn,0.09655388992706658,CHAT
non_vpn,non_vpn,0.01709301662310818,CHAT
non_vpn,vpn,0.5248559967194776,CHAT
non_vpn,non_vpn,0.19548384373148747,CHAT
non_vpn,non_vpn,0.013807942832710265,CHAT
non_vpn,non_vpn,0.00873632586181754,CHAT
non_vpn,non_vpn,0.06709997440341825,CHAT
non_vpn,non_vpn,0.14484004201790962,CHAT
non_vpn,non_vpn,0.12108582302536514,CHAT
non_vpn,non_vpn,0.06366411283991888,CHAT
non_vpn,vpn,0.6910562501859424,CHAT
non_vpn,non_vpn,0.23637018408041358,CHAT
non_vpn,non_vpn,0.40368780943324883,CHAT
non_vpn,vpn,0.9143017202195626,CHAT
non_vpn,vpn,0.9259003452358656,CHAT
non_vpn,non_vpn,0.20821204505956167,CHAT
non_vpn,vpn,0.8986689043166717,CHAT
non_vpn,non_vpn,0.023524320133146818,CHAT
non_vpn,non_vpn,0.4686023521580682,CHAT
non_vpn,vpn,0.6097208222196842,CHAT
non_vpn,non_vpn,0.44601381023224085,CHAT
non_vpn,non_vpn,0.05360489461281551,CHAT
non_vpn,non_vpn,0.48019320373982394,CHAT
non_vpn,non_vpn,0.13965216854491047,CHAT
non_vpn,non_vpn,0.4855376359132867,CHAT
non_vpn,non_vpn,0.15440226528510784,CHAT
non_vpn,vpn,0.7703320220997236,CHAT
non_vpn,non_vpn,0.02849091986780664,CHAT
non_vpn,non_vpn,0.48359472966407147,CHAT
non_vpn,non_vpn,0.4642425076898746,CHAT
non_vpn,vpn,0.8299422522700993,CHAT
non_vpn,non_vpn,0.024719230568176667,CHAT
non_vpn,vpn,0.7303468687317215,CHAT
non_vpn,non_vpn,0.026206979909619187,FT
non_vpn,non_vpn,0.18448437056565484,FT
non_vpn,non_vpn,0.04682155664145563,FT
non_vpn,non_vpn,0.02490327251410462,FT
non_vpn,non_vpn,0.02344181799646252,FT
non_vpn,vpn,0.5616457513312377,FT
non_vpn,vpn,0.9797742728674499,FT
non_vpn,non_vpn,0.011547054824027608,FT
non_vpn,non_vpn,0.33341922873925833,FT
non_vpn,non_vpn,0.19687419143571458,FT
non_vpn,non_vpn,0.005604879227119009,FT
non_vpn,non_vpn,0.34347735458937173,FT
non_vpn,non_vpn,0.14182668479142618,FT
non_vpn,vpn,0.5827797616233276,FT
non_vpn,non_vpn,0.013499076884943112,FT
non_vpn,non_vpn,0.01892895293679637,FT
non_vpn,non_vpn,0.026676763980811688,FT
non_vpn,non_vpn,0.01351285524479102,FT
non_vpn,vpn,0.5305846972887435,FT
non_vpn,non_vpn,0.004651648031509491,FT
non_vpn,non_vpn,0.00620833065353411,FT
non_vpn,vpn,0.6459079405117089,FT
non_vpn,non_vpn,0.03928906181836418,FT
non_vpn,non_vpn,0.23913582899270078,FT
non_vpn,non_vpn,0.47561113078219697,FT
non_vpn,non_vpn,0.010512461375711053,FT
non_vpn,non_vpn,0.0007850737903979077,FT
non_vpn,non_vpn,0.2157122316459937,FT
non_vpn,non_vpn,0.033895377147281615,FT
non_vpn,non_vpn,0.08373083659998194,FT
non_vpn,non_vpn,0.12388858893266373,FT
non_vpn,non_vpn,0.02359705715067135,FT
non_vpn,non_vpn,0.02247552822194728,FT
non_vpn,non_vpn,0.0468017458305027,FT
non_vpn,non_vpn,0.1536022442874583,FT
non_vpn,non_vpn,0.024083459345953333,FT
non_vpn,non_vpn,0.015688621083230516,FT
non_vpn,non_vpn,0.3267081193748276,FT
non_vpn,vpn,0.8217431929198349,FT
non_vpn,non_vpn,0.11010926424659301,FT
non_vpn,non_vpn,0.13015789924186957,FT
non_vpn,non_vpn,0.17681704715860427,FT
non_vpn,non_vpn,0.016433546357435613,FT
non_vpn,non_vpn,0.34028452261656733,FT
non_vpn,vpn,0.5886662525852076,FT
non_vpn,vpn,0.5886662525852076,FT
non_vpn,vpn,0.5886662525852076,FT
non_vpn,vpn,0.5886662525852076,FT
non_vpn,vpn,0.5886662525852076,FT
non_vpn,vpn,0.5886662525852076,FT
non_vpn,vpn,0.5886662525852076,FT
non_vpn,vpn,0.5886662525852076,FT
non_vpn,vpn,0.5886662525852076,FT
non_vpn,vpn,0.5886662525852076,FT
non_vpn,vpn,0.5886662525852076,FT
non_vpn,vpn,0.5886662525852076,FT
non_vpn,non_vpn,0.0019054525892138808,FT
non_vpn,vpn,0.8614449194944094,FT
non_vpn,non_vpn,0.005080347249671499,FT
non_vpn,non_vpn,0.1337219365618735,FT
non_vpn,non_vpn,0.004705110103905538,FT
non_vpn,non_vpn,0.02084814134253119,FT
non_vpn,non_vpn,0.017245657298140264,FT
non_vpn,non_vpn,0.00446999675306495,FT
non_vpn,non_vpn,0.2937632948112223,FT
non_vpn,non_vpn,0.0028530286884247036,FT
non_vpn,non_vpn,0.20788968385321646,FT
non_vpn,non_vpn,0.05899394094480341,FT
non_vpn,vpn,0.5929703669452867,FT
non_vpn,vpn,0.8640351272486864,FT
non_vpn,non_vpn,0.47209968203163366,FT
non_vpn,non_vpn,0.261093389510948,FT
non_vpn,vpn,0.6168850088146002,FT
non_vpn,non_vpn,0.14430717126525133,FT
non_vpn,non_vpn,0.007215635513157725,FT
non_vpn,non_vpn,0.06343577103821664,FT
non_vpn,vpn,0.6920736566716438,FT
non_vpn,vpn,0.6055145060668008,FT
non_vpn,vpn,0.7421306515583709,FT
non_vpn,non_vpn,0.003402899434262889,FT
non_vpn,vpn,0.8991534414668173,FT
non_vpn,non_vpn,0.07264577829647278,FT
non_vpn,non_vpn,0.12748783181279078,FT
non_vpn,non_vpn,0.009788254889728896,FT
non_vpn,non_vpn,0.3087150106428058,FT
non_vpn,non_vpn,0.3107301312331677,FT
non_vpn,vpn,0.5886662525852076,FT
non_vpn,vpn,0.5886662525852076,FT
non_vpn,vpn,0.5886662525852076,FT
non_vpn,vpn,0.5886662525852076,FT
non_vpn,vpn,0.5886662525852076,FT
non_vpn,vpn,0.5886662525852076,FT
non_vpn,vpn,0.5886662525852076,FT
non_vpn,vpn,0.5886662525852076,FT
non_vpn,vpn,0.5886662525852076,FT
non_vpn,non_vpn,0.0626952724322689,FT
non_vpn,non_vpn,0.04295170323671182,FT
non_vpn,non_vpn,0.05264582029042855,FT
non_vpn,non_vpn,0.10462465829953638,FT
non_vpn,non_vpn,0.04756666812411014,FT
non_vpn,non_vpn,0.03657073332397643,FT
non_vpn,non_vpn,0.1167703614500676,FT
non_vpn,non_vpn,0.0669312865603633,FT
non_vpn,vpn,0.5886662525852076,FT
non_vpn,vpn,0.5886662525852076,FT
non_vpn,vpn,0.5886662525852076,FT
non_vpn,vpn,0.5886662525852076,FT
non_vpn,vpn,0.5886662525852076,FT
non_vpn,vpn,0.7704464145152599,FT
non_vpn,non_vpn,0.07799519756583984,FT
non_vpn,non_vpn,0.3521171425323334,FT
non_vpn,non_vpn,0.20301588429645115,FT
non_vpn,non_vpn,0.09008933911492825,FT
non_vpn,non_vpn,0.05704174625932302,FT
non_vpn,non_vpn,0.13634688011898416,FT
non_vpn,non_vpn,0.023284138580253782,FT
non_vpn,non_vpn,0.09549685418445897,FT
non_vpn,vpn,0.5144092484882314,FT
non_vpn,non_vpn,0.0,FT
non_vpn,non_vpn,0.26293598403190616,FT
non_vpn,non_vpn,0.07317318849758365,FT
non_vpn,non_vpn,0.4860601198629872,FT
non_vpn,vpn,0.6778964279549445,FT
non_vpn,vpn,0.6481666402119906,FT
non_vpn,non_vpn,0.00835328964161471,FT
non_vpn,non_vpn,0.022917800528942708,FT
non_vpn,non_vpn,0.052901574901713724,FT
non_vpn,non_vpn,0.017309000863121326,FT
non_vpn,non_vpn,0.036538125801435964,FT
non_vpn,non_vpn,0.0549114235534762,FT
non_vpn,non_vpn,0.03625955681385863,FT
non_vpn,non_vpn,0.015376444628590686,FT
non_vpn,non_vpn,0.0016714901582527907,FT
non_vpn,non_vpn,0.03117706686938507,FT
non_vpn,non_vpn,0.2565827089424091,FT
non_vpn,non_vpn,0.44459438155319764,FT
non_vpn,non_vpn,0.09083991909812054,FT
non_vpn,non_vpn,0.00455180158187677,FT
non_vpn,non_vpn,0.00859695229006801,FT
non_vpn,non_vpn,0.05764098465707969,FT
non_vpn,non_vpn,0.060246720761134714,FT
non_vpn,non_vpn,0.013096263612534575,FT
non_vpn,vpn,0.5533449712671951,FT
non_vpn,non_vpn,0.016845751540111423,FT
non_vpn,non_vpn,0.010074331499510942,FT
non_vpn,non_vpn,0.3458353491428,FT
non_vpn,non_vpn,0.03348706525859421,FT
non_vpn,vpn,0.5886662525852076,FT
non_vpn,vpn,0.5886662525852076,FT
non_vpn,vpn,0.5886662525852076,FT
non_vpn,vpn,0.5886662525852076,FT
non_vpn,non_vpn,0.1432563640880459,FT
non_vpn,non_vpn,0.0029141708794789517,FT
non_vpn,non_vpn,0.010733695893073745,FT
non_vpn,non_vpn,0.47147009726119793,FT
non_vpn,vpn,0.6419932968822788,FT
non_vpn,non_vpn,0.013472002197708539,FT
non_vpn,non_vpn,0.054254340880193846,FT
non_vpn,non_vpn,0.020977942228955913,FT
non_vpn,non_vpn,0.006259468314651525,FT
non_vpn,non_vpn,0.0034796393364066756,FT
non_vpn,non_vpn,0.0032580818430002854,FT
non_vpn,non_vpn,0.0040553766183766375,FT
non_vpn,non_vpn,0.007136743603005737,FT
non_vpn,non_vpn,0.009047832297177916,FT
non_vpn,non_vpn,0.017840700877169616,FT
non_vpn,non_vpn,0.006084731305089566,FT
non_vpn,non_vpn,0.3120509686672867,FT
non_vpn,non_vpn,0.016936104335455962,FT
non_vpn,non_vpn,0.3284987032194843,FT
non_vpn,non_vpn,0.23774127636497663,FT
non_vpn,non_vpn,0.023901706341243622,FT
non_vpn,non_vpn,0.14393651437654806,FT
non_vpn,vpn,0.5886662525852076,FT
non_vpn,vpn,0.5886662525852076,FT
non_vpn,vpn,0.5886662525852076,FT
non_vpn,vpn,0.5886662525852076,FT
non_vpn,vpn,0.5886662525852076,FT
non_vpn,vpn,0.5886662525852076,FT
non_vpn,vpn,0.5886662525852076,FT
non_vpn,vpn,0.5886662525852076,FT
non_vpn,non_vpn,0.02230835882552221,FT
non_vpn,non_vpn,0.20279633782687326,FT
non_vpn,non_vpn,0.1977411124801161,FT
non_vpn,non_vpn,0.0664037223013714,FT
non_vpn,vpn,0.7501085921056514,FT
non_vpn,vpn,0.6827631690457951,FT
non_vpn,non_vpn,0.4119084700219195,FT
non_vpn,non_vpn,0.13879008090192366,FT
non_vpn,non_vpn,0.3679132276919943,FT
non_vpn,non_vpn,0.3902386314881168,FT
non_vpn,vpn,0.5105537705296688,FT
non_vpn,vpn,0.8923383937807979,FT
non_vpn,vpn,0.7309312391625498,FT
non_vpn,non_vpn,0.44333954980298734,FT
non_vpn,non_vpn,0.2965226639857584,FT
non_vpn,non_vpn,0.3272606088294357,FT
non_vpn,non_vpn,0.3875203233059661,FT
non_vpn,non_vpn,0.38067817329909787,FT
non_vpn,non_vpn,0.24921303182497032,FT
non_vpn,non_vpn,0.29962698926626513,FT
non_vpn,non_vpn,0.29836040382644485,FT
non_vpn,vpn,0.7937871576060042,FT
non_vpn,vpn,0.8658684293587132,FT
non_vpn,vpn,0.5006063146328197,FT
non_vpn,non_vpn,0.3912489415918853,FT
non_vpn,non_vpn,0.4507721419883085,FT
non_vpn,vpn,0.522366781363236,FT
non_vpn,non_vpn,0.08707537281595863,FT
non_vpn,non_vpn,0.49036298922938654,FT
non_vpn,non_vpn,0.08235316377403834,FT
non_vpn,non_vpn,0.495963495194474,FT
non_vpn,vpn,0.570318303049217,FT
non_vpn,non_vpn,0.09308781764066452,FT
non_vpn,non_vpn,0.20429228692234877,FT
non_vpn,non_vpn,0.1550971001254487,FT
non_vpn,non_vpn,0.00805115967308313,FT
non_vpn,non_vpn,0.006993404443932016,FT
non_vpn,non_vpn,0.14221249862744118,FT
non_vpn,non_vpn,0.008201454712688204,FT
non_vpn,non_vpn,0.2751915031681641,FT
non_vpn,non_vpn,0.20812794455078013,FT
non_vpn,non_vpn,0.019881358132356693,FT
non_vpn,non_vpn,0.17934516095077424,FT
non_vpn,non_vpn,0.10983746439108215,FT
non_vpn,non_vpn,0.08620074098896721,FT
non_vpn,non_vpn,0.009544528389278833,FT
non_vpn,non_vpn,0.08769768221035339,FT
non_vpn,non_vpn,0.14017405171887676,FT
non_vpn,non_vpn,0.00238982087005971,FT
non_vpn,non_vpn,0.15502160413313604,FT
non_vpn,non_vpn,0.03884316651634177,FT
non_vpn,non_vpn,0.07748574603589703,FT
non_vpn,non_vpn,0.18172149331108658,FT
non_vpn,non_vpn,0.001194910435029855,FT
non_vpn,non_vpn,0.00238982087005971,FT
non_vpn,non_vpn,0.04120447244509715,FT
non_vpn,non_vpn,0.003084573654193907,FT
non_vpn,non_vpn,0.11452222407628025,FT
non_vpn,non_vpn,0.0048898208700597105,FT
non_vpn,non_vpn,0.09635122260021274,FT
non_vpn,non_vpn,0.29227192714034766,FT
non_vpn,non_vpn,0.020332945232099043,FT
non_vpn,non_vpn,0.4278332547513653,FT
non_vpn,non_vpn,0.021811123545414927,FT
non_vpn,non_vpn,0.44354012459646314,FT
non_vpn,non_vpn,0.0894744410980259,FT
non_vpn,non_vpn,0.0,FT
non_vpn,non_vpn,0.3884282737219783,FT
non_vpn,non_vpn,0.2904733461609679,FT
non_vpn,non_vpn,0.21565428105921952,FT
non_vpn,non_vpn,0.03345346571228695,FT
non_vpn,non_vpn,0.2740678558590172,FT
non_vpn,non_vpn,0.2790025087772757,FT
non_vpn,non_vpn,0.009143164170770633,FT
non_vpn,vpn,0.6856177976657942,FT
non_vpn,vpn,0.66510171836186,FT
non_vpn,non_vpn,0.08089749895421239,FT
non_vpn,vpn,0.5851071255541608,FT
non_vpn,non_vpn,0.0891410622182904,MAIL
non_vpn,vpn,0.8332124669854584,MAIL
non_vpn,vpn,0.7679234725359793,MAIL
non_vpn,vpn,0.5438919907544234,MAIL
non_vpn,non_vpn,0.24816738177467246,MAIL
non_vpn,non_vpn,0.3048359966765071,MAIL
non_vpn,vpn,0.8301924512108861,MAIL
non_vpn,vpn,0.9681817655257748,MAIL
non_vpn,vpn,0.5797028914694051,MAIL
non_vpn,non_vpn,0.23646412160516078,MAIL
non_vpn,non_vpn,0.24261744945690158,MAIL
non_vpn,non_vpn,0.17777274659044293,MAIL
non_vpn,vpn,0.6501711287194898,MAIL
non_vpn,non_vpn,0.4272035806705548,MAIL
non_vpn,vpn,0.6130158212508593,MAIL
non_vpn,non_vpn,0.3536481575140757,MAIL
non_vpn,vpn,0.5998871190738849,MAIL
non_vpn,non_vpn,0.07220625266732836,MAIL
non_vpn,vpn,0.5850871602354643,MAIL
non_vpn,non_vpn,0.48881970395364704,MAIL
non_vpn,non_vpn,0.30057014320372993,MAIL
non_vpn,non_vpn,0.3230608084567589,MAIL
non_vpn,non_vpn,0.19764859373922447,MAIL
non_vpn,vpn,0.8615141812260302,MAIL
non_vpn,vpn,0.7635223206325715,MAIL
non_vpn,vpn,0.7643800629146154,MAIL
non_vpn,vpn,0.5801771747309329,MAIL
non_vpn,vpn,0.630266710887785,MAIL
non_vpn,non_vpn,0.4406524584658903,MAIL
non_vpn,vpn,0.6348296096002847,MAIL
non_vpn,non_vpn,0.06823459960891248,MAIL
non_vpn,non_vpn,0.3148142089417358,MAIL
non_vpn,non_vpn,0.4856429501320117,MAIL
non_vpn,vpn,0.522174255922016,MAIL
non_vpn,non_vpn,0.49740182415084255,MAIL
non_vpn,vpn,0.7762626385895313,MAIL
non_vpn,vpn,0.5031911888629566,MAIL
non_vpn,non_vpn,0.09439684503190032,MAIL
non_vpn,non_vpn,0.09071361121850118,MAIL
non_vpn,non_vpn,0.08515989048671276,MAIL
non_vpn,non_vpn,0.058689527271373325,MAIL
non_vpn,non_vpn,0.050056043922751196,MAIL
non_vpn,non_vpn,0.2010242421525076,MAIL
non_vpn,non_vpn,0.03872446117419134,MAIL
non_vpn,non_vpn,0.360643808309501,MAIL
non_vpn,non_vpn,0.020196955444435224,MAIL
non_vpn,non_vpn,0.07796975218146826,MAIL
non_vpn,non_vpn,0.07006402591623918,MAIL
non_vpn,non_vpn,0.3611352169194724,MAIL
non_vpn,vpn,0.5886662525852076,MAIL
non_vpn,non_vpn,0.03868257991867762,MAIL
non_vpn,vpn,0.5588488161794941,MAIL
non_vpn,non_vpn,0.45321748932050243,MAIL
non_vpn,non_vpn,0.09150191759265543,MAIL
non_vpn,non_vpn,0.022758910102422578,MAIL
non_vpn,non_vpn,0.42443520230314635,MAIL
non_vpn,non_vpn,0.04552502984471003,MAIL
non_vpn,non_vpn,0.033587577232739176,MAIL
non_vpn,vpn,0.6861322394769271,MAIL
non_vpn,non_vpn,0.10761591829737814,MAIL
non_vpn,vpn,0.6861322394769271,MAIL
non_vpn,vpn,0.9816390507095172,MAIL
non_vpn,vpn,0.9838002906042219,MAIL
non_vpn,vpn,0.8501524610889759,MAIL
non_vpn,non_vpn,0.20266171425085616,MAIL
non_vpn,non_vpn,0.2098135457630384,MAIL
non_vpn,non_vpn,0.1125718297774159,MAIL
non_vpn,non_vpn,0.055234190074475886,MAIL
non_vpn,non_vpn,0.11687607500766277,MAIL
non_vpn,non_vpn,0.2908287629071626,MAIL
non_vpn,non_vpn,0.26356106629380444,MAIL
non_vpn,non_vpn,0.1563303566304685,MAIL
non_vpn,non_vpn,0.056755657902971005,MAIL
non_vpn,non_vpn,0.0605667055192498,MAIL
non_vpn,non_vpn,0.1858137005031375,MAIL
non_vpn,non_vpn,0.17517060851405264,MAIL
non_vpn,non_vpn,0.09388460954665559,MAIL
non_vpn,non_vpn,0.05759356488340984,MAIL
non_vpn,non_vpn,0.08246564104450452,MAIL
non_vpn,non_vpn,0.08132252424131316,MAIL
non_vpn,non_vpn,0.14246390131850306,MAIL
non_vpn,non_vpn,0.44482856158707096,MAIL
non_vpn,non_vpn,0.1260186601963595,STREAMING
non_vpn,non_vpn,0.06570588296048414,STREAMING
non_vpn,non_vpn,0.06729108188233027,STREAMING
non_vpn,non_vpn,0.23517951286737973,STREAMING
non_vpn,non_vpn,0.14119707985000948,STREAMING
non_vpn,non_vpn,0.08015304943236146,STREAMING
non_vpn,non_vpn,0.07071462220270722,STREAMING
non_vpn,non_vpn,0.2671791692455719,STREAMING
non_vpn,non_vpn,0.2671791692455719,STREAMING
non_vpn,vpn,0.9046162948057692,STREAMING
non_vpn,vpn,0.8762488004477911,STREAMING
non_vpn,non_vpn,0.013687785986535368,STREAMING
non_vpn,non_vpn,0.17472012877124776,STREAMING
non_vpn,non_vpn,0.1797635519951811,STREAMING
non_vpn,non_vpn,0.013158743541392483,STREAMING
non_vpn,non_vpn,0.08053321311773423,STREAMING
non_vpn,vpn,0.8163363871636693,STREAMING
non_vpn,non_vpn,0.008213505324954356,STREAMING
non_vpn,non_vpn,0.016251831175953392,STREAMING
non_vpn,non_vpn,0.03339951048096435,STREAMING
non_vpn,non_vpn,0.09515476713770042,STREAMING
non_vpn,vpn,0.7356598868418623,STREAMING
non_vpn,non_vpn,0.2521706423993128,STREAMING
non_vpn,vpn,0.5384811156777621,STREAMING
non_vpn,non_vpn,0.029399735356474742,STREAMING
non_vpn,non_vpn,0.493899987640654,STREAMING
non_vpn,non_vpn,0.04617864258583304,STREAMING
non_vpn,vpn,0.756101855589539,STREAMING
non_vpn,non_vpn,0.08164428099421339,STREAMING
non_vpn,non_vpn,0.12052879062088781,STREAMING
non_vpn,non_vpn,0.2151025579066927,STREAMING
non_vpn,non_vpn,0.18113647535034982,STREAMING
non_vpn,non_vpn,0.15134154585263718,STREAMING
non_vpn,non_vpn,0.12845662414947062,STREAMING
non_vpn,non_vpn,0.17713797709931278,STREAMING
non_vpn,non_vpn,0.1380329959127503,STREAMING
non_vpn,non_vpn,0.13871334161533203,STREAMING
non_vpn,non_vpn,0.10958471268880735,STREAMING
non_vpn,vpn,0.5381515017378059,STREAMING
non_vpn,vpn,0.5886662525852076,STREAMING
non_vpn,non_vpn,0.21512286725004973,STREAMING
non_vpn,non_vpn,0.09979442928732535,STREAMING
non_vpn,non_vpn,0.10807613731403981,STREAMING
non_vpn,non_vpn,0.040398175031710906,STREAMING
non_vpn,non_vpn,0.07258164578565601,STREAMING
non_vpn,non_vpn,0.062183799272813846,STREAMING
non_vpn,non_vpn,0.036887307727338496,STREAMING
non_vpn,non_vpn,0.11588980225377749,STREAMING
non_vpn,non_vpn,0.10958471268880735,STREAMING
non_vpn,vpn,0.5886662525852076,STREAMING
non_vpn,non_vpn,0.4844631816261473,STREAMING
non_vpn,non_vpn,0.025839772904211435,STREAMING
non_vpn,non_vpn,0.1102785434732458,STREAMING
non_vpn,non_vpn,0.4797308637907509,STREAMING
non_vpn,non_vpn,0.4797308637907509,STREAMING
non_vpn,non_vpn,0.0025,STREAMING
non_vpn,non_vpn,0.14559266078276883,STREAMING
non_vpn,non_vpn,0.04960603629915459,STREAMING
non_vpn,non_vpn,0.08135297275966794,STREAMING
non_vpn,non_vpn,0.02267555858121697,STREAMING
non_vpn,non_vpn,0.03679378276125855,STREAMING
non_vpn,vpn,0.6988020417680044,STREAMING
non_vpn,vpn,0.7957261904742613,STREAMING
non_vpn,vpn,0.5886662525852076,STREAMING
non_vpn,non_vpn,0.07217101575178984,STREAMING
non_vpn,vpn,0.9479123311976904,STREAMING
non_vpn,non_vpn,0.19398155079229876,STREAMING
non_vpn,non_vpn,0.05578638725975361,STREAMING
non_vpn,non_vpn,0.02131550787336215,STREAMING
non_vpn,non_vpn,0.03505969253539085,STREAMING
non_vpn,non_vpn,0.45053330710257705,STREAMING
non_vpn,non_vpn,0.13247107001513522,STREAMING
non_vpn,non_vpn,0.20393553960559596,STREAMING
non_vpn,non_vpn,0.1612477752958176,STREAMING
non_vpn,non_vpn,0.011261598417777421,STREAMING
non_vpn,non_vpn,0.005504760548569889,STREAMING
non_vpn,non_vpn,0.2547825637931643,STREAMING
non_vpn,non_vpn,0.010429704143535083,STREAMING
non_vpn,non_vpn,0.05252203034476701,STREAMING
non_vpn,non_vpn,0.11873990855468226,STREAMING
non_vpn,vpn,0.7953623747500348,STREAMING
non_vpn,non_vpn,0.24866843091210045,STREAMING
non_vpn,non_vpn,0.011787116887377854,STREAMING
non_vpn,non_vpn,0.042900364356718,STREAMING
non_vpn,vpn,0.5886662525852076,STREAMING
non_vpn,vpn,0.5886662525852076,STREAMING
non_vpn,non_vpn,0.2066257929905414,STREAMING
non_vpn,non_vpn,0.1251480967173266,STREAMING
non_vpn,non_vpn,0.0924186259539325,STREAMING
non_vpn,non_vpn,0.11622239269345566,STREAMING
non_vpn,non_vpn,0.26618232881369785,STREAMING
non_vpn,non_vpn,0.4608839304587925,STREAMING
non_vpn,non_vpn,0.41339264486592653,STREAMING
non_vpn,vpn,0.5506437816215886,STREAMING
non_vpn,non_vpn,0.02578237298826567,STREAMING
non_vpn,non_vpn,0.19507101158916845,STREAMING
non_vpn,non_vpn,0.19581941782329362,STREAMING
non_vpn,non_vpn,0.1917340397779527,STREAMING
non_vpn,non_vpn,0.3141790406729863,STREAMING
non_vpn,non_vpn,0.23806726191655264,STREAMING
non_vpn,non_vpn,0.15316723553239334,STREAMING
non_vpn,non_vpn,0.16846132813660183,VOIP
non_vpn,non_vpn,0.001194910435029855,VOIP
non_vpn,non_vpn,0.000947576099210823,VOIP
non_vpn,non_vpn,0.08346070590387943,VOIP
non_vpn,non_vpn,0.006946722208675076,VOIP
non_vpn,non_vpn,0.001194910435029855,VOIP
non_vpn,non_vpn,0.2052748521508179,VOIP
non_vpn,non_vpn,0.07322326997198764,VOIP
non_vpn,non_vpn,0.008292720304322598,VOIP
non_vpn,non_vpn,0.0,VOIP
non_vpn,non_vpn,0.0007850737903979077,VOIP
non_vpn,non_vpn,0.0007850737903979079,VOIP
non_vpn,non_vpn,0.003246712016906625,VOIP
non_vpn,non_vpn,0.012407544550066348,VOIP
non_vpn,non_vpn,0.013099866682043292,VOIP
non_vpn,non_vpn,0.004332751853467074,VOIP
non_vpn,non_vpn,0.01667847597451601,VOIP
non_vpn,non_vpn,0.0,VOIP
non_vpn,non_vpn,0.0005845736541939074,VOIP
non_vpn,non_vpn,0.04734345336938744,VOIP
non_vpn,non_vpn,0.008123756999340202,VOIP
non_vpn,non_vpn,0.012284040686998588,VOIP
non_vpn,non_vpn,0.012280179677008795,VOIP
non_vpn,non_vpn,0.008761598417777421,VOIP
non_vpn,non_vpn,0.004642486534240678,VOIP
non_vpn,non_vpn,0.002636375236070677,VOIP
non_vpn,non_vpn,0.012867115549486668,VOIP
non_vpn,non_vpn,0.013129259694368395,VOIP
non_vpn,non_vpn,0.013174894660457617,VOIP
non_vpn,non_vpn,0.011787116887377854,VOIP
non_vpn,non_vpn,0.0014914394129225534,VOIP
non_vpn,non_vpn,1.552714710609448e-05,VOIP
non_vpn,non_vpn,4.479569519449839e-05,VOIP
non_vpn,non_vpn,0.01722471537986494,VOIP
non_vpn,non_vpn,4.479569519449839e-05,VOIP
non_vpn,non_vpn,1.552714710609448e-05,VOIP
non_vpn,non_vpn,0.0012397061302243534,VOIP
non_vpn,non_vpn,4.479569519449839e-05,VOIP
non_vpn,non_vpn,0.0026863498479524086,VOIP
non_vpn,non_vpn,1.552714710609448e-05,VOIP
non_vpn,non_vpn,1.552714710609448e-05,VOIP
non_vpn,non_vpn,0.0016617637598347445,VOIP
non_vpn,non_vpn,0.00289328743545611,VOIP
non_vpn,non_vpn,4.479569519449839e-05,VOIP
non_vpn,non_vpn,0.061633703820498695,VOIP
non_vpn,non_vpn,4.479569519449839e-05,VOIP
non_vpn,non_vpn,0.0016617637598347445,VOIP
non_vpn,non_vpn,1.552714710609448e-05,VOIP
non_vpn,non_vpn,1.552714710609448e-05,VOIP
non_vpn,non_vpn,0.0016617637598347445,VOIP
non_vpn,non_vpn,1.552714710609448e-05,VOIP
non_vpn,non_vpn,1.552714710609448e-05,VOIP
non_vpn,non_vpn,0.010921389725381926,VOIP
non_vpn,non_vpn,0.0024346165652542086,VOIP
non_vpn,non_vpn,1.552714710609448e-05,VOIP
non_vpn,non_vpn,0.009789933421824715,VOIP
non_vpn,non_vpn,4.479569519449839e-05,VOIP
non_vpn,non_vpn,1.552714710609448e-05,VOIP
non_vpn,non_vpn,4.479569519449839e-05,VOIP
non_vpn,non_vpn,4.479569519449839e-05,VOIP
non_vpn,non_vpn,1.552714710609448e-05,VOIP
non_vpn,non_vpn,4.479569519449839e-05,VOIP
non_vpn,non_vpn,1.552714710609448e-05,VOIP
non_vpn,non_vpn,4.479569519449839e-05,VOIP
non_vpn,non_vpn,0.006897489947780986,VOIP
non_vpn,non_vpn,0.01272944750181435,VOIP
non_vpn,non_vpn,1.552714710609448e-05,VOIP
non_vpn,non_vpn,4.479569519449839e-05,VOIP
non_vpn,non_vpn,1.552714710609448e-05,VOIP
non_vpn,non_vpn,0.002544795695194498,VOIP
non_vpn,non_vpn,0.015489687552102999,VOIP
non_vpn,non_vpn,1.552714710609448e-05,VOIP
non_vpn,non_vpn,4.479569519449839e-05,VOIP
non_vpn,non_vpn,1.552714710609448e-05,VOIP
non_vpn,non_vpn,4.479569519449839e-05,VOIP
non_vpn,non_vpn,1.552714710609448e-05,VOIP
non_vpn,non_vpn,0.0018482790005731684,VOIP
non_vpn,non_vpn,4.479569519449839e-05,VOIP
non_vpn,non_vpn,0.0018775475486615721,VOIP
non_vpn,non_vpn,0.0037135653417115144,VOIP
non_vpn,non_vpn,4.479569519449839e-05,VOIP
non_vpn,non_vpn,1.552714710609448e-05,VOIP
non_vpn,non_vpn,4.479569519449839e-05,VOIP
non_vpn,non_vpn,0.014973033656363039,VOIP
non_vpn,non_vpn,1.552714710609448e-05,VOIP
non_vpn,non_vpn,1.552714710609448e-05,VOIP
non_vpn,non_vpn,1.552714710609448e-05,VOIP
non_vpn,non_vpn,0.0025155271471060947,VOIP
non_vpn,non_vpn,1.552714710609448e-05,VOIP
non_vpn,non_vpn,0.0012104375821359494,VOIP
non_vpn,non_vpn,4.479569519449839e-05,VOIP
non_vpn,non_vpn,0.0025155271471060947,VOIP
non_vpn,non_vpn,1.552714710609448e-05,VOIP
non_vpn,non_vpn,0.0016617637598347445,VOIP
non_vpn,non_vpn,1.552714710609448e-05,VOIP
non_vpn,non_vpn,1.552714710609448e-05,VOIP
non_vpn,non_vpn,4.479569519449839e-05,VOIP
non_vpn,non_vpn,4.479569519449839e-05,VOIP
non_vpn,non_vpn,0.006091274070865231,VOIP
non_vpn,non_vpn,1.552714710609448e-05,VOIP
non_vpn,non_vpn,0.005800600937504003,VOIP
non_vpn,non_vpn,0.018514521292212257,VOIP
non_vpn,non_vpn,1.552714710609448e-05,VOIP
non_vpn,non_vpn,4.479569519449839e-05,VOIP
non_vpn,non_vpn,1.552714710609448e-05,VOIP
non_vpn,non_vpn,4.479569519449839e-05,VOIP
non_vpn,non_vpn,1.552714710609448e-05,VOIP
non_vpn,non_vpn,0.004495511372533858,VOIP
non_vpn,non_vpn,0.007158013681346773,VOIP
non_vpn,non_vpn,0.008629527000284062,VOIP
non_vpn,non_vpn,0.0012104375821359494,VOIP
non_vpn,non_vpn,4.479569519449839e-05,VOIP
non_vpn,non_vpn,4.479569519449839e-05,VOIP
non_vpn,non_vpn,1.552714710609448e-05,VOIP
non_vpn,non_vpn,1.552714710609448e-05,VOIP
non_vpn,non_vpn,1.552714710609448e-05,VOIP
non_vpn,non_vpn,4.479569519449839e-05,VOIP
non_vpn,non_vpn,1.552714710609448e-05,VOIP
non_vpn,non_vpn,1.552714710609448e-05,VOIP
non_vpn,non_vpn,0.000829869485592406,VOIP
non_vpn,non_vpn,0.01888270980283625,VOIP
non_vpn,non_vpn,0.002024779920622261,VOIP
non_vpn,non_vpn,1.552714710609448e-05,VOIP
non_vpn,non_vpn,1.552714710609448e-05,VOIP
non_vpn,non_vpn,0.004444373711416442,VOIP
non_vpn,non_vpn,0.0012397061302243534,VOIP
non_vpn,non_vpn,0.000829869485592406,VOIP
non_vpn,non_vpn,1.552714710609448e-05,VOIP
non_vpn,non_vpn,4.479569519449839e-05,VOIP
non_vpn,non_vpn,4.479569519449839e-05,VOIP
non_vpn,non_vpn,0.0008006009375040021,VOIP
non_vpn,non_vpn,4.479569519449839e-05,VOIP
non_vpn,non_vpn,0.039953716093315245,VOIP
non_vpn,non_vpn,4.479569519449839e-05,VOIP
non_vpn,non_vpn,0.009224015451535861,VOIP
non_vpn,non_vpn,1.552714710609448e-05,VOIP
non_vpn,non_vpn,4.479569519449839e-05,VOIP
non_vpn,non_vpn,0.0025155271471060947,VOIP
non_vpn,non_vpn,0.0014914394129225536,VOIP
non_vpn,non_vpn,1.552714710609448e-05,VOIP
non_vpn,non_vpn,1.552714710609448e-05,VOIP
non_vpn,non_vpn,1.552714710609448e-05,VOIP
non_vpn,non_vpn,1.552714710609448e-05,VOIP
non_vpn,non_vpn,0.0018775475486615721,VOIP
non_vpn,non_vpn,0.0006001008013000018,VOIP
non_vpn,non_vpn,0.0016617637598347445,VOIP
non_vpn,non_vpn,0.0028566741948645997,VOIP
non_vpn,non_vpn,0.0209498016041866,VOIP
non_vpn,non_vpn,1.552714710609448e-05,VOIP
non_vpn,non_vpn,0.015831068719118217,VOIP
non_vpn,non_vpn,0.0006293693493884058,VOIP
non_vpn,non_vpn,4.479569519449839e-05,VOIP
non_vpn,non_vpn,4.479569519449839e-05,VOIP
non_vpn,non_vpn,0.0004317305998994059,VOIP
non_vpn,non_vpn,0.0006001008013000018,VOIP
non_vpn,non_vpn,1.552714710609448e-05,VOIP
non_vpn,non_vpn,1.552714710609448e-05,VOIP
non_vpn,non_vpn,0.000829869485592406,VOIP
non_vpn,non_vpn,1.552714710609448e-05,VOIP
non_vpn,non_vpn,4.479569519449839e-05,VOIP
non_vpn,non_vpn,1.552714710609448e-05,VOIP
non_vpn,non_vpn,0.0016617637598347445,VOIP
non_vpn,non_vpn,1.552714710609448e-05,VOIP
non_vpn,non_vpn,1.552714710609448e-05,VOIP
non_vpn,non_vpn,1.552714710609448e-05,VOIP
non_vpn,non_vpn,4.479569519449839e-05,VOIP
non_vpn,non_vpn,0.0021597931788381822,VOIP
non_vpn,non_vpn,4.479569519449839e-05,VOIP
non_vpn,non_vpn,1.552714710609448e-05,VOIP
non_vpn,non_vpn,1.552714710609448e-05,VOIP
non_vpn,non_vpn,4.479569519449839e-05,VOIP
non_vpn,non_vpn,4.479569519449839e-05,VOIP
non_vpn,non_vpn,4.479569519449839e-05,VOIP
non_vpn,non_vpn,0.00402231608180605,VOIP
non_vpn,non_vpn,4.479569519449839e-05,VOIP
non_vpn,non_vpn,1.552714710609448e-05,VOIP
non_vpn,non_vpn,1.552714710609448e-05,VOIP
non_vpn,non_vpn,4.479569519449839e-05,VOIP
non_vpn,non_vpn,1.552714710609448e-05,VOIP
non_vpn,non_vpn,0.0012397061302243534,VOIP
non_vpn,non_vpn,1.552714710609448e-05,VOIP
non_vpn,non_vpn,1.552714710609448e-05,VOIP
non_vpn,non_vpn,4.479569519449839e-05,VOIP
non_vpn,non_vpn,0.0035589681784475246,VOIP
non_vpn,non_vpn,1.552714710609448e-05,VOIP
non_vpn,non_vpn,4.479569519449839e-05,VOIP
non_vpn,non_vpn,1.552714710609448e-05,VOIP
non_vpn,non_vpn,0.0018775475486615721,VOIP
non_vpn,non_vpn,4.479569519449839e-05,VOIP
non_vpn,non_vpn,4.479569519449839e-05,VOIP
non_vpn,non_vpn,1.552714710609448e-05,VOIP
non_vpn,non_vpn,1.552714710609448e-05,VOIP
non_vpn,non_vpn,1.552714710609448e-05,VOIP
non_vpn,non_vpn,1.552714710609448e-05,VOIP
non_vpn,non_vpn,1.552714710609448e-05,VOIP
non_vpn,non_vpn,0.00616480261604673,VOIP
non_vpn,non_vpn,1.552714710609448e-05,VOIP
non_vpn,non_vpn,0.0016617637598347445,VOIP
non_vpn,non_vpn,1.552714710609448e-05,VOIP
non_vpn,non_vpn,1.552714710609448e-05,VOIP
non_vpn,non_vpn,1.552714710609448e-05,VOIP
non_vpn,non_vpn,0.007515527147106095,VOIP
non_vpn,non_vpn,0.000829869485592406,VOIP
non_vpn,non_vpn,1.552714710609448e-05,VOIP
non_vpn,non_vpn,4.479569519449839e-05,VOIP
non_vpn,non_vpn,0.000829869485592406,VOIP
non_vpn,non_vpn,4.479569519449839e-05,VOIP
non_vpn,non_vpn,4.479569519449839e-05,VOIP
non_vpn,non_vpn,4.479569519449839e-05,VOIP
non_vpn,non_vpn,0.00804417337628209,VOIP
non_vpn,non_vpn,0.05523495019684254,VOIP
non_vpn,non_vpn,0.005942155090261913,VOIP
non_vpn,non_vpn,0.002024779920622261,VOIP
non_vpn,non_vpn,1.552714710609448e-05,VOIP
non_vpn,non_vpn,1.552714710609448e-05,VOIP
non_vpn,non_vpn,0.009367875792214325,VOIP
non_vpn,non_vpn,1.552714710609448e-05,VOIP
non_vpn,non_vpn,0.008107747315224694,VOIP
non_vpn,non_vpn,1.552714710609448e-05,VOIP
non_vpn,non_vpn,4.479569519449839e-05,VOIP
non_vpn,non_vpn,1.552714710609448e-05,VOIP
non_vpn,non_vpn,1.552714710609448e-05,VOIP
non_vpn,non_vpn,4.479569519449839e-05,VOIP
non_vpn,non_vpn,0.09086083465368303,VOIP
non_vpn,non_vpn,1.552714710609448e-05,VOIP
non_vpn,non_vpn,1.552714710609448e-05,VOIP
non_vpn,non_vpn,0.0012104375821359494,VOIP
non_vpn,non_vpn,0.0016617637598347445,VOIP
non_vpn,non_vpn,0.0012104375821359494,VOIP
non_vpn,non_vpn,1.552714710609448e-05,VOIP
non_vpn,non_vpn,0.0033547036138680377,VOIP
non_vpn,non_vpn,4.479569519449839e-05,VOIP
non_vpn,non_vpn,0.004181512228491315,VOIP
non_vpn,non_vpn,0.001194910435029855,VOIP
non_vpn,non_vpn,0.028085414587758813,VOIP
non_vpn,non_vpn,0.015505680864018313,VOIP
non_vpn,non_vpn,0.008876082401863482,VOIP
non_vpn,non_vpn,0.04609041968632368,VOIP
non_vpn,non_vpn,0.013324095327140219,VOIP
non_vpn,non_vpn,0.001194910435029855,VOIP
non_vpn,non_vpn,0.04000066670474741,VOIP
non_vpn,non_vpn,0.028395544221373487,VOIP
non_vpn,non_vpn,0.00506455787962167,VOIP
non_vpn,non_vpn,0.006084731305089566,VOIP
non_vpn,non_vpn,0.01996202526360607,VOIP
non_vpn,non_vpn,0.008174894660457616,VOIP
non_vpn,non_vpn,0.028747852982233046,VOIP
non_vpn,non_vpn,0.0,VOIP
non_vpn,non_vpn,0.033085782262946284,VOIP
non_vpn,non_vpn,0.025307617993133177,VOIP
non_vpn,non_vpn,0.019644733759704915,VOIP
non_vpn,non_vpn,0.03685948664561472,VOIP
non_vpn,non_vpn,0.012882659687318101,VOIP
non_vpn,non_vpn,0.03926494201392552,VOIP
non_vpn,non_vpn,0.012717507462233903,VOIP
non_vpn,non_vpn,0.028970290156729667,VOIP
non_vpn,non_vpn,0.013954066259280196,VOIP
non_vpn,non_vpn,0.029710824091678245,VOIP
non_vpn,non_vpn,0.024032222300595815,VOIP
non_vpn,non_vpn,0.02613844589340196,VOIP
non_vpn,non_vpn,0.006311299157225876,VOIP
non_vpn,non_vpn,0.01131174546434129,VOIP
non_vpn,non_vpn,0.011209262736975964,VOIP
non_vpn,non_vpn,0.08988158402764759,VOIP
non_vpn,non_vpn,0.04088301836582584,VOIP
non_vpn,non_vpn,0.036428691724804826,VOIP
non_vpn,non_vpn,0.008908176645035853,VOIP
non_vpn,non_vpn,0.0005845736541939074,VOIP
non_vpn,non_vpn,0.001832751853467074,VOIP
non_vpn,non_vpn,0.0,VOIP
non_vpn,non_vpn,0.0,VOIP
non_vpn,non_vpn,0.0,VOIP
non_vpn,non_vpn,0.0,VOIP
non_vpn,non_vpn,0.0,VOIP
non_vpn,non_vpn,0.0,VOIP
non_vpn,non_vpn,0.0,VOIP
non_vpn,non_vpn,0.0,VOIP
non_vpn,non_vpn,0.0,VOIP
non_vpn,non_vpn,0.0,VOIP
non_vpn,non_vpn,0.0,VOIP
non_vpn,non_vpn,0.0,VOIP
non_vpn,non_vpn,0.0,VOIP
non_vpn,non_vpn,0.0,VOIP
non_vpn,non_vpn,0.0,VOIP
non_vpn,non_vpn,0.0,VOIP
non_vpn,non_vpn,0.0,VOIP
non_vpn,non_vpn,0.0,VOIP
non_vpn,non_vpn,0.0,VOIP
non_vpn,non_vpn,0.0,VOIP
non_vpn,non_vpn,0.0,VOIP
non_vpn,non_vpn,0.0,VOIP
non_vpn,non_vpn,0.0,VOIP
non_vpn,non_vpn,0.0,VOIP
non_vpn,non_vpn,0.0,VOIP
non_vpn,non_vpn,0.0,VOIP
non_vpn,non_vpn,0.0020518015818767697,VOIP
non_vpn,non_vpn,0.0,VOIP
non_vpn,non_vpn,0.0,VOIP
non_vpn,non_vpn,0.0,VOIP
non_vpn,non_vpn,0.0,VOIP
non_vpn,non_vpn,0.0020518015818767697,VOIP
non_vpn,non_vpn,0.0020518015818767697,VOIP
non_vpn,non_vpn,0.0,VOIP
non_vpn,non_vpn,0.0,VOIP
non_vpn,non_vpn,0.0,VOIP
non_vpn,non_vpn,0.0,VOIP
non_vpn,non_vpn,0.0,VOIP
non_vpn,non_vpn,0.0,VOIP
non_vpn,non_vpn,0.0,VOIP
non_vpn,non_vpn,0.0,VOIP
non_vpn,non_vpn,0.0,VOIP
non_vpn,non_vpn,0.0,VOIP
non_vpn,non_vpn,0.0,VOIP
non_vpn,non_vpn,0.0,VOIP
non_vpn,non_vpn,0.0,VOIP
non_vpn,non_vpn,0.0,VOIP
non_vpn,non_vpn,0.0,VOIP
non_vpn,non_vpn,0.0,VOIP
non_vpn,non_vpn,0.0,VOIP
non_vpn,non_vpn,0.0,VOIP
non_vpn,non_vpn,0.0,VOIP
non_vpn,non_vpn,0.0,VOIP
non_vpn,non_vpn,0.0025,VOIP
non_vpn,non_vpn,0.0,VOIP
non_vpn,non_vpn,0.0,VOIP
non_vpn,non_vpn,0.0,VOIP
non_vpn,non_vpn,0.0,VOIP
non_vpn,non_vpn,0.0018242797844182606,VOIP
non_vpn,non_vpn,0.004051584629894455,VOIP
non_vpn,non_vpn,0.010345977711194004,VOIP
non_vpn,non_vpn,0.0012397061302243534,VOIP
non_vpn,non_vpn,0.00439840161198318,VOIP
non_vpn,non_vpn,0.18229043330689365,VOIP
non_vpn,vpn,0.5978400430264385,VOIP
non_vpn,non_vpn,0.002900267534783294,VOIP
non_vpn,non_vpn,0.2696896500047773,VOIP
non_vpn,non_vpn,0.010316837588455727,VOIP
non_vpn,non_vpn,0.01808519327837973,VOIP
non_vpn,non_vpn,0.16752441865105935,VOIP
non_vpn,non_vpn,0.02723491214574341,VOIP
non_vpn,non_vpn,0.043428806507643275,VOIP
non_vpn,non_vpn,0.02390046358129264,VOIP
non_vpn,non_vpn,0.007191879791486086,VOIP
non_vpn,non_vpn,0.007792767985010776,VOIP
non_vpn,non_vpn,0.011505963379575837,VOIP
non_vpn,non_vpn,0.002024779920622261,VOIP
non_vpn,non_vpn,0.02530777315565865,VOIP
non_vpn,vpn,0.5668187427250155,VOIP
non_vpn,non_vpn,0.017009278579308604,VOIP
non_vpn,non_vpn,0.0012397061302243534,VOIP
non_vpn,non_vpn,0.002024779920622261,VOIP
non_vpn,non_vpn,0.005109353574816169,VOIP
non_vpn,non_vpn,0.023998326240877704,VOIP
non_vpn,non_vpn,0.008941405499954164,VOIP
non_vpn,non_vpn,0.23315440235735246,VOIP
non_vpn,non_vpn,0.00323191134063056,VOIP
non_vpn,non_vpn,4.479569519449839e-05,VOIP
non_vpn,non_vpn,0.004004764146050024,VOIP
non_vpn,non_vpn,0.0014580227639344073,VOIP
non_vpn,non_vpn,4.479569519449839e-05,VOIP
non_vpn,non_vpn,0.2142636704051173,VOIP
non_vpn,non_vpn,0.07502685603071234,VOIP
non_vpn,non_vpn,0.18042353912584747,VOIP
non_vpn,non_vpn,0.1333829933206061,VOIP
non_vpn,non_vpn,0.04139955412989162,VOIP
non_vpn,non_vpn,0.009751430533759833,VOIP
non_vpn,non_vpn,0.0,VOIP
non_vpn,non_vpn,0.012811878499670103,VOIP
non_vpn,non_vpn,0.0032850737903979076,VOIP
non_vpn,non_vpn,0.0032850737903979076,VOIP
non_vpn,non_vpn,0.04119501262775582,VOIP
non_vpn,non_vpn,0.001194910435029855,VOIP
non_vpn,non_vpn,0.001832751853467074,VOIP
non_vpn,non_vpn,0.0,VOIP
non_vpn,non_vpn,0.0075,VOIP
non_vpn,non_vpn,0.001194910435029855,VOIP
non_vpn,non_vpn,0.0,VOIP
non_vpn,non_vpn,0.0,VOIP
non_vpn,non_vpn,0.006555058938398374,VOIP
non_vpn,non_vpn,0.0,VOIP
non_vpn,non_vpn,0.0,VOIP
non_vpn,non_vpn,0.13802973798611679,VOIP
non_vpn,non_vpn,0.0016605614045589409,VOIP
non_vpn,non_vpn,0.0007850737903979077,VOIP
non_vpn,non_vpn,0.0,VOIP
non_vpn,non_vpn,0.0,VOIP
non_vpn,non_vpn,0.0,VOIP
non_vpn,non_vpn,0.0,VOIP
non_vpn,non_vpn,0.0,VOIP
non_vpn,non_vpn,0.0003869349047049074,VOIP
non_vpn,non_vpn,0.0,VOIP
non_vpn,non_vpn,0.0020039029693451537,VOIP
non_vpn,non_vpn,0.001832751853467074,VOIP
non_vpn,non_vpn,0.0,VOIP
non_vpn,non_vpn,0.004332751853467074,VOIP
non_vpn,non_vpn,0.0,VOIP
non_vpn,non_vpn,0.001194910435029855,VOIP
non_vpn,non_vpn,0.016459968450855525,VOIP
non_vpn,non_vpn,0.005,VOIP
non_vpn,non_vpn,0.0,VOIP
non_vpn,non_vpn,0.0,VOIP
non_vpn,non_vpn,0.0,VOIP
non_vpn,non_vpn,0.102129770039845,VOIP
non_vpn,non_vpn,0.0016169680646402462,VOIP
non_vpn,non_vpn,0.006194910435029855,VOIP
non_vpn,non_vpn,0.001194910435029855,VOIP
non_vpn,non_vpn,0.0025,VOIP
non_vpn,non_vpn,0.0037319655482839303,VOIP
non_vpn,non_vpn,0.011934349259338544,VOIP
non_vpn,non_vpn,0.001194910435029855,VOIP
non_vpn,non_vpn,0.010730708985354758,VOIP
non_vpn,non_vpn,0.0,VOIP
non_vpn,non_vpn,0.021202556948954548,VOIP
non_vpn,non_vpn,0.0,VOIP
non_vpn,non_vpn,0.00238982087005971,VOIP
non_vpn,non_vpn,0.022062592394739587,VOIP
non_vpn,non_vpn,0.006194910435029855,VOIP
non_vpn,non_vpn,0.0,VOIP
non_vpn,non_vpn,0.04090686530485603,VOIP
non_vpn,non_vpn,0.0,VOIP
non_vpn,non_vpn,0.011502214463646203,VOIP
non_vpn,non_vpn,0.003836464587787765,VOIP
non_vpn,non_vpn,0.0,VOIP
non_vpn,non_vpn,0.0,VOIP
non_vpn,non_vpn,0.0025,VOIP
non_vpn,non_vpn,0.042464791900673406,VOIP
non_vpn,non_vpn,0.004791862725097864,VOIP
non_vpn,non_vpn,0.04799639212628264,VOIP
non_vpn,non_vpn,0.0,VOIP
non_vpn,non_vpn,0.005364215394313327,VOIP
non_vpn,non_vpn,0.009860414141964003,VOIP
non_vpn,non_vpn,0.04667388880556378,VOIP
non_vpn,non_vpn,0.014534451223196885,VOIP
non_vpn,non_vpn,0.001194910435029855,VOIP
non_vpn,non_vpn,0.011696701788380743,VOIP
non_vpn,non_vpn,0.0,VOIP
non_vpn,non_vpn,0.0,VOIP
non_vpn,non_vpn,0.0,VOIP
non_vpn,non_vpn,0.0,VOIP
non_vpn,non_vpn,0.0,VOIP
non_vpn,non_vpn,0.001194910435029855,VOIP
non_vpn,non_vpn,0.0,VOIP
non_vpn,non_vpn,0.01681544029044432,VOIP
non_vpn,non_vpn,0.0,VOIP
non_vpn,non_vpn,0.001194910435029855,VOIP
non_vpn,non_vpn,0.033969951662516526,VOIP
non_vpn,non_vpn,0.013174894660457617,VOIP
non_vpn,non_vpn,0.15493586931513031,VOIP
non_vpn,non_vpn,0.15604312989558702,VOIP
non_vpn,non_vpn,0.1445983651668187,VOIP
non_vpn,non_vpn,0.0,VOIP
non_vpn,non_vpn,0.0,VOIP
non_vpn,non_vpn,0.0,VOIP
non_vpn,non_vpn,0.0,VOIP
non_vpn,non_vpn,0.0,VOIP
non_vpn,non_vpn,0.0,VOIP
non_vpn,non_vpn,0.0,VOIP
non_vpn,non_vpn,0.0,VOIP
non_vpn,non_vpn,0.0,VOIP
non_vpn,non_vpn,0.0,VOIP
non_vpn,non_vpn,0.0,VOIP
non_vpn,non_vpn,0.001194910435029855,VOIP
non_vpn,non_vpn,0.0,VOIP
non_vpn,non_vpn,0.0,VOIP
non_vpn,non_vpn,0.0,VOIP
non_vpn,non_vpn,0.0,VOIP
non_vpn,non_vpn,0.0016169680646402462,VOIP
non_vpn,non_vpn,0.0,VOIP
non_vpn,non_vpn,0.0,VOIP
non_vpn,non_vpn,0.0,VOIP
non_vpn,non_vpn,0.0,VOIP
non_vpn,non_vpn,0.0,VOIP
non_vpn,non_vpn,0.0,VOIP
non_vpn,non_vpn,0.0,VOIP
non_vpn,non_vpn,0.0,VOIP
non_vpn,non_vpn,0.0,VOIP
non_vpn,non_vpn,0.0,VOIP
non_vpn,non_vpn,0.001194910435029855,VOIP
non_vpn,non_vpn,0.0,VOIP
non_vpn,non_vpn,0.0,VOIP
non_vpn,non_vpn,0.0020518015818767697,VOIP
non_vpn,non_vpn,0.001194910435029855,VOIP
non_vpn,non_vpn,0.0,VOIP
non_vpn,non_vpn,0.0,VOIP
non_vpn,non_vpn,0.0,VOIP
non_vpn,non_vpn,0.0016169680646402462,VOIP
non_vpn,non_vpn,0.0,VOIP
non_vpn,non_vpn,0.0020518015818767697,VOIP
non_vpn,non_vpn,0.0020518015818767697,VOIP
non_vpn,non_vpn,0.0,VOIP
non_vpn,non_vpn,0.0020518015818767697,VOIP
non_vpn,non_vpn,0.0,VOIP
non_vpn,non_vpn,0.0,VOIP
non_vpn,non_vpn,0.006513331700475622,VOIP
non_vpn,non_vpn,0.0,VOIP
non_vpn,non_vpn,0.0,VOIP
non_vpn,non_vpn,0.0,VOIP
non_vpn,non_vpn,0.0,VOIP
non_vpn,non_vpn,0.0,VOIP
non_vpn,non_vpn,0.0,VOIP
non_vpn,non_vpn,0.0024020418550381537,VOIP
non_vpn,non_vpn,0.0,VOIP
non_vpn,non_vpn,0.0,VOIP
non_vpn,non_vpn,0.0,VOIP
non_vpn,non_vpn,0.0,VOIP
non_vpn,non_vpn,0.0,VOIP
non_vpn,non_vpn,0.0,VOIP
non_vpn,non_vpn,0.0,VOIP
non_vpn,non_vpn,0.006194910435029855,VOIP
non_vpn,non_vpn,0.001832751853467074,VOIP
non_vpn,non_vpn,0.005058215913698753,VOIP
non_vpn,non_vpn,0.008801865088921779,VOIP
non_vpn,non_vpn,0.009856406888948933,VOIP
non_vpn,non_vpn,0.014031775761761829,VOIP
non_vpn,non_vpn,0.0016169680646402462,VOIP
non_vpn,non_vpn,0.10901302791567438,VOIP
non_vpn,non_vpn,0.004161763759834744,VOIP
non_vpn,non_vpn,0.001194910435029855,VOIP
non_vpn,non_vpn,0.0,VOIP
non_vpn,non_vpn,0.008316448813215528,VOIP
non_vpn,non_vpn,0.001194910435029855,VOIP
non_vpn,non_vpn,0.005588634274434718,VOIP
non_vpn,non_vpn,0.0,VOIP
non_vpn,non_vpn,0.0,VOIP
non_vpn,non_vpn,0.07303130154940654,VOIP
non_vpn,non_vpn,0.0,VOIP
non_vpn,non_vpn,0.0,VOIP
non_vpn,non_vpn,0.0,VOIP
non_vpn,non_vpn,0.0,VOIP
non_vpn,non_vpn,0.0,VOIP
non_vpn,non_vpn,0.001194910435029855,VOIP
non_vpn,non_vpn,0.0,VOIP
non_vpn,non_vpn,0.0,VOIP
non_vpn,non_vpn,0.0,VOIP
non_vpn,non_vpn,0.0,VOIP
non_vpn,non_vpn,0.0,VOIP
non_vpn,non_vpn,0.0,VOIP
non_vpn,non_vpn,0.0,VOIP
non_vpn,non_vpn,0.0,VOIP
non_vpn,non_vpn,0.001194910435029855,VOIP
non_vpn,non_vpn,0.0,VOIP
non_vpn,non_vpn,0.0,VOIP
non_vpn,non_vpn,0.0,VOIP
non_vpn,non_vpn,0.26246742247283655,VOIP
non_vpn,non_vpn,0.0,VOIP
non_vpn,non_vpn,0.0,VOIP
non_vpn,non_vpn,0.0,VOIP
non_vpn,non_vpn,0.0,VOIP
non_vpn,non_vpn,0.001194910435029855,VOIP
non_vpn,non_vpn,0.0,VOIP
non_vpn,non_vpn,0.0,VOIP
non_vpn,non_vpn,0.0,VOIP
non_vpn,non_vpn,0.0007850737903979077,VOIP
non_vpn,non_vpn,0.0007850737903979077,VOIP
non_vpn,non_vpn,0.0,VOIP
non_vpn,non_vpn,0.0,VOIP
non_vpn,non_vpn,0.011539782551558821,VOIP
non_vpn,non_vpn,0.0,VOIP
non_vpn,non_vpn,0.0,VOIP
non_vpn,non_vpn,0.06381637533980446,VOIP
non_vpn,non_vpn,0.0,VOIP
non_vpn,non_vpn,0.0,VOIP
non_vpn,non_vpn,0.0,VOIP
non_vpn,non_vpn,0.0,VOIP
non_vpn,non_vpn,0.0,VOIP
non_vpn,non_vpn,0.001194910435029855,VOIP
non_vpn,non_vpn,0.0,VOIP
non_vpn,non_vpn,0.0,VOIP
non_vpn,non_vpn,0.0,VOIP
non_vpn,non_vpn,0.0,VOIP
non_vpn,non_vpn,0.0,VOIP
non_vpn,non_vpn,0.0,VOIP
non_vpn,non_vpn,0.0016169680646402462,VOIP
non_vpn,non_vpn,0.0,VOIP
non_vpn,non_vpn,0.001194910435029855,VOIP
non_vpn,non_vpn,0.0,VOIP
non_vpn,non_vpn,0.0,VOIP
non_vpn,non_vpn,0.0,VOIP
non_vpn,non_vpn,0.0,VOIP
non_vpn,non_vpn,0.0,VOIP
non_vpn,non_vpn,0.0016169680646402462,VOIP
non_vpn,non_vpn,0.0,VOIP
non_vpn,non_vpn,0.0,VOIP
non_vpn,non_vpn,0.0,VOIP
non_vpn,non_vpn,0.0,VOIP
non_vpn,non_vpn,0.0,VOIP
non_vpn,non_vpn,0.001194910435029855,VOIP
non_vpn,non_vpn,0.0,VOIP
non_vpn,non_vpn,0.0,VOIP
non_vpn,non_vpn,0.0,VOIP
non_vpn,non_vpn,0.0,VOIP
non_vpn,non_vpn,0.0,VOIP
non_vpn,non_vpn,0.0,VOIP
non_vpn,non_vpn,0.0,VOIP
non_vpn,non_vpn,0.0,VOIP
non_vpn,non_vpn,0.0,VOIP
non_vpn,non_vpn,0.0,VOIP
non_vpn,non_vpn,0.0048898208700597105,VOIP
non_vpn,non_vpn,0.001194910435029855,VOIP
non_vpn,non_vpn,0.0025,VOIP
non_vpn,non_vpn,0.0,VOIP
non_vpn,non_vpn,0.0,VOIP
non_vpn,non_vpn,0.0,VOIP
non_vpn,non_vpn,0.0,VOIP
non_vpn,non_vpn,0.0,VOIP
non_vpn,non_vpn,0.0,VOIP
non_vpn,non_vpn,0.0016169680646402462,VOIP
non_vpn,non_vpn,0.0,VOIP
non_vpn,non_vpn,0.0,VOIP
non_vpn,non_vpn,0.0,VOIP
non_vpn,non_vpn,0.0,VOIP
non_vpn,non_vpn,0.0,VOIP
non_vpn,non_vpn,0.0,VOIP
non_vpn,non_vpn,0.0,VOIP
non_vpn,non_vpn,0.0,VOIP
non_vpn,non_vpn,0.0,VOIP
non_vpn,non_vpn,0.0,VOIP
non_vpn,non_vpn,0.0,VOIP
non_vpn,non_vpn,0.01266719268836324,VOIP
non_vpn,non_vpn,0.0,VOIP
non_vpn,non_vpn,0.0,VOIP
non_vpn,non_vpn,0.0,VOIP
non_vpn,non_vpn,0.0016169680646402462,VOIP
non_vpn,non_vpn,0.0,VOIP
non_vpn,non_vpn,0.0,VOIP
non_vpn,non_vpn,0.0,VOIP
non_vpn,non_vpn,0.0,VOIP
non_vpn,non_vpn,0.0007850737903979077,VOIP
non_vpn,non_vpn,0.0,VOIP
non_vpn,non_vpn,0.0,VOIP
non_vpn,non_vpn,0.0,VOIP
non_vpn,non_vpn,0.0,VOIP
non_vpn,non_vpn,0.0,VOIP
non_vpn,non_vpn,0.0020826190341693323,VOIP
non_vpn,non_vpn,0.0,VOIP
non_vpn,non_vpn,0.0,VOIP
non_vpn,non_vpn,0.02001804627169936,VOIP
non_vpn,non_vpn,0.05472638804162031,VOIP
non_vpn,non_vpn,0.310335894521536,VOIP
non_vpn,non_vpn,0.011176536615510635,VOIP
non_vpn,non_vpn,0.017046496684000746,VOIP
non_vpn,non_vpn,0.001194910435029855,VOIP
non_vpn,non_vpn,0.001194910435029855,VOIP
non_vpn,non_vpn,0.000829869485592406,VOIP
non_vpn,non_vpn,0.01272728996262789,VOIP
non_vpn,non_vpn,0.004442105428283242,VOIP
non_vpn,non_vpn,0.0024020418550381537,VOIP
non_vpn,non_vpn,0.025070275090273215,VOIP
non_vpn,non_vpn,0.04141423575968978,VOIP
non_vpn,non_vpn,0.0016169680646402462,VOIP
non_vpn,non_vpn,0.020367624007512006,VOIP
non_vpn,non_vpn,0.0076324864759678675,VOIP
non_vpn,non_vpn,0.007301535695386878,VOIP
non_vpn,non_vpn,0.004051584629894455,VOIP
non_vpn,non_vpn,0.0016617637598347445,VOIP
non_vpn,non_vpn,0.0024346165652542086,VOIP
non_vpn,non_vpn,0.002031217371921962,VOIP
non_vpn,non_vpn,0.0019399478936161444,VOIP
non_vpn,non_vpn,0.38567119788790455,VOIP
non_vpn,non_vpn,0.49074092781518475,VOIP
non_vpn,non_vpn,0.005356674194864599,VOIP
non_vpn,non_vpn,0.004836658420292362,VOIP
non_vpn,non_vpn,0.007336658420292361,VOIP
non_vpn,non_vpn,0.006616142509516126,VOIP
non_vpn,non_vpn,0.009824437435313917,VOIP
non_vpn,non_vpn,0.0012397061302243531,VOIP
non_vpn,non_vpn,0.33119853514586495,VOIP
non_vpn,non_vpn,0.002544795695194498,VOIP
non_vpn,non_vpn,0.002934787888039708,VOIP
non_vpn,non_vpn,0.003174894660457618,VOIP
non_vpn,non_vpn,0.006194910435029855,VOIP
non_vpn,non_vpn,0.03702855125491394,VOIP
non_vpn,non_vpn,0.013328844304496433,VOIP
non_vpn,non_vpn,0.003174894660457618,VOIP
non_vpn,non_vpn,0.0025,VOIP
non_vpn,non_vpn,0.008796536900196045,VOIP
non_vpn,non_vpn,0.010474394524253618,VOIP
non_vpn,non_vpn,0.021577794094720507,VOIP
non_vpn,non_vpn,0.0515486612926343,VOIP
non_vpn,non_vpn,0.010972098482736774,VOIP
non_vpn,non_vpn,0.004991447335225901,VOIP
non_vpn,non_vpn,0.018229361658226736,VOIP
non_vpn,non_vpn,0.017668299104389634,VOIP
non_vpn,non_vpn,0.025664844373938706,VOIP
non_vpn,non_vpn,0.008246712016906625,VOIP
non_vpn,non_vpn,0.002811878499670101,VOIP
non_vpn,non_vpn,0.0,VOIP
non_vpn,non_vpn,0.00454566690511236,VOIP
non_vpn,non_vpn,0.0016169680646402462,VOIP
non_vpn,non_vpn,0.0,VOIP
non_vpn,non_vpn,0.003158695481758827,VOIP
non_vpn,non_vpn,0.000829869485592406,VOIP
non_vpn,non_vpn,0.009135877262402094,VOIP
non_vpn,non_vpn,0.00780417549181739,VOIP
non_vpn,non_vpn,0.0014914394129225534,VOIP
non_vpn,non_vpn,0.00427176736560045,VOIP
non_vpn,non_vpn,0.001194910435029855,VOIP
non_vpn,non_vpn,0.0005845736541939074,VOIP
non_vpn,non_vpn,0.008243609099569506,VOIP
non_vpn,non_vpn,0.0016617637598347445,VOIP
non_vpn,non_vpn,0.0028566741948645997,VOIP
non_vpn,non_vpn,0.0,VOIP
non_vpn,non_vpn,0.0,VOIP
non_vpn,non_vpn,0.035143207038517504,VOIP
non_vpn,non_vpn,0.27249660330904346,VOIP
non_vpn,non_vpn,0.02702434716074972,VOIP
non_vpn,non_vpn,0.008331068719118217,VOIP
non_vpn,non_vpn,0.012065162499294367,VOIP
non_vpn,non_vpn,0.08240140070947445,VOIP
non_vpn,non_vpn,0.003219690355652116,VOIP
non_vpn,non_vpn,0.005791462082904308,VOIP
non_vpn,non_vpn,0.027473090219892197,VOIP
non_vpn,non_vpn,0.06508082568948007,VOIP
non_vpn,non_vpn,0.01294819443465412,VOIP
non_vpn,non_vpn,0.09044971998068696,VOIP
non_vpn,non_vpn,0.01215591530661013,VOIP
non_vpn,non_vpn,0.07057445994145625,VOIP
non_vpn,non_vpn,0.024584533597526836,VOIP
non_vpn,non_vpn,0.0024346165652542086,VOIP
non_vpn,vpn,0.7617146056052607,VOIP
vpn,vpn,0.7642713390328316,CHAT
vpn,vpn,0.7428174311110586,CHAT
vpn,non_vpn,0.4528754171371464,CHAT
vpn,vpn,0.7369752044825995,CHAT
vpn,vpn,0.8614433579631056,CHAT
vpn,vpn,0.8523041952539151,CHAT
vpn,non_vpn,0.3756764143401522,CHAT
vpn,vpn,0.8181965903856547,CHAT
vpn,non_vpn,0.27728768380821567,CHAT
vpn,vpn,0.8030519247328651,CHAT
vpn,vpn,0.8347115897859484,CHAT
vpn,vpn,0.9310063640115765,CHAT
vpn,vpn,0.8136434236091771,CHAT
vpn,vpn,0.549791126417135,CHAT
vpn,vpn,0.6768852239848642,CHAT
vpn,vpn,0.7810151394253834,CHAT
vpn,vpn,0.7874372422481697,CHAT
vpn,vpn,0.9039007842378837,CHAT
vpn,vpn,0.9112789407735756,CHAT
vpn,vpn,0.9942347937085052,CHAT
vpn,vpn,0.9595500430083616,CHAT
vpn,vpn,0.9613321418280956,CHAT
vpn,vpn,0.9670893346784939,CHAT
vpn,vpn,0.9827849255147288,CHAT
vpn,vpn,1.0,CHAT
vpn,vpn,0.9943536059167886,CHAT
vpn,vpn,0.9959475760992109,CHAT
vpn,vpn,1.0,CHAT
vpn,vpn,0.7572933335611305,CHAT
vpn,vpn,0.996400099027179,CHAT
vpn,vpn,0.9872843184038991,CHAT
vpn,vpn,0.9858765940301873,CHAT
vpn,vpn,1.0,CHAT
vpn,vpn,1.0,CHAT
vpn,vpn,0.9889677077822797,CHAT
vpn,vpn,0.9278320125107516,CHAT
vpn,vpn,0.9583752822487287,CHAT
vpn,vpn,0.8325766329604264,CHAT
vpn,vpn,0.9675751198814937,CHAT
vpn,vpn,0.8809337606927816,CHAT
vpn,vpn,0.8745808769722723,CHAT
vpn,vpn,0.8331303420760235,CHAT
vpn,vpn,0.7975140431822322,CHAT
vpn,vpn,0.8580610225670279,CHAT
vpn,vpn,0.9728285013056991,CHAT
vpn,vpn,0.8409219495559468,CHAT
vpn,vpn,0.758876479858037,CHAT
vpn,non_vpn,0.23719293058351204,CHAT
vpn,vpn,0.7328409206566535,CHAT
vpn,vpn,0.8640613118257434,CHAT
vpn,vpn,0.9256701598174227,CHAT
vpn,vpn,0.6204225045645668,CHAT
vpn,vpn,0.7669088307883125,CHAT
vpn,vpn,0.9471630247050068,CHAT
vpn,vpn,0.8492810382022351,CHAT
vpn,vpn,0.8905402140668381,CHAT
vpn,vpn,0.693396949137636,CHAT
vpn,vpn,0.800904999110494,CHAT
vpn,vpn,0.6558985905122937,CHAT
vpn,vpn,0.9416419671406553,CHAT
vpn,vpn,0.8139197851320025,CHAT
vpn,vpn,0.9479123311976904,CHAT
vpn,vpn,0.9138449071440269,CHAT
vpn,non_vpn,0.18319801471503314,CHAT
vpn,vpn,0.7140673479807786,CHAT
vpn,vpn,0.8466953100265603,CHAT
vpn,vpn,0.6682882613392134,CHAT
vpn,vpn,0.9666257730295463,CHAT
vpn,vpn,0.8773816252953651,CHAT
vpn,vpn,0.8310648504724917,CHAT
vpn,vpn,0.9432982746173394,CHAT
vpn,non_vpn,0.3299727047085762,CHAT
vpn,vpn,0.8785432550674644,CHAT
vpn,vpn,0.8631189179943819,CHAT
vpn,vpn,0.7346834464211162,CHAT
vpn,vpn,0.6565485486299631,CHAT
vpn,vpn,0.9281673044891245,CHAT
vpn,vpn,0.9134574074310997,CHAT
vpn,vpn,0.924224595736322,CHAT
vpn,vpn,0.8137372068221144,CHAT
vpn,vpn,0.8607541665506804,CHAT
vpn,vpn,0.8986371967417753,CHAT
vpn,vpn,0.8565361082325645,CHAT
vpn,vpn,0.8088985467475243,CHAT
vpn,vpn,0.9780750557384568,CHAT
vpn,vpn,0.5400734030370019,CHAT
vpn,vpn,0.5886662525852076,CHAT
vpn,vpn,0.5886662525852076,CHAT
vpn,vpn,0.5886662525852076,CHAT
vpn,vpn,0.5886662525852076,CHAT
vpn,vpn,0.5886662525852076,CHAT
vpn,vpn,0.5886662525852076,CHAT
vpn,vpn,0.8129960867346171,CHAT
vpn,vpn,0.5886662525852076,CHAT
vpn,vpn,0.5886662525852076,CHAT
vpn,vpn,0.9020754645785098,CHAT
vpn,vpn,0.9196437511630235,CHAT
vpn,vpn,0.9921446303531372,CHAT
vpn,vpn,0.9690246087569977,CHAT
vpn,vpn,0.9403188701882287,CHAT
vpn,vpn,0.9556195224194738,CHAT
vpn,vpn,0.9991169680646402,CHAT
vpn,vpn,0.9013340776025752,CHAT
vpn,vpn,1.0,CHAT
vpn,vpn,0.9619269425659076,CHAT
vpn,vpn,0.9967794840892238,CHAT
vpn,vpn,0.8730961632795744,CHAT
vpn,vpn,0.9986949104350299,CHAT
vpn,vpn,0.8970593562064785,CHAT
vpn,vpn,1.0,CHAT
vpn,vpn,0.9978118784996701,CHAT
vpn,vpn,1.0,CHAT
vpn,vpn,0.9830075717652796,CHAT
vpn,vpn,0.9595859033821652,CHAT
vpn,vpn,0.9943650587367361,CHAT
vpn,vpn,0.9871816835951577,CHAT
vpn,vpn,0.5923055741893115,CHAT
vpn,vpn,0.9529723197500202,CHAT
vpn,vpn,0.7737428067136877,CHAT
vpn,vpn,0.7038542817616781,CHAT
vpn,vpn,0.8682707600039794,CHAT
vpn,vpn,0.6109512896752114,CHAT
vpn,vpn,0.5032180212195201,CHAT
vpn,vpn,0.8827333367427282,CHAT
vpn,vpn,0.874087548722242,CHAT
vpn,vpn,0.8129708922115502,CHAT
vpn,vpn,0.8041575911056101,CHAT
vpn,vpn,0.8153674547385112,CHAT
vpn,vpn,0.8318587261382742,CHAT
vpn,non_vpn,0.039358513042233166,CHAT
vpn,vpn,0.5886662525852076,CHAT
vpn,vpn,0.5886662525852076,CHAT
vpn,vpn,0.9016105942804554,CHAT
vpn,vpn,0.8797874940828813,CHAT
vpn,vpn,0.5122316419806615,CHAT
vpn,vpn,0.8643990259442016,CHAT
vpn,vpn,0.754277404423473,CHAT
vpn,vpn,0.8868028640144786,CHAT
vpn,vpn,0.7621704217810746,CHAT
vpn,vpn,0.8866381370627888,CHAT
vpn,vpn,0.8615058869347068,CHAT
vpn,vpn,0.9369930938722365,CHAT
vpn,non_vpn,0.29068571630623563,CHAT
vpn,vpn,0.9251649933511008,CHAT
vpn,vpn,0.6796226363188599,CHAT
vpn,vpn,0.8812999819466216,CHAT
vpn,vpn,0.6167862164172968,CHAT
vpn,vpn,0.6560562753576542,CHAT
vpn,vpn,0.8847125990354878,CHAT
vpn,non_vpn,0.48292586205063065,CHAT
vpn,vpn,0.8436103864388813,CHAT
vpn,vpn,0.633856863395184,CHAT
vpn,vpn,0.8100047965080556,CHAT
vpn,non_vpn,0.4494405441065195,CHAT
vpn,vpn,0.9288030375835926,CHAT
vpn,non_vpn,0.48982257528003637,CHAT
vpn,vpn,0.986214777933933,CHAT
vpn,vpn,0.781598189543148,CHAT
vpn,vpn,0.6689324833609055,CHAT
vpn,vpn,0.7594003854066904,CHAT
vpn,vpn,0.6894423885937592,CHAT
vpn,vpn,0.8991653830396131,CHAT
vpn,vpn,0.6772288092154303,CHAT
vpn,vpn,0.7941704603796836,CHAT
vpn,vpn,0.9072598563426821,CHAT
vpn,vpn,0.8725931957103223,CHAT
vpn,vpn,0.9999706286585641,CHAT
vpn,vpn,0.7360199514906088,CHAT
vpn,vpn,0.7987669935027576,CHAT
vpn,vpn,0.6750296467268814,CHAT
vpn,vpn,0.6274528107387792,CHAT
vpn,vpn,0.807031375457922,CHAT
vpn,vpn,0.8669656449867865,CHAT
vpn,vpn,0.9172132254120839,CHAT
vpn,vpn,0.8254116893395819,CHAT
vpn,vpn,0.7175841307003147,CHAT
vpn,vpn,0.6771871978199385,CHAT
vpn,vpn,0.9241917654919749,CHAT
vpn,vpn,0.7677258970011214,CHAT
vpn,vpn,0.8897290361398504,CHAT
vpn,vpn,0.6338322517223085,CHAT
vpn,vpn,0.6472923163678947,CHAT
vpn,vpn,0.860794728055168,CHAT
vpn,vpn,0.8483072793539556,CHAT
vpn,vpn,0.8804157283850228,CHAT
vpn,vpn,0.9007127673370872,CHAT
vpn,vpn,0.7661899835645924,CHAT
vpn,non_vpn,0.41093707607697605,CHAT
vpn,vpn,0.9328944762329721,CHAT
vpn,vpn,0.9209411714041894,CHAT
vpn,vpn,0.9966582895351326,CHAT
vpn,vpn,0.8275749639022866,CHAT
vpn,vpn,0.9304814430198707,CHAT
vpn,vpn,0.85356243418519,CHAT
vpn,vpn,0.9997294429708222,CHAT
vpn,vpn,0.7656749644515485,CHAT
vpn,vpn,0.818346681208271,CHAT
vpn,vpn,0.9593641888346544,CHAT
vpn,vpn,0.9872091882327589,CHAT
vpn,vpn,0.7968392974933971,CHAT
vpn,vpn,0.7842843035473643,CHAT
vpn,vpn,0.9165109222588242,CHAT
vpn,vpn,0.8194178938167341,CHAT
vpn,vpn,0.9393067795783065,CHAT
vpn,vpn,0.7336226586754359,CHAT
vpn,vpn,0.8130324081212527,CHAT
vpn,vpn,0.7194917773133467,CHAT
vpn,vpn,0.9001641762556711,CHAT
vpn,vpn,0.5886662525852076,CHAT
vpn,vpn,0.93955205023213,CHAT
vpn,vpn,0.9905251244739927,CHAT
vpn,vpn,0.5930413509059594,CHAT
vpn,vpn,0.9098752624401277,CHAT
vpn,vpn,0.880551285362063,CHAT
vpn,vpn,0.748825355519889,CHAT
vpn,vpn,0.7465040775626731,CHAT
vpn,vpn,0.6693113300205021,CHAT
vpn,vpn,0.7724108830491123,CHAT
vpn,vpn,0.6104612630110963,CHAT
vpn,vpn,0.8707877934558277,CHAT
vpn,vpn,0.8160697654204776,CHAT
vpn,vpn,0.9302388719827935,CHAT
vpn,vpn,0.8478454911092416,CHAT
vpn,vpn,0.7496149188588599,CHAT
vpn,vpn,0.8932101435673675,CHAT
vpn,vpn,0.8357931564105852,CHAT
vpn,vpn,0.8086794594271633,CHAT
vpn,vpn,0.7580593128316397,CHAT
vpn,vpn,0.9111256609114949,CHAT
vpn,vpn,0.9464616115285374,CHAT
vpn,vpn,0.8148830178734735,CHAT
vpn,vpn,0.8402204431112303,CHAT
vpn,vpn,0.9490687940052154,CHAT
vpn,vpn,0.9624346228187306,CHAT
vpn,vpn,0.8360699631067382,CHAT
vpn,vpn,0.8831267698615041,CHAT
vpn,vpn,0.7192668036464592,CHAT
vpn,vpn,0.8928644906641552,CHAT
vpn,vpn,0.7869534667520529,CHAT
vpn,vpn,0.9427978337392071,CHAT
vpn,vpn,0.9247249610932627,CHAT
vpn,vpn,0.9529618046022259,CHAT
vpn,vpn,0.9108400510584049,CHAT
vpn,vpn,0.9310063980028584,CHAT
vpn,vpn,0.9086335485241064,CHAT
vpn,vpn,0.8000900524330167,CHAT
vpn,vpn,0.9278990413287991,CHAT
vpn,vpn,0.8493031643699809,CHAT
vpn,vpn,0.9068027553700501,CHAT
vpn,vpn,0.6953534300349731,CHAT
vpn,vpn,0.8829238022673438,CHAT
vpn,vpn,0.8109953710566282,CHAT
vpn,vpn,0.8448585723976162,CHAT
vpn,vpn,0.8875761794561816,CHAT
vpn,vpn,0.9089416386473671,CHAT
vpn,non_vpn,0.4656785521104884,CHAT
vpn,vpn,0.8144458723252329,CHAT
vpn,vpn,0.8762874539512434,CHAT
vpn,non_vpn,0.09373862517783894,CHAT
vpn,non_vpn,0.3735555034368461,CHAT
vpn,vpn,0.8605773052952138,CHAT
vpn,vpn,0.7078278013046584,CHAT
vpn,vpn,0.7257417600320306,CHAT
vpn,vpn,0.8614296888911671,CHAT
vpn,vpn,0.6073478918440833,CHAT
vpn,vpn,0.8535534635906096,CHAT
vpn,vpn,0.5982686048145396,CHAT
vpn,vpn,0.8827266256527037,CHAT
vpn,non_vpn,0.03756688559593527,CHAT
vpn,vpn,0.7572933335611305,CHAT
vpn,vpn,0.7510087386143393,CHAT
vpn,non_vpn,0.4666123875632497,CHAT
vpn,vpn,0.9381066363262679,CHAT
vpn,vpn,0.8423233497334395,CHAT
vpn,vpn,0.8225339906618533,CHAT
vpn,vpn,0.958330261646438,CHAT
vpn,vpn,0.5201390823842462,CHAT
vpn,vpn,0.7835720127775467,CHAT
vpn,non_vpn,0.37579450791346375,CHAT
vpn,vpn,0.8793155233827618,CHAT
vpn,vpn,0.6758072316966157,CHAT
vpn,vpn,0.9601699120826528,CHAT
vpn,vpn,0.836639810373932,CHAT
vpn,vpn,0.7927775234120549,CHAT
vpn,vpn,0.8564852727344227,CHAT
vpn,vpn,0.9389399977792463,CHAT
vpn,vpn,0.7644318893459389,CHAT
vpn,vpn,0.9619224086591379,CHAT
vpn,vpn,0.9587750142967066,CHAT
vpn,vpn,0.8193887021490355,CHAT
vpn,vpn,0.9318319699945462,CHAT
vpn,vpn,0.944842466804969,CHAT
vpn,vpn,0.9233272110147042,CHAT
vpn,vpn,0.8939396688816167,CHAT
vpn,vpn,0.9286990297618425,CHAT
vpn,vpn,0.924923801249793,CHAT
vpn,non_vpn,0.3427126302407684,CHAT
vpn,non_vpn,0.32095053530353745,CHAT
vpn,vpn,0.8108852321190996,CHAT
vpn,non_vpn,0.4301934793055904,CHAT
vpn,vpn,0.8809932528009898,CHAT
vpn,non_vpn,0.2629368072322835,CHAT
vpn,vpn,0.6316181040676249,CHAT
vpn,vpn,0.6130133020087813,CHAT
vpn,vpn,0.7720918624186416,CHAT
vpn,vpn,0.8065215167474878,CHAT
vpn,vpn,0.6558094040553842,CHAT
vpn,non_vpn,0.36939450784365396,CHAT
vpn,non_vpn,0.47052760126426946,CHAT
vpn,non_vpn,0.3066253853712644,CHAT
vpn,vpn,0.9966394913293448,P2P
vpn,vpn,0.9568245086660875,P2P
vpn,vpn,0.8618040881245264,P2P
vpn,vpn,0.9810070931264933,P2P
vpn,vpn,0.8568755097102548,P2P
vpn,vpn,0.961424136307897,P2P
vpn,vpn,0.91161182956491,P2P
vpn,vpn,0.8987653656302877,P2P
vpn,vpn,0.9316394416213838,P2P
vpn,vpn,0.5886662525852076,P2P
vpn,vpn,0.9883214781753495,P2P
vpn,vpn,0.8257122873799889,P2P
vpn,vpn,0.8403212217168391,P2P
vpn,vpn,0.9733698463907804,P2P
vpn,vpn,0.5794971845689063,P2P
vpn,vpn,0.9681503262945739,P2P
vpn,vpn,0.9889254174155718,P2P
vpn,vpn,0.9813482364288726,P2P
vpn,vpn,0.9950245898550197,P2P
vpn,vpn,0.6727673687800859,P2P
vpn,vpn,0.9885252821248883,P2P
vpn,vpn,0.9660534805898127,P2P
vpn,vpn,0.9911840197186237,P2P
vpn,vpn,0.8790774994988803,P2P
vpn,vpn,0.9905593885235655,P2P
vpn,vpn,0.8432417928899693,P2P
vpn,vpn,0.8446626345481308,P2P
vpn,vpn,0.985309054748414,P2P
vpn,vpn,0.9924405508197987,P2P
vpn,vpn,0.9519628471780323,P2P
vpn,vpn,0.9521894881027494,P2P
vpn,vpn,0.9893455896459536,P2P
vpn,vpn,0.9839029471050715,P2P
vpn,vpn,0.7603405562772071,P2P
vpn,vpn,0.9211600937003678,P2P
vpn,vpn,0.7730137797066026,P2P
vpn,vpn,0.9948898208700598,P2P
vpn,vpn,0.8941314702713761,P2P
vpn,vpn,0.9821110667203616,P2P
vpn,vpn,0.9086753447200802,P2P
vpn,vpn,0.9869576447101174,P2P
vpn,vpn,0.8424419161796662,P2P
vpn,vpn,0.907597995005241,P2P
vpn,vpn,0.9978118784996701,P2P
vpn,vpn,0.9988712935223493,P2P
vpn,vpn,0.9861045988039927,P2P
vpn,non_vpn,0.11901422695696569,P2P
vpn,vpn,0.6344994668563695,P2P
vpn,vpn,0.8576503146889068,P2P
vpn,vpn,0.8207760003720126,P2P
vpn,vpn,0.9214059606820153,P2P
vpn,vpn,0.9531106994328168,P2P
vpn,vpn,0.9884233838487327,P2P
vpn,vpn,0.8144512580843571,P2P
vpn,vpn,0.9810097033266751,P2P
vpn,vpn,0.916832865310691,P2P
vpn,vpn,0.7471882870045071,P2P
vpn,vpn,0.9624632338723583,P2P
vpn,vpn,0.9652267656948469,P2P
vpn,vpn,0.9877151174017316,P2P
vpn,vpn,0.9190151875325623,P2P
vpn,vpn,0.9708777678149327,P2P
vpn,vpn,0.9703825584426506,P2P
vpn,vpn,0.8982047269369643,P2P
vpn,vpn,0.9906981763954659,P2P
vpn,vpn,0.9906981763954659,P2P
vpn,vpn,0.9614451811747898,P2P
vpn,vpn,0.8890673071785007,P2P
vpn,vpn,0.6437089386319655,P2P
vpn,vpn,0.987915619724438,P2P
vpn,vpn,0.7176219582083629,P2P
vpn,vpn,0.9610210568171803,P2P
vpn,vpn,0.8143149609262288,P2P
vpn,non_vpn,0.32296348054260426,P2P
vpn,vpn,0.8107969846344827,P2P
vpn,vpn,0.9371090793622483,P2P
vpn,non_vpn,0.4422824532984487,P2P
vpn,vpn,0.8028210925557346,P2P
vpn,vpn,0.9468764869105298,P2P
vpn,vpn,0.9359444852001431,P2P
vpn,vpn,0.8855868676343949,P2P
vpn,vpn,0.7498318930901035,P2P
vpn,vpn,0.9654228955314071,P2P
vpn,vpn,0.8405774478587428,P2P
vpn,vpn,0.9924405508197987,P2P
vpn,non_vpn,0.4839720344963992,P2P
vpn,vpn,0.9858508309035454,P2P
vpn,vpn,0.9700386708201798,P2P
vpn,vpn,0.6036472611757335,P2P
vpn,non_vpn,0.1794707615732093,P2P
vpn,vpn,0.9187419154221537,P2P
vpn,vpn,0.9083786919989493,P2P
vpn,vpn,0.9550069801268293,P2P
vpn,vpn,0.9924405508197987,P2P
vpn,vpn,0.9911354612548285,P2P
vpn,vpn,0.9523537166050398,P2P
vpn,vpn,0.9941906222974619,P2P
vpn,vpn,0.8368885950995167,P2P
vpn,vpn,0.7219186143428251,P2P
vpn,non_vpn,0.2694977179196434,P2P
vpn,vpn,0.9764780928556546,P2P
vpn,vpn,0.8824495496234463,P2P
vpn,vpn,0.9878255667485554,P2P
vpn,vpn,0.9392851045535434,P2P
vpn,vpn,0.9514176744073107,P2P
vpn,vpn,0.9964857188594857,P2P
vpn,vpn,0.9070937205536649,P2P
vpn,vpn,0.9781862575210246,P2P
vpn,vpn,0.9578082476144064,P2P
vpn,vpn,0.9924405508197987,P2P
vpn,vpn,0.9273271418148825,P2P
vpn,vpn,0.6921949395675759,P2P
vpn,vpn,0.8922677159768394,P2P
vpn,vpn,0.9988712935223493,P2P
vpn,vpn,0.9517673783309266,P2P
vpn,vpn,0.8177217510661599,P2P
vpn,vpn,0.9857552878975369,P2P
vpn,vpn,0.9340743390291845,P2P
vpn,vpn,0.9903629991022319,P2P
vpn,vpn,0.5886662525852076,P2P
vpn,vpn,0.7684257392719499,P2P
vpn,vpn,0.9783803578357684,P2P
vpn,vpn,0.9769886898793237,P2P
vpn,vpn,0.825311283846219,P2P
vpn,vpn,0.8093177646168008,P2P
vpn,vpn,0.6181445982115037,P2P
vpn,vpn,0.9927786747915144,P2P
vpn,vpn,0.5886662525852076,P2P
vpn,vpn,0.913449243256296,P2P
vpn,vpn,0.9797882452012894,P2P
vpn,vpn,0.5886662525852076,P2P
vpn,vpn,0.5886662525852076,P2P
vpn,vpn,0.8974920354972546,P2P
vpn,vpn,0.9986949104350299,P2P
vpn,vpn,0.9434354251725946,P2P
vpn,vpn,0.9159604128609815,P2P
vpn,vpn,0.9924405508197987,P2P
vpn,vpn,0.991105892401977,P2P
vpn,non_vpn,0.4052033209771008,P2P
vpn,vpn,0.974375370414242,P2P
vpn,vpn,0.9505587242269,P2P
vpn,vpn,0.9324254759801041,P2P
vpn,vpn,0.9961985787552341,P2P
vpn,non_vpn,0.44258199717303703,P2P
vpn,vpn,0.5886662525852076,P2P
vpn,vpn,0.5886662525852076,P2P
vpn,vpn,0.7281796865933018,P2P
vpn,vpn,0.7393298017870097,P2P
vpn,vpn,0.7718412433129377,P2P
vpn,vpn,0.7475950080785044,P2P
vpn,vpn,0.8084078241727869,P2P
vpn,vpn,0.9938921569935257,P2P
vpn,vpn,0.8028443937017354,P2P
vpn,vpn,0.5340705068190943,P2P
vpn,vpn,0.5886662525852076,P2P
vpn,vpn,0.5886662525852076,P2P
vpn,vpn,0.9865567240195063,P2P
vpn,vpn,0.8671144549525422,P2P
vpn,vpn,0.5886662525852076,P2P
vpn,vpn,0.5886662525852076,P2P
vpn,vpn,0.5886662525852076,P2P
vpn,vpn,0.5886662525852076,P2P
vpn,vpn,0.5886662525852076,P2P
vpn,vpn,0.5886662525852076,P2P
vpn,vpn,0.5886662525852076,P2P
vpn,vpn,0.5204276769610966,P2P
vpn,non_vpn,0.1403995826971227,P2P
vpn,vpn,0.9924405508197987,P2P
vpn,vpn,0.5886662525852076,P2P
vpn,non_vpn,0.24500162735461722,P2P
vpn,non_vpn,0.14823599222734077,P2P
vpn,vpn,0.5886662525852076,P2P
vpn,vpn,0.5886662525852076,P2P
vpn,vpn,0.5886662525852076,P2P
vpn,vpn,0.5886662525852076,P2P
vpn,vpn,0.5886662525852076,P2P
vpn,vpn,0.5886662525852076,P2P
vpn,vpn,0.5886662525852076,P2P
vpn,vpn,0.9924405508197987,P2P
vpn,vpn,0.5886662525852076,P2P
vpn,vpn,0.5886662525852076,P2P
vpn,vpn,0.5886662525852076,P2P
vpn,vpn,0.5886662525852076,P2P
vpn,vpn,0.5886662525852076,P2P
vpn,vpn,0.5886662525852076,P2P
vpn,vpn,0.5886662525852076,P2P
vpn,non_vpn,0.11360491942786814,P2P
vpn,vpn,0.5886662525852076,P2P
vpn,vpn,0.9924405508197987,P2P
vpn,vpn,0.5886662525852076,P2P
vpn,vpn,0.8179095348363663,P2P
vpn,non_vpn,0.3511281943523181,P2P
vpn,vpn,0.5886662525852076,P2P
vpn,non_vpn,0.4970827675102958,P2P
vpn,vpn,0.5886662525852076,P2P
vpn,vpn,0.5886662525852076,P2P
vpn,non_vpn,0.27455888029140463,P2P
vpn,vpn,0.5886662525852076,P2P
vpn,non_vpn,0.057325756280492614,P2P
vpn,vpn,0.5886662525852076,P2P
vpn,vpn,0.5886662525852076,P2P
vpn,vpn,0.9621664622312143,P2P
vpn,non_vpn,0.39771048155372696,P2P
vpn,non_vpn,0.39587114907999743,P2P
vpn,vpn,0.5886662525852076,P2P
vpn,vpn,0.5886662525852076,P2P
vpn,vpn,0.7220599177647347,P2P
vpn,vpn,0.5886662525852076,P2P
vpn,vpn,0.5886662525852076,P2P
vpn,non_vpn,0.2666335675189181,P2P
vpn,vpn,0.5536473993156811,P2P
vpn,vpn,0.5886662525852076,P2P
vpn,non_vpn,0.4649060884389082,P2P
vpn,vpn,0.5886662525852076,P2P
vpn,vpn,0.7018540551702072,P2P
vpn,vpn,0.5886662525852076,P2P
vpn,vpn,0.5337098588012323,P2P
vpn,non_vpn,0.454307900492638,P2P
vpn,vpn,0.5886662525852076,P2P
vpn,vpn,0.5886662525852076,P2P
vpn,vpn,0.6018101038371697,P2P
vpn,vpn,0.5886662525852076,P2P
vpn,vpn,0.5886662525852076,P2P
vpn,vpn,0.5453626356236371,P2P
vpn,vpn,0.5886662525852076,P2P
vpn,vpn,0.5886662525852076,P2P
vpn,vpn,0.5886662525852076,P2P
vpn,vpn,0.816479090297337,P2P
vpn,vpn,0.5886662525852076,P2P
vpn,vpn,0.8179095348363663,P2P
vpn,vpn,0.5886662525852076,P2P
vpn,vpn,0.97220024256259,FT
vpn,vpn,0.9999706286585641,FT
vpn,vpn,0.9789441486513978,FT
vpn,vpn,0.7327964558017341,FT
vpn,vpn,0.9524221733773232,FT
vpn,vpn,0.8406430585698876,FT
vpn,vpn,0.9135715677575713,FT
vpn,vpn,0.9375774113938948,FT
vpn,vpn,0.9274860794005728,FT
vpn,vpn,0.6603184008341629,FT
vpn,vpn,0.995157003295461,FT
vpn,vpn,0.6998387165059463,FT
vpn,vpn,0.9999706286585641,FT
vpn,non_vpn,0.4345739911718972,FT
vpn,vpn,0.9340506823081179,FT
vpn,vpn,0.9674088486441953,FT
vpn,vpn,0.6473949609356431,FT
vpn,vpn,0.5753130972847561,FT
vpn,vpn,0.7235541510363618,FT
vpn,vpn,0.9960479527542965,FT
vpn,vpn,0.6654215106038481,FT
vpn,vpn,0.874155421110716,FT
vpn,vpn,0.9584719371978432,FT
vpn,non_vpn,0.32908390985951635,FT
vpn,vpn,0.5662823736696349,FT
vpn,vpn,0.9988464110354625,FT
vpn,vpn,0.8347501242229746,FT
vpn,vpn,0.646229831337753,FT
vpn,vpn,0.5900574903261164,FT
vpn,vpn,0.718321585426978,FT
vpn,vpn,0.9982850737903979,FT
vpn,vpn,0.9820975604413685,FT
vpn,vpn,0.9298960116565076,FT
vpn,vpn,0.9278672696750917,FT
vpn,vpn,0.9701301640793782,FT
vpn,vpn,0.9641203519030027,FT
vpn,non_vpn,0.48881970179035283,FT
vpn,vpn,0.8657393428881295,FT
vpn,vpn,0.9355781357490217,FT
vpn,vpn,0.5981854896371391,FT
vpn,vpn,0.9663545681774208,FT
vpn,vpn,0.8520600377488863,FT
vpn,vpn,0.9986949104350299,FT
vpn,vpn,0.8922682438762495,FT
vpn,vpn,0.7753755281674425,FT
vpn,vpn,0.8675677212202022,FT
vpn,vpn,0.990592206452348,FT
vpn,vpn,0.9821216130416214,FT
vpn,vpn,0.8070829644836038,FT
vpn,vpn,0.968156873533117,FT
vpn,vpn,0.9911453109909908,FT
vpn,vpn,0.9832318154013813,FT
vpn,vpn,0.8875411800803186,FT
vpn,vpn,0.699321838039438,FT
vpn,vpn,0.8721242949610357,FT
vpn,vpn,0.9583999381849524,FT
vpn,vpn,0.9769885559402021,FT
vpn,vpn,0.9786728971355597,FT
vpn,vpn,0.7223560942096816,FT
vpn,vpn,0.9415676285681936,FT
vpn,vpn,0.995139144333702,FT
vpn,vpn,0.8105013281668247,FT
vpn,vpn,0.8577306498583254,FT
vpn,vpn,0.9145105109587017,FT
vpn,vpn,0.8541040392692472,FT
vpn,vpn,0.6151411143699215,FT
vpn,vpn,0.9695122626023026,FT
vpn,vpn,0.874111581906078,FT
vpn,vpn,0.7192819741844201,FT
vpn,vpn,0.8931491901144131,FT
vpn,vpn,0.9292285026130649,FT
vpn,vpn,0.7040280250653572,FT
vpn,vpn,0.9190295410321043,FT
vpn,vpn,0.829882321218163,FT
vpn,vpn,0.9186715290827965,FT
vpn,vpn,0.8299847006223368,FT
vpn,vpn,0.980424086578609,FT
vpn,vpn,0.7212760465145266,FT
vpn,vpn,0.9531329650063057,FT
vpn,vpn,0.9133729452381398,FT
vpn,non_vpn,0.36647401697077514,FT
vpn,non_vpn,0.45174451851865066,FT
vpn,vpn,0.7785771073532518,FT
vpn,vpn,0.8978629766649577,FT
vpn,vpn,0.9344063478136532,FT
vpn,vpn,0.9729668595782813,FT
vpn,vpn,0.8555242116260269,FT
vpn,vpn,0.9533580915740475,FT
vpn,vpn,0.5656759662743162,FT
vpn,vpn,0.7298042614189622,FT
vpn,vpn,0.8354727305389749,FT
vpn,vpn,0.6397146110656293,FT
vpn,vpn,0.8363388485492544,FT
vpn,vpn,0.9727577045845776,FT
vpn,vpn,0.9818745694595346,FT
vpn,vpn,0.907099891146727,FT
vpn,vpn,0.6452171887483351,FT
vpn,vpn,0.9880732621697788,FT
vpn,vpn,0.9402548653537789,FT
vpn,vpn,0.7342291672037501,FT
vpn,vpn,0.6038626520189667,FT
vpn,vpn,0.9194411078322111,FT
vpn,vpn,0.8195929521927503,FT
vpn,vpn,0.6279110133839336,FT
vpn,vpn,0.9964497986938753,FT
vpn,vpn,0.9778538754732707,FT
vpn,vpn,0.9566511242397141,FT
vpn,vpn,0.7508597195034343,FT
vpn,vpn,0.5735627999809875,FT
vpn,vpn,0.9263603314206165,FT
vpn,vpn,0.9679152952774723,FT
vpn,vpn,0.8040977929578625,FT
vpn,vpn,0.9985360828661572,FT
vpn,vpn,0.8418817392324379,FT
vpn,vpn,0.8188468864441302,FT
vpn,vpn,0.9017374457513262,FT
vpn,vpn,0.6195687489376591,FT
vpn,vpn,0.8881384314544972,FT
vpn,vpn,0.9922743147331675,FT
vpn,vpn,0.9809553496619072,FT
vpn,vpn,0.9922163323678913,FT
vpn,vpn,0.9922743147331675,FT
vpn,vpn,0.8591797157782323,FT
vpn,vpn,0.9827893175936492,FT
vpn,vpn,0.9166724786106261,FT
vpn,vpn,0.8684318504054969,FT
vpn,vpn,0.9945913625888939,FT
vpn,vpn,0.9894266772596826,FT
vpn,vpn,0.9922743147331675,FT
vpn,vpn,0.9623504171684766,FT
vpn,vpn,0.9599322350556426,FT
vpn,vpn,0.9435056960736603,FT
vpn,vpn,0.8470238108104013,FT
vpn,vpn,0.9438782134470699,FT
vpn,vpn,0.9863650592577676,FT
vpn,vpn,0.8878613407507245,FT
vpn,vpn,0.9938718676967216,FT
vpn,vpn,0.7935804603735319,FT
vpn,vpn,0.8367159052499176,FT
vpn,vpn,0.9469849081909848,FT
vpn,vpn,0.9888912827978078,FT
vpn,vpn,0.9747538742729336,FT
vpn,non_vpn,0.4957478237299744,FT
vpn,vpn,0.9276277587192733,FT
vpn,vpn,0.9912624251867433,FT
vpn,vpn,0.7667623652397461,FT
vpn,vpn,0.9970601354747113,FT
vpn,vpn,0.9805571712093186,FT
vpn,vpn,0.9932850737903979,FT
vpn,vpn,0.535385240012604,FT
vpn,vpn,0.6919910942787527,FT
vpn,vpn,0.9650989805041997,FT
vpn,vpn,0.6242879720434132,FT
vpn,vpn,0.7030238379288185,FT
vpn,vpn,0.8811967953649902,FT
vpn,vpn,0.9909867731601278,FT
vpn,vpn,0.674247142472904,FT
vpn,vpn,0.9975413214704923,FT
vpn,vpn,0.9380946663290995,FT
vpn,vpn,0.980424086578609,FT
vpn,vpn,0.9506714210967695,FT
vpn,vpn,0.9922743147331675,FT
vpn,vpn,0.9922743147331675,FT
vpn,vpn,0.9328216625840391,FT
vpn,vpn,0.9206943329799988,FT
vpn,vpn,0.9835861062266918,FT
vpn,vpn,0.9967501127477878,FT
vpn,vpn,0.6780460359892413,FT
vpn,vpn,0.9744290453433839,FT
vpn,vpn,0.9940067889347,FT
vpn,vpn,0.8830817744526389,FT
vpn,vpn,0.9922743147331675,FT
vpn,vpn,0.9823260555754826,FT
vpn,vpn,0.8632303118525626,FT
vpn,vpn,0.9744967833420936,FT
vpn,vpn,0.8475342333288399,FT
vpn,vpn,0.8574920760132738,FT
vpn,vpn,0.9922163323678913,FT
vpn,vpn,0.9455116903225218,FT
vpn,vpn,0.8507164960277993,FT
vpn,vpn,0.898438718345612,FT
vpn,vpn,0.9574322350556426,FT
vpn,vpn,0.5886662525852076,FT
vpn,vpn,0.9714558627751566,FT
vpn,vpn,0.8989833867904662,FT
vpn,vpn,0.5886662525852076,FT
vpn,vpn,0.5886662525852076,FT
vpn,vpn,0.9924405508197987,FT
vpn,vpn,0.9671738596742491,FT
vpn,vpn,0.9813774072915176,FT
vpn,vpn,0.9328252066305321,FT
vpn,vpn,0.9810682567593496,FT
vpn,vpn,0.6560690522665243,FT
vpn,vpn,0.806683269319555,FT
vpn,vpn,0.938451801045429,FT
vpn,vpn,0.8622349656165162,FT
vpn,non_vpn,0.33970661821778847,FT
vpn,vpn,0.9005914035343483,FT
vpn,vpn,0.9759650129459567,FT
vpn,vpn,0.9028531832876538,FT
vpn,vpn,0.8438883179935474,FT
vpn,vpn,0.7955854969760426,FT
vpn,vpn,0.977796507702079,FT
vpn,vpn,0.8826045425667194,FT
vpn,vpn,0.9687559846136934,FT
vpn,vpn,0.9980751085604078,FT
vpn,vpn,0.8430028208221853,FT
vpn,vpn,0.857313065482099,FT
vpn,vpn,0.9690355021810534,FT
vpn,vpn,0.9716633015230406,FT
vpn,vpn,0.7737837060114648,FT
vpn,vpn,0.9924172176991568,FT
vpn,vpn,0.9225983407447177,FT
vpn,vpn,0.9507208847947614,FT
vpn,vpn,0.608817393405742,FT
vpn,vpn,0.9445551512289952,FT
vpn,vpn,0.6824295190543375,FT
vpn,vpn,0.8473312599039162,FT
vpn,vpn,0.9729364060720893,FT
vpn,vpn,0.9407909657103937,FT
vpn,vpn,0.78556168571377,FT
vpn,vpn,0.797272620344124,FT
vpn,vpn,0.805978277983867,FT
vpn,vpn,0.8607349571247278,FT
vpn,vpn,0.992291862725098,FT
vpn,vpn,0.9809239661666919,FT
vpn,vpn,0.6513122674590136,FT
vpn,vpn,0.8010314178891675,FT
vpn,vpn,0.8287144434838015,FT
vpn,vpn,0.9447248952488259,FT
vpn,vpn,0.9405798783515519,FT
vpn,vpn,0.9708733695541392,FT
vpn,vpn,0.8294215120049765,FT
vpn,vpn,0.9253232967049614,FT
vpn,vpn,0.9889982362699259,FT
vpn,vpn,0.8480319014276609,FT
vpn,vpn,0.8037070708973437,FT
vpn,vpn,0.6305042662338504,FT
vpn,vpn,0.9986949104350299,FT
vpn,vpn,0.9513906409732512,FT
vpn,vpn,0.7906981748249176,FT
vpn,vpn,0.9332435894436002,FT
vpn,vpn,0.7812292423363679,FT
vpn,vpn,0.8960531508937412,FT
vpn,vpn,0.9494896362736934,FT
vpn,vpn,0.9481791415566164,FT
vpn,vpn,0.8281886364771571,FT
vpn,vpn,0.9511400103529808,FT
vpn,non_vpn,0.3027899437781593,FT
vpn,vpn,0.9835415791414497,FT
vpn,vpn,0.8450055315356461,FT
vpn,vpn,0.9872778431283354,FT
vpn,vpn,0.892707950233698,FT
vpn,vpn,0.746526022351101,FT
vpn,vpn,0.9218937251628095,FT
vpn,vpn,0.7356845251029367,FT
vpn,vpn,0.9149419692174441,FT
vpn,vpn,0.9962615984177774,FT
vpn,vpn,0.9861130376347499,FT
vpn,vpn,0.9453580561161494,FT
vpn,vpn,0.9815072301109785,FT
vpn,vpn,0.9776312458623693,FT
vpn,vpn,0.9906760938939834,FT
vpn,vpn,0.9765549944615792,FT
vpn,vpn,0.9118907799367791,FT
vpn,vpn,0.9878195250135948,FT
vpn,vpn,0.8706336049133122,FT
vpn,vpn,0.8833999109675075,FT
vpn,vpn,0.8223371036692951,FT
vpn,non_vpn,0.4247162004963893,FT
vpn,vpn,0.7158193943763245,FT
vpn,vpn,0.8657998434449324,FT
vpn,vpn,0.9938650592577676,FT
vpn,vpn,0.8307861192251113,FT
vpn,vpn,0.7680364649600676,FT
vpn,vpn,0.9510337064411029,FT
vpn,vpn,0.9433488056610229,FT
vpn,vpn,0.9954174831585567,FT
vpn,vpn,0.995839540788167,FT
vpn,vpn,0.9180389393724842,FT
vpn,vpn,0.9599083392240669,FT
vpn,vpn,0.5623345584548667,FT
vpn,vpn,0.8248632475369733,FT
vpn,non_vpn,0.3282615745728547,FT
vpn,vpn,0.9178852761628212,FT
vpn,vpn,0.9328571373746244,FT
vpn,vpn,0.852519817393238,FT
vpn,vpn,0.8934119506570621,FT
vpn,vpn,0.9297355148189546,FT
vpn,vpn,0.9110467395061396,FT
vpn,vpn,0.990257513694627,FT
vpn,vpn,0.9177086101869634,FT
vpn,vpn,0.9947660858826853,FT
vpn,vpn,0.9358716943420936,FT
vpn,vpn,0.8867728338551725,FT
vpn,vpn,0.8016102070070842,FT
vpn,vpn,0.8083813159150885,FT
vpn,vpn,0.8873076820979968,FT
vpn,vpn,0.5008920105193969,FT
vpn,vpn,1.0,FT
vpn,vpn,0.9555243432253533,FT
vpn,vpn,0.7054863647125106,FT
vpn,vpn,0.855394911521756,FT
vpn,non_vpn,0.4470921755429149,FT
vpn,vpn,0.8993460512403831,FT
vpn,vpn,0.7848504496913141,FT
vpn,vpn,0.7725088824661568,FT
vpn,non_vpn,0.1885292878377566,FT
vpn,vpn,0.9675159970640452,FT
vpn,vpn,0.9919637850467289,FT
vpn,vpn,0.8296251602754668,FT
vpn,vpn,0.7419209285409077,FT
vpn,vpn,0.7680730595790244,FT
vpn,vpn,0.8398952701448539,FT
vpn,vpn,0.9873052829436021,FT
vpn,vpn,0.906455947763188,FT
vpn,vpn,0.9087441722571955,FT
vpn,vpn,0.6592672968536776,FT
vpn,vpn,0.6630126763826886,FT
vpn,vpn,0.8515756741936695,FT
vpn,vpn,0.9913497893209153,FT
vpn,vpn,0.8721370924040257,FT
vpn,vpn,0.9897091882327588,FT
vpn,vpn,0.8930573826749,FT
vpn,vpn,0.9187814099931403,FT
vpn,vpn,0.6820062447642644,FT
vpn,vpn,0.9603811904202155,FT
vpn,non_vpn,0.4866855138789738,FT
vpn,vpn,0.6791372232691038,FT
vpn,vpn,0.9922163323678913,FT
vpn,vpn,0.9370689145469505,FT
vpn,vpn,0.8811422733155108,FT
vpn,vpn,0.7979190331653357,FT
vpn,vpn,0.9800217729623891,FT
vpn,vpn,0.8925835256512811,FT
vpn,vpn,0.9894618676127104,FT
vpn,vpn,0.8438608483398126,FT
vpn,vpn,0.9339043035269056,FT
vpn,vpn,0.6841263391468841,FT
vpn,vpn,0.9951530509307974,FT
vpn,vpn,0.9608554147498256,FT
vpn,vpn,0.623498596541407,FT
vpn,vpn,0.9546100100332815,FT
vpn,vpn,0.9534879723936536,FT
vpn,vpn,0.8698424372927803,FT
vpn,vpn,0.6726958012642625,FT
vpn,vpn,0.9802928141371287,FT
vpn,non_vpn,0.31667553203533033,FT
vpn,vpn,0.9855389524038753,FT
vpn,vpn,0.6048362632249134,FT
vpn,vpn,0.7815952166323588,FT
vpn,vpn,0.7327874129645084,FT
vpn,vpn,0.8105802581163631,FT
vpn,vpn,0.9095750972220354,FT
vpn,vpn,0.9758130634295682,FT
vpn,vpn,0.8275918861212263,FT
vpn,vpn,0.9965146427110413,FT
vpn,vpn,0.9043645505747154,FT
vpn,vpn,0.8366322643196166,FT
vpn,vpn,0.7534189397094068,FT
vpn,vpn,0.9781598968148095,FT
vpn,vpn,0.911128221472302,FT
vpn,vpn,0.9578636935538559,FT
vpn,vpn,0.9393506375609144,FT
vpn,vpn,0.812369945285957,FT
vpn,vpn,0.9408183825455836,FT
vpn,vpn,0.9922743147331675,FT
vpn,vpn,0.8107543838252389,FT
vpn,vpn,0.5886662525852076,FT
vpn,vpn,0.9922163323678913,FT
vpn,vpn,0.9924405508197987,FT
vpn,vpn,0.8668008106853324,FT
vpn,vpn,0.5886662525852076,FT
vpn,vpn,0.991605656580225,FT
vpn,vpn,0.8487342918841593,FT
vpn,vpn,0.981088435388334,FT
vpn,vpn,0.9604965061432895,FT
vpn,vpn,0.9868378605528874,FT
vpn,vpn,0.9821977689398395,FT
vpn,vpn,0.5886662525852076,FT
vpn,vpn,0.9821216130416214,FT
vpn,vpn,0.9168526439195116,FT
vpn,vpn,0.9521701995370117,FT
vpn,vpn,0.6473565390122096,FT
vpn,vpn,0.554981380775998,FT
vpn,vpn,0.9560465938253424,FT
vpn,vpn,0.9092793251658006,FT
vpn,vpn,0.7835981979908649,FT
vpn,vpn,0.5821120434531412,FT
vpn,vpn,0.9290306518741861,FT
vpn,vpn,0.9641979635827894,FT
vpn,vpn,0.8790609742076767,FT
vpn,vpn,0.7946549612544322,FT
vpn,vpn,0.5148271128068517,FT
vpn,vpn,0.52325294649,FT
vpn,vpn,0.5591313390815587,FT
vpn,vpn,0.9502638452300279,FT
vpn,vpn,0.6230010647333694,FT
vpn,vpn,0.9693740914848376,FT
vpn,vpn,0.6702061294062698,FT
vpn,vpn,0.9681817655257748,FT
vpn,vpn,0.5841838780077603,FT
vpn,vpn,0.9896369977381556,FT
vpn,vpn,0.7662205184143016,FT
vpn,vpn,0.7770155779876081,FT
vpn,vpn,0.8190349262697572,FT
vpn,vpn,0.7995552688233749,FT
vpn,vpn,0.9833470682292571,FT
vpn,vpn,0.5548548713601358,FT
vpn,vpn,0.8952769328737551,FT
vpn,vpn,0.5827174080711975,FT
vpn,vpn,0.5903118874521529,FT
vpn,vpn,0.895770043682451,FT
vpn,non_vpn,0.2504504148054373,FT
vpn,vpn,0.7613470966178472,FT
vpn,non_vpn,0.4810929845160632,FT
vpn,vpn,0.9852808834327915,FT
vpn,non_vpn,0.34791570496593105,FT
vpn,vpn,0.9217878727401526,FT
vpn,vpn,0.5336147683850772,FT
vpn,vpn,0.5886662525852076,FT
vpn,vpn,0.8010732565177048,FT
vpn,vpn,0.5278208528257117,FT
vpn,vpn,0.7857855289204625,FT
vpn,vpn,0.9589438430658835,FT
vpn,vpn,0.988428066826213,FT
vpn,non_vpn,0.24371043904399667,FT
vpn,vpn,0.8238282192509755,FT
vpn,vpn,0.8527626244625803,FT
vpn,vpn,0.721152936002665,FT
vpn,vpn,0.5972098473350234,FT
vpn,vpn,0.9605977395709455,FT
vpn,vpn,0.8458962106467217,FT
vpn,vpn,0.7125736588645065,FT
vpn,vpn,0.9850560052148475,FT
vpn,vpn,0.9589438430658835,FT
vpn,vpn,0.9432639927372035,FT
vpn,vpn,0.9529180808925459,FT
vpn,vpn,0.7460990120147711,FT
vpn,vpn,0.9675092743863947,FT
vpn,non_vpn,0.24371043904399667,FT
vpn,vpn,0.8977408697140435,FT
vpn,vpn,0.9770766022932523,FT
vpn,non_vpn,0.3360740247578207,FT
vpn,vpn,0.8090216078155927,FT
vpn,vpn,0.9060478458470232,FT
vpn,vpn,0.9542249331704578,FT
vpn,vpn,0.7128370688541443,FT
vpn,vpn,0.8217431929198349,FT
vpn,vpn,0.8993826079052748,FT
vpn,vpn,0.5908510844096299,FT
vpn,vpn,0.9638142839760733,FT
vpn,vpn,0.9242436120731239,FT
vpn,vpn,0.8090216078155927,FT
vpn,vpn,0.7927640844622637,FT
vpn,vpn,0.7956470957003429,FT
vpn,vpn,0.9053329047997255,FT
vpn,vpn,0.9432639927372035,FT
vpn,vpn,0.9176934037873502,FT
vpn,vpn,0.9432639927372035,FT
vpn,vpn,0.88193487420975,FT
vpn,vpn,0.9879033987394599,FT
vpn,vpn,0.706634568878074,FT
vpn,vpn,0.983819438007449,FT
vpn,vpn,0.5035561050917309,FT
vpn,vpn,0.9176526152682666,FT
vpn,vpn,0.7036205752669261,FT
vpn,vpn,0.7195203045492531,FT
vpn,vpn,0.8100475064992814,FT
vpn,vpn,0.9432639927372035,FT
vpn,vpn,0.973443282012935,FT
vpn,vpn,0.6484733800913506,FT
vpn,vpn,0.7304617914624751,FT
vpn,non_vpn,0.337312628892329,FT
vpn,vpn,0.9768253892411434,MAIL
vpn,vpn,0.9909809867375362,MAIL
vpn,vpn,0.8863246302927784,MAIL
vpn,vpn,0.8756219321665,MAIL
vpn,vpn,0.7526359213543052,MAIL
vpn,vpn,0.9155575120413327,MAIL
vpn,vpn,0.8230886879664887,MAIL
vpn,vpn,0.7612385637540168,MAIL
vpn,vpn,0.9467984350871032,MAIL
vpn,vpn,0.9363334294830736,MAIL
vpn,vpn,0.9596312454717628,MAIL
vpn,vpn,0.8441595797810035,MAIL
vpn,vpn,0.7402120860024717,MAIL
vpn,vpn,0.6109276833783748,MAIL
vpn,vpn,0.7327260038918879,MAIL
vpn,vpn,0.9949171094957684,MAIL
vpn,vpn,0.9922860763025063,MAIL
vpn,vpn,0.8247766927750662,MAIL
vpn,vpn,0.800349203539879,MAIL
vpn,vpn,0.9843052438730805,MAIL
vpn,vpn,0.833341218508563,MAIL
vpn,vpn,0.5579762278211137,MAIL
vpn,vpn,0.9894724399042291,MAIL
vpn,vpn,0.7878630970102907,MAIL
vpn,vpn,0.8154570884077397,MAIL
vpn,vpn,0.7430030880344792,MAIL
vpn,vpn,0.8315501756562041,MAIL
vpn,vpn,0.7831235320742966,MAIL
vpn,vpn,0.7994845577387529,MAIL
vpn,vpn,0.9454132367415136,MAIL
vpn,vpn,0.9579943471573267,MAIL
vpn,vpn,0.9627347160775858,MAIL
vpn,vpn,0.8800072307258685,MAIL
vpn,vpn,0.898438718345612,MAIL
vpn,vpn,0.979324183845169,MAIL
vpn,vpn,0.9106942706965748,MAIL
vpn,vpn,0.9440380112418255,MAIL
vpn,non_vpn,0.38517954571983654,MAIL
vpn,vpn,0.8583578899668847,MAIL
vpn,vpn,0.915774558777933,MAIL
vpn,vpn,0.9734664843922424,MAIL
vpn,vpn,0.9339149872333544,MAIL
vpn,vpn,0.6453296844122731,MAIL
vpn,vpn,0.9799333086744672,MAIL
vpn,vpn,0.5886662525852076,MAIL
vpn,vpn,0.5886662525852076,MAIL
vpn,vpn,0.8152579257058324,MAIL
vpn,vpn,0.9936738403598155,MAIL
vpn,vpn,0.9798274545240983,MAIL
vpn,vpn,0.9084979439050523,MAIL
vpn,vpn,0.5249967222538227,MAIL
vpn,vpn,0.9615033233075012,MAIL
vpn,non_vpn,0.3048359966765071,MAIL
vpn,non_vpn,0.1692226747902631,MAIL
vpn,vpn,0.9956538245852434,MAIL
vpn,vpn,0.6476999782575936,MAIL
vpn,non_vpn,0.16526556585716315,MAIL
vpn,vpn,0.9889979398444642,MAIL
vpn,vpn,0.899063645229258,MAIL
vpn,vpn,0.832130115000486,MAIL
vpn,vpn,0.8929141256411971,MAIL
vpn,vpn,0.9647182969803991,MAIL
vpn,vpn,0.5583389964322945,MAIL
vpn,vpn,0.9573431992974963,MAIL
vpn,vpn,0.9413935611981818,MAIL
vpn,vpn,0.8991492877489224,MAIL
vpn,vpn,0.9772203609375956,MAIL
vpn,vpn,0.6080384399478089,MAIL
vpn,vpn,0.8902698863409547,MAIL
vpn,vpn,0.8430474209078218,MAIL
vpn,vpn,0.7028602946930029,MAIL
vpn,non_vpn,0.21899763879891782,MAIL
vpn,non_vpn,0.33341922873925833,MAIL
vpn,vpn,0.8384170231827143,MAIL
vpn,vpn,0.7684087864168121,MAIL
vpn,non_vpn,0.3265558167072142,MAIL
vpn,vpn,0.984875365338838,MAIL
vpn,vpn,0.5467097369821774,MAIL
vpn,vpn,0.9969589141502136,MAIL
vpn,vpn,0.7711961627379391,MAIL
vpn,vpn,0.7238762015479558,MAIL
vpn,vpn,0.6891805532137646,MAIL
vpn,non_vpn,0.1293469190539743,MAIL
vpn,vpn,0.8190496991612508,MAIL
vpn,vpn,0.5797028914694051,MAIL
vpn,vpn,0.9780054347279935,MAIL
vpn,vpn,0.9887870218376551,MAIL
vpn,vpn,0.8477316619594287,MAIL
vpn,vpn,0.7705377179082202,MAIL
vpn,vpn,0.5361021561724381,MAIL
vpn,vpn,0.9690194835760241,MAIL
vpn,non_vpn,0.31890101866825327,MAIL
vpn,vpn,0.756799371156157,MAIL
vpn,vpn,0.9667293870069377,MAIL
vpn,vpn,0.9498640637758591,MAIL
vpn,vpn,0.9933285478790347,MAIL
vpn,vpn,0.6777865525745089,MAIL
vpn,vpn,0.9707392103980775,MAIL
vpn,vpn,0.9943531339671524,MAIL
vpn,vpn,0.618393831024258,MAIL
vpn,vpn,0.9900826711495537,MAIL
vpn,vpn,0.899063645229258,MAIL
vpn,vpn,0.9882183687490945,MAIL
vpn,vpn,0.6776328385668171,MAIL
vpn,vpn,0.9310257811223273,MAIL
vpn,vpn,0.9701503918684932,MAIL
vpn,vpn,0.9709404988514777,MAIL
vpn,vpn,0.9551797161312446,MAIL
vpn,vpn,0.7124484707225425,MAIL
vpn,vpn,0.7348024157232258,MAIL
vpn,vpn,0.966838444275996,MAIL
vpn,vpn,0.9666857965495678,MAIL
vpn,vpn,0.9852808834327915,MAIL
vpn,vpn,0.9859602151007352,MAIL
vpn,vpn,0.9667293870069377,MAIL
vpn,vpn,0.9822392012237188,MAIL
vpn,vpn,0.8434589630404968,MAIL
vpn,vpn,0.9943783697610005,MAIL
vpn,vpn,0.966838444275996,MAIL
vpn,vpn,0.9277758780371664,MAIL
vpn,vpn,0.9060537388820274,MAIL
vpn,vpn,0.9813883374934207,MAIL
vpn,vpn,0.9757995375964725,MAIL
vpn,vpn,0.9667293870069377,MAIL
vpn,vpn,0.9446534834697282,MAIL
vpn,vpn,0.9714362216081726,MAIL
vpn,vpn,0.9452839996334458,MAIL
vpn,non_vpn,0.3048359966765071,MAIL
vpn,vpn,0.9094293367208011,MAIL
vpn,vpn,0.7195683651415905,MAIL
vpn,vpn,0.899063645229258,MAIL
vpn,vpn,0.9835659572231894,MAIL
vpn,vpn,0.9735553212342086,MAIL
vpn,vpn,0.8056957662258418,STREAMING
vpn,vpn,0.815985102861853,STREAMING
vpn,vpn,0.7266960977301522,STREAMING
vpn,vpn,0.8348988640327683,STREAMING
vpn,vpn,0.8229817891764245,STREAMING
vpn,vpn,0.6246483944700336,STREAMING
vpn,vpn,0.8955842799905487,STREAMING
vpn,vpn,0.9967283442416038,STREAMING
vpn,vpn,0.988798651659798,STREAMING
vpn,vpn,0.9599225543569792,STREAMING
vpn,vpn,0.9544590980277424,STREAMING
vpn,vpn,0.8091857726682532,STREAMING
vpn,vpn,0.9093198226270951,STREAMING
vpn,vpn,0.9500533124765999,STREAMING
vpn,vpn,0.9254874602443798,STREAMING
vpn,vpn,0.9381846861223518,STREAMING
vpn,non_vpn,0.45542590667314664,STREAMING
vpn,vpn,0.9715979230394569,STREAMING
vpn,vpn,0.9513706230265485,STREAMING
vpn,vpn,0.8277595736137898,STREAMING
vpn,vpn,0.9182927747390057,STREAMING
vpn,vpn,0.9170853133025166,STREAMING
vpn,vpn,0.9969799842254278,STREAMING
vpn,vpn,0.9130675497173112,STREAMING
vpn,vpn,0.8181957861032292,STREAMING
vpn,vpn,0.8823322282651398,STREAMING
vpn,vpn,0.9986949104350299,STREAMING
vpn,vpn,0.9585624808811148,STREAMING
vpn,vpn,0.998280768142393,STREAMING
vpn,vpn,0.9601704814798443,STREAMING
vpn,vpn,0.9659628713149302,STREAMING
vpn,vpn,0.967839392512498,STREAMING
vpn,vpn,0.964854109361641,STREAMING
vpn,vpn,0.9410456621957732,STREAMING
vpn,vpn,0.95472748279473,STREAMING
vpn,vpn,0.9671599233809866,STREAMING
vpn,vpn,0.929516329225493,STREAMING
vpn,vpn,0.9872918627250978,STREAMING
vpn,vpn,0.7817574509704542,STREAMING
vpn,vpn,0.9433180200398312,STREAMING
vpn,vpn,0.8791590421446114,STREAMING
vpn,vpn,0.9433690230957168,STREAMING
vpn,vpn,0.863106911550054,STREAMING
vpn,vpn,0.7365515618270264,STREAMING
vpn,vpn,0.949779772359466,STREAMING
vpn,vpn,0.9075196594816829,STREAMING
vpn,vpn,0.9592010672082529,STREAMING
vpn,vpn,0.9441786181885918,STREAMING
vpn,vpn,0.9225898350116709,STREAMING
vpn,vpn,0.8985201988714312,STREAMING
vpn,vpn,0.9727727045297503,STREAMING
vpn,vpn,0.9261580740553852,STREAMING
vpn,vpn,0.9505318184097521,STREAMING
vpn,vpn,0.5174592196415342,STREAMING
vpn,vpn,0.964176960848435,STREAMING
vpn,vpn,0.9762478582876511,STREAMING
vpn,vpn,0.9451306116859451,STREAMING
vpn,vpn,0.9887515172326288,STREAMING
vpn,vpn,0.9653039367928742,STREAMING
vpn,vpn,0.9945141315174826,STREAMING
vpn,vpn,0.997049254242388,STREAMING
vpn,vpn,0.9972650380312147,STREAMING
vpn,vpn,0.9853061205382159,STREAMING
vpn,vpn,0.9920928475823066,STREAMING
vpn,vpn,0.9792991865286973,STREAMING
vpn,vpn,0.8638473564759009,STREAMING
vpn,vpn,0.995082369924241,STREAMING
vpn,vpn,0.672765600394593,STREAMING
vpn,vpn,0.9813932962112335,STREAMING
vpn,vpn,0.9788022222785594,STREAMING
vpn,vpn,0.975650150135354,STREAMING
vpn,vpn,0.98613850702045,STREAMING
vpn,vpn,0.9935406425071224,STREAMING
vpn,vpn,0.9764654912295534,STREAMING
vpn,vpn,0.9439231209109755,STREAMING
vpn,vpn,0.984744295682742,STREAMING
vpn,vpn,0.6399230466396504,STREAMING
vpn,vpn,0.9826805407383101,STREAMING
vpn,vpn,0.8229504422164841,STREAMING
vpn,vpn,0.9455286384977086,STREAMING
vpn,vpn,0.9799532817088816,STREAMING
vpn,vpn,0.9980845736541939,STREAMING
vpn,vpn,0.9803167460534002,STREAMING
vpn,vpn,0.9670570561727041,STREAMING
vpn,vpn,0.9521738424835391,STREAMING
vpn,vpn,0.9617342929672905,STREAMING
vpn,vpn,0.9978118784996701,STREAMING
vpn,vpn,0.9886949104350299,STREAMING
vpn,vpn,0.9991169680646402,STREAMING
vpn,vpn,0.8716037619302597,STREAMING
vpn,vpn,0.9341234606846508,STREAMING
vpn,vpn,0.9941693049592836,STREAMING
vpn,vpn,0.6761088122186762,STREAMING
vpn,vpn,0.9333606463162532,STREAMING
vpn,vpn,0.8631730472848014,STREAMING
vpn,vpn,0.9696653212579414,STREAMING
vpn,vpn,0.9538019533882762,STREAMING
vpn,vpn,0.9369940211666369,STREAMING
vpn,vpn,0.963100313125782,STREAMING
vpn,vpn,0.8208917048423311,STREAMING
vpn,vpn,0.9178926311519523,STREAMING
vpn,vpn,0.9612804108549285,STREAMING
vpn,vpn,0.9918361199857759,STREAMING
vpn,vpn,0.950664987835016,STREAMING
vpn,vpn,0.8140428843170169,STREAMING
vpn,vpn,0.996096952290068,STREAMING
vpn,vpn,0.8934317542353757,STREAMING
vpn,vpn,0.9584612196234352,STREAMING
vpn,vpn,0.9390570221172634,STREAMING
vpn,vpn,0.9647964111649283,STREAMING
vpn,vpn,0.9084340429500236,STREAMING
vpn,vpn,0.9469625042849026,STREAMING
vpn,vpn,0.9241275082616718,STREAMING
vpn,non_vpn,0.4221875324406167,STREAMING
vpn,non_vpn,0.4798258644111409,STREAMING
vpn,vpn,0.7462569049924663,STREAMING
vpn,vpn,0.7195401030656425,STREAMING
vpn,vpn,0.8978972868551103,STREAMING
vpn,vpn,0.9605604257842828,STREAMING
vpn,vpn,0.9169366890966023,STREAMING
vpn,vpn,0.8098443211962741,STREAMING
vpn,vpn,1.0,VOIP
vpn,vpn,0.9855276622884969,VOIP
vpn,vpn,1.0,VOIP
vpn,vpn,1.0,VOIP
vpn,vpn,1.0,VOIP
vpn,vpn,1.0,VOIP
vpn,vpn,1.0,VOIP
vpn,vpn,0.9686670359557151,VOIP
vpn,vpn,1.0,VOIP
vpn,vpn,1.0,VOIP
vpn,vpn,1.0,VOIP
vpn,vpn,1.0,VOIP
vpn,vpn,1.0,VOIP
vpn,vpn,0.9640286824360949,VOIP
vpn,vpn,0.978202291489555,VOIP
vpn,vpn,1.0,VOIP
vpn,vpn,0.97920848830443,VOIP
vpn,vpn,1.0,VOIP
vpn,vpn,1.0,VOIP
vpn,vpn,1.0,VOIP
vpn,vpn,1.0,VOIP
vpn,vpn,1.0,VOIP
vpn,vpn,1.0,VOIP
vpn,vpn,1.0,VOIP
vpn,vpn,1.0,VOIP
vpn,vpn,0.9837025569489546,VOIP
vpn,vpn,1.0,VOIP
vpn,vpn,0.9808765940301875,VOIP
vpn,vpn,1.0,VOIP
vpn,vpn,1.0,VOIP
vpn,vpn,1.0,VOIP
vpn,vpn,0.9969637850467289,VOIP
vpn,vpn,1.0,VOIP
vpn,vpn,1.0,VOIP
vpn,vpn,1.0,VOIP
vpn,vpn,1.0,VOIP
vpn,vpn,1.0,VOIP
vpn,vpn,1.0,VOIP
vpn,vpn,0.9826386797071865,VOIP
vpn,vpn,0.9861481854365621,VOIP
vpn,vpn,0.9842414819212888,VOIP
vpn,vpn,1.0,VOIP
vpn,vpn,1.0,VOIP
vpn,vpn,1.0,VOIP
vpn,vpn,0.9556575315853629,VOIP
vpn,vpn,0.965865668860265,VOIP
vpn,vpn,1.0,VOIP
vpn,vpn,1.0,VOIP
vpn,vpn,1.0,VOIP
vpn,vpn,0.9986949104350299,VOIP
vpn,vpn,1.0,VOIP
vpn,vpn,1.0,VOIP
vpn,vpn,0.9991169680646402,VOIP
vpn,vpn,1.0,VOIP
vpn,vpn,1.0,VOIP
vpn,vpn,0.9835847313050897,VOIP
vpn,vpn,1.0,VOIP
vpn,vpn,1.0,VOIP
vpn,vpn,1.0,VOIP
vpn,vpn,1.0,VOIP
vpn,vpn,1.0,VOIP
vpn,vpn,1.0,VOIP
vpn,vpn,1.0,VOIP
vpn,vpn,1.0,VOIP
vpn,vpn,0.9944799842254278,VOIP
vpn,vpn,1.0,VOIP
vpn,vpn,1.0,VOIP
vpn,vpn,0.9193606166567412,VOIP
vpn,vpn,1.0,VOIP
vpn,vpn,1.0,VOIP
vpn,vpn,1.0,VOIP
vpn,vpn,1.0,VOIP
vpn,vpn,0.9969288465643104,VOIP
vpn,vpn,0.9789413095607048,VOIP
vpn,vpn,1.0,VOIP
vpn,vpn,0.9878118784996701,VOIP
vpn,vpn,1.0,VOIP
vpn,vpn,0.9986949104350299,VOIP
vpn,vpn,0.9975,VOIP
vpn,vpn,1.0,VOIP
vpn,vpn,0.9435712789522215,VOIP
vpn,vpn,1.0,VOIP
vpn,vpn,1.0,VOIP
vpn,vpn,1.0,VOIP
vpn,vpn,1.0,VOIP
vpn,vpn,1.0,VOIP
vpn,vpn,1.0,VOIP
vpn,vpn,1.0,VOIP
vpn,vpn,1.0,VOIP
vpn,vpn,1.0,VOIP
vpn,vpn,0.9903348086662177,VOIP
vpn,vpn,1.0,VOIP
vpn,vpn,1.0,VOIP
vpn,vpn,0.9986949104350299,VOIP
vpn,vpn,1.0,VOIP
vpn,vpn,1.0,VOIP
vpn,vpn,0.9516616678205853,VOIP
vpn,vpn,1.0,VOIP
vpn,vpn,1.0,VOIP
vpn,vpn,1.0,VOIP
vpn,vpn,1.0,VOIP
vpn,vpn,1.0,VOIP
vpn,vpn,1.0,VOIP
vpn,vpn,1.0,VOIP
vpn,vpn,1.0,VOIP
vpn,vpn,1.0,VOIP
vpn,vpn,0.9918698050954876,VOIP
vpn,vpn,1.0,VOIP
vpn,vpn,0.9911949104350299,VOIP
vpn,vpn,1.0,VOIP
vpn,vpn,1.0,VOIP
vpn,vpn,1.0,VOIP
vpn,vpn,0.9661778445259679,VOIP
vpn,vpn,0.985266243533581,VOIP
vpn,vpn,0.995,VOIP
vpn,vpn,0.9903077384975457,VOIP
vpn,vpn,1.0,VOIP
vpn,vpn,0.97838789948909,VOIP
vpn,vpn,0.9975,VOIP
vpn,vpn,1.0,VOIP
vpn,vpn,1.0,VOIP
vpn,vpn,0.9957850737903979,VOIP
vpn,vpn,0.99619491043503,VOIP
vpn,vpn,1.0,VOIP
vpn,vpn,1.0,VOIP
vpn,vpn,1.0,VOIP
vpn,vpn,1.0,VOIP
vpn,vpn,0.9891169680646402,VOIP
vpn,vpn,0.9857232533613804,VOIP
vpn,vpn,1.0,VOIP
vpn,vpn,1.0,VOIP
vpn,vpn,1.0,VOIP
vpn,vpn,0.9977488588371268,VOIP
vpn,vpn,1.0,VOIP
vpn,vpn,0.9939437692721568,VOIP
vpn,vpn,1.0,VOIP
vpn,vpn,1.0,VOIP
vpn,vpn,0.9986949104350299,VOIP
vpn,vpn,0.9529949189792493,VOIP
vpn,vpn,1.0,VOIP
vpn,vpn,1.0,VOIP
vpn,vpn,1.0,VOIP
vpn,vpn,0.9812385064428258,VOIP
vpn,vpn,1.0,VOIP
vpn,vpn,1.0,VOIP
vpn,vpn,1.0,VOIP
vpn,vpn,1.0,VOIP
vpn,vpn,0.9190591352045697,VOIP
vpn,vpn,1.0,VOIP
vpn,vpn,1.0,VOIP
vpn,vpn,1.0,VOIP
vpn,vpn,0.999463785046729,VOIP
vpn,vpn,1.0,VOIP
vpn,vpn,1.0,VOIP
vpn,vpn,1.0,VOIP
vpn,vpn,0.967010009303982,VOIP
vpn,vpn,0.9721386132011237,VOIP
vpn,vpn,1.0,VOIP
vpn,vpn,1.0,VOIP
vpn,vpn,1.0,VOIP
vpn,vpn,0.9975,VOIP
vpn,vpn,1.0,VOIP
vpn,vpn,1.0,VOIP
vpn,vpn,0.9615159599499326,VOIP
vpn,vpn,0.9805358750025884,VOIP
vpn,vpn,1.0,VOIP
vpn,vpn,0.9800794980290674,VOIP
vpn,vpn,1.0,VOIP
vpn,vpn,1.0,VOIP
vpn,vpn,1.0,VOIP
vpn,vpn,1.0,VOIP
vpn,vpn,1.0,VOIP
vpn,vpn,1.0,VOIP
vpn,vpn,0.9971424865342406,VOIP
vpn,vpn,1.0,VOIP
vpn,vpn,0.9816137435885919,VOIP
vpn,vpn,1.0,VOIP
vpn,vpn,0.9986949104350299,VOIP
vpn,vpn,1.0,VOIP
vpn,vpn,0.9975,VOIP
vpn,vpn,0.9905636117823683,VOIP
vpn,vpn,0.9640661372527117,VOIP
vpn,vpn,0.9965701475807959,VOIP
vpn,vpn,1.0,VOIP
vpn,vpn,1.0,VOIP
vpn,vpn,1.0,VOIP
vpn,vpn,1.0,VOIP
vpn,vpn,0.9148207806635728,VOIP
vpn,vpn,0.9975,VOIP
vpn,vpn,1.0,VOIP
vpn,vpn,1.0,VOIP
vpn,vpn,1.0,VOIP
vpn,vpn,1.0,VOIP
vpn,vpn,1.0,VOIP
vpn,vpn,0.9315663129807825,VOIP
vpn,vpn,0.9760677752475799,VOIP
vpn,non_vpn,0.2300498341402156,VOIP
vpn,vpn,1.0,VOIP
vpn,vpn,1.0,VOIP
vpn,vpn,0.9852683873524773,VOIP
vpn,vpn,0.995,VOIP
vpn,vpn,1.0,VOIP
vpn,vpn,1.0,VOIP
vpn,vpn,0.9508213257421723,VOIP
vpn,vpn,1.0,VOIP
vpn,vpn,1.0,VOIP
vpn,vpn,0.9946424865342407,VOIP
vpn,vpn,0.9590604896784316,VOIP
vpn,vpn,1.0,VOIP
vpn,vpn,1.0,VOIP
vpn,vpn,0.9947796417401193,VOIP
vpn,vpn,1.0,VOIP
vpn,vpn,1.0,VOIP
vpn,vpn,1.0,VOIP
vpn,vpn,1.0,VOIP
vpn,vpn,1.0,VOIP
vpn,vpn,0.9906825411743823,VOIP
vpn,vpn,0.9956748946604577,VOIP
vpn,vpn,1.0,VOIP
vpn,vpn,1.0,VOIP
vpn,vpn,0.9572091976079855,VOIP
vpn,vpn,1.0,VOIP
vpn,vpn,1.0,VOIP
vpn,vpn,1.0,VOIP
vpn,vpn,1.0,VOIP
vpn,vpn,1.0,VOIP
vpn,vpn,0.9974020418550381,VOIP
vpn,vpn,1.0,VOIP
vpn,vpn,1.0,VOIP
vpn,vpn,1.0,VOIP
vpn,vpn,1.0,VOIP
vpn,vpn,1.0,VOIP
vpn,vpn,1.0,VOIP
vpn,vpn,0.9627488582044527,VOIP
vpn,vpn,1.0,VOIP
vpn,vpn,0.9617367242256202,VOIP
vpn,vpn,1.0,VOIP
vpn,vpn,1.0,VOIP
vpn,vpn,1.0,VOIP
vpn,vpn,1.0,VOIP
vpn,vpn,0.9423083412707024,VOIP
vpn,vpn,1.0,VOIP
vpn,vpn,0.9617243776096125,VOIP
vpn,vpn,1.0,VOIP
vpn,vpn,1.0,VOIP
vpn,vpn,1.0,VOIP
vpn,vpn,1.0,VOIP
vpn,vpn,0.9931748946604577,VOIP
vpn,vpn,1.0,VOIP
vpn,vpn,1.0,VOIP
vpn,vpn,1.0,VOIP
vpn,vpn,0.9072030749626944,VOIP
vpn,vpn,1.0,VOIP
vpn,vpn,0.6926350209838482,VOIP
vpn,vpn,1.0,VOIP
vpn,vpn,0.9787570239467237,VOIP
vpn,vpn,1.0,VOIP
vpn,vpn,0.98270169936973,VOIP
vpn,vpn,0.9980636117823682,VOIP
vpn,vpn,1.0,VOIP
vpn,vpn,1.0,VOIP
vpn,vpn,0.9873898208700598,VOIP
vpn,vpn,1.0,VOIP
vpn,vpn,0.9437430585139925,VOIP
vpn,vpn,1.0,VOIP
vpn,vpn,1.0,VOIP
vpn,vpn,1.0,VOIP
vpn,vpn,0.9982850737903979,VOIP
vpn,vpn,0.9982850737903979,VOIP
vpn,vpn,1.0,VOIP
vpn,vpn,1.0,VOIP
vpn,vpn,0.9974020418550381,VOIP
vpn,vpn,1.0,VOIP
vpn,vpn,0.9979656509695292,VOIP
vpn,vpn,0.9766815259442619,VOIP
vpn,vpn,1.0,VOIP
vpn,vpn,1.0,VOIP
vpn,vpn,1.0,VOIP
vpn,vpn,0.9954743945242535,VOIP
vpn,vpn,1.0,VOIP
vpn,vpn,1.0,VOIP
vpn,vpn,0.9725537843531279,VOIP
vpn,vpn,1.0,VOIP
vpn,vpn,1.0,VOIP
vpn,vpn,0.9808702657361542,VOIP
vpn,vpn,0.9688772802427459,VOIP
vpn,vpn,1.0,VOIP
vpn,vpn,0.9815067889347,VOIP
vpn,vpn,1.0,VOIP
vpn,vpn,1.0,VOIP
vpn,vpn,1.0,VOIP
vpn,vpn,1.0,VOIP
vpn,vpn,1.0,VOIP
vpn,vpn,0.995839540788167,VOIP
vpn,vpn,1.0,VOIP
vpn,vpn,1.0,VOIP
vpn,vpn,1.0,VOIP
vpn,vpn,1.0,VOIP
vpn,vpn,1.0,VOIP
vpn,vpn,1.0,VOIP
vpn,vpn,1.0,VOIP
vpn,vpn,0.995,VOIP
vpn,vpn,1.0,VOIP
vpn,vpn,0.6382528930001716,VOIP
vpn,vpn,0.996832751853467,VOIP
vpn,vpn,0.9975,VOIP
vpn,vpn,0.9975,VOIP
vpn,vpn,1.0,VOIP
vpn,vpn,1.0,VOIP
vpn,vpn,1.0,VOIP
vpn,vpn,1.0,VOIP
vpn,vpn,1.0,VOIP
vpn,vpn,1.0,VOIP
vpn,vpn,0.9762823847654285,VOIP
vpn,vpn,0.9991169680646402,VOIP
vpn,vpn,0.9481555095432865,VOIP
vpn,vpn,0.9960847313050896,VOIP
vpn,vpn,1.0,VOIP
vpn,vpn,1.0,VOIP
vpn,vpn,1.0,VOIP
vpn,vpn,1.0,VOIP
vpn,vpn,1.0,VOIP
vpn,vpn,0.9374857631477255,VOIP
vpn,vpn,0.9978368753722746,VOIP
vpn,vpn,1.0,VOIP
vpn,vpn,1.0,VOIP
vpn,vpn,0.9897240942235109,VOIP
vpn,vpn,0.9398833829648875,VOIP
vpn,vpn,0.9973898208700598,VOIP
vpn,vpn,1.0,VOIP
vpn,vpn,0.9846994072751641,VOIP
vpn,vpn,0.9957850737903979,VOIP
vpn,vpn,0.9973898208700598,VOIP
vpn,vpn,1.0,VOIP
vpn,vpn,0.9821694626101791,VOIP
vpn,vpn,1.0,VOIP
vpn,vpn,1.0,VOIP
vpn,vpn,0.9488629273629257,VOIP
vpn,vpn,1.0,VOIP
vpn,vpn,1.0,VOIP
vpn,vpn,0.9982850737903979,VOIP
vpn,vpn,1.0,VOIP
vpn,vpn,1.0,VOIP
vpn,vpn,0.9412160793601849,VOIP
vpn,vpn,1.0,VOIP
vpn,vpn,1.0,VOIP
vpn,vpn,0.9780691144773965,VOIP
vpn,vpn,1.0,VOIP
vpn,vpn,1.0,VOIP
vpn,vpn,1.0,VOIP
vpn,vpn,1.0,VOIP
vpn,vpn,1.0,VOIP
vpn,vpn,0.9942225727235268,VOIP
vpn,vpn,1.0,VOIP
vpn,vpn,1.0,VOIP
vpn,vpn,1.0,VOIP
vpn,vpn,1.0,VOIP
vpn,vpn,1.0,VOIP
vpn,vpn,1.0,VOIP
vpn,vpn,1.0,VOIP
vpn,vpn,1.0,VOIP
vpn,vpn,1.0,VOIP
vpn,vpn,1.0,VOIP
vpn,vpn,1.0,VOIP
vpn,vpn,0.9986949104350299,VOIP
vpn,vpn,1.0,VOIP
vpn,vpn,1.0,VOIP
vpn,vpn,0.9369243742859825,VOIP
vpn,vpn,1.0,VOIP
vpn,vpn,0.9890067889347001,VOIP
vpn,vpn,1.0,VOIP
vpn,vpn,1.0,VOIP
vpn,vpn,1.0,VOIP
vpn,vpn,0.9815202091532043,VOIP
vpn,vpn,1.0,VOIP
vpn,vpn,1.0,VOIP
vpn,vpn,1.0,VOIP
vpn,vpn,0.9535056480901318,VOIP
vpn,vpn,1.0,VOIP
vpn,vpn,0.9975,VOIP
vpn,vpn,0.9975,VOIP
vpn,vpn,0.9973898208700598,VOIP
vpn,vpn,1.0,VOIP
vpn,vpn,1.0,VOIP
vpn,vpn,1.0,VOIP
vpn,vpn,1.0,VOIP
vpn,vpn,1.0,VOIP
vpn,vpn,0.9563227810598711,VOIP
vpn,vpn,1.0,VOIP
vpn,vpn,1.0,VOIP
vpn,vpn,1.0,VOIP
vpn,vpn,1.0,VOIP
vpn,vpn,1.0,VOIP
vpn,vpn,0.9986949104350299,VOIP
vpn,vpn,1.0,VOIP
vpn,vpn,1.0,VOIP
vpn,vpn,1.0,VOIP
vpn,vpn,1.0,VOIP
vpn,vpn,1.0,VOIP
vpn,vpn,1.0,VOIP
vpn,vpn,0.9200931633174713,VOIP
vpn,vpn,1.0,VOIP
vpn,vpn,1.0,VOIP
vpn,vpn,1.0,VOIP
vpn,vpn,1.0,VOIP
vpn,vpn,0.9742140615222872,VOIP
vpn,vpn,1.0,VOIP
vpn,vpn,0.9769566995606909,VOIP
vpn,vpn,0.9986949104350299,VOIP
vpn,vpn,1.0,VOIP
vpn,vpn,1.0,VOIP
vpn,vpn,1.0,VOIP
vpn,vpn,0.8991112518820572,VOIP
vpn,vpn,1.0,VOIP
vpn,vpn,1.0,VOIP
vpn,vpn,0.9740887065482281,VOIP
vpn,vpn,1.0,VOIP
vpn,vpn,1.0,VOIP
vpn,vpn,0.8474303729365511,VOIP
vpn,vpn,1.0,VOIP
vpn,vpn,1.0,VOIP
vpn,vpn,0.9931748946604576,VOIP
vpn,vpn,1.0,VOIP
vpn,vpn,0.9250351062378538,VOIP
vpn,vpn,0.9172026667575385,VOIP
vpn,non_vpn,0.1426383133113627,VOIP
vpn,vpn,0.9998479315345543,VOIP
vpn,non_vpn,0.44931219725106686,VOIP
vpn,non_vpn,0.2710576049870302,VOIP
vpn,vpn,0.9963617693324046,VOIP
vpn,vpn,0.9872372569465656,VOIP
vpn,vpn,0.9132720853919847,VOIP
vpn,vpn,0.9942716059770368,VOIP
vpn,vpn,0.7615483576332113,VOIP
vpn,vpn,0.9956853285038249,VOIP
vpn,vpn,0.9976668588973748,VOIP
vpn,vpn,0.9960423465115358,VOIP
vpn,vpn,0.9940294574788162,VOIP
vpn,vpn,0.999381785106977,VOIP
vpn,vpn,0.9976668588973748,VOIP
vpn,vpn,0.999381785106977,VOIP
vpn,vpn,0.9980766955420067,VOIP
vpn,vpn,0.9974663587611708,VOIP
vpn,vpn,0.8893555531983977,VOIP
vpn,vpn,0.999381785106977,VOIP
vpn,vpn,0.9980766955420067,VOIP
vpn,vpn,0.9985428419695842,VOIP
vpn,vpn,0.9961612691962006,VOIP
vpn,vpn,0.9986949104350299,VOIP
vpn,vpn,0.9960428419695841,VOIP
vpn,vpn,0.988769313882471,VOIP
vpn,vpn,0.999381785106977,VOIP
vpn,vpn,0.9980766955420067,VOIP
vpn,vpn,0.9976668588973748,VOIP
vpn,vpn,0.9976668588973748,VOIP
vpn,vpn,0.9943274203019337,VOIP
vpn,vpn,0.999381785106977,VOIP
vpn,vpn,0.9591813896577598,VOIP
vpn,vpn,0.999381785106977,VOIP
vpn,vpn,0.999381785106977,VOIP
vpn,vpn,0.995932662839644,VOIP
vpn,vpn,0.9975,VOIP
vpn,vpn,0.8206365633497229,VOIP
vpn,vpn,0.9922377524046141,VOIP
vpn,vpn,0.9998479315345543,VOIP
vpn,vpn,0.9940242716412176,VOIP
vpn,vpn,0.9248289009275122,VOIP
vpn,vpn,0.9998479315345543,VOIP
vpn,vpn,1.0,VOIP
vpn,vpn,0.999381785106977,VOIP
vpn,vpn,0.9980766955420068,VOIP
vpn,vpn,0.9828229233010154,VOIP
vpn,vpn,0.999381785106977,VOIP
vpn,vpn,0.9873096001208751,VOIP
vpn,vpn,0.8509619870439755,VOIP
vpn,vpn,0.999381785106977,VOIP
vpn,vpn,0.999381785106977,VOIP
vpn,vpn,0.8847858681706886,VOIP
vpn,vpn,0.995685328503825,VOIP
vpn,vpn,0.9886546127232271,VOIP
vpn,vpn,0.9998479315345543,VOIP
vpn,vpn,0.9986949104350299,VOIP
vpn,vpn,0.9926802791158792,VOIP
vpn,vpn,0.9913617693324048,VOIP
vpn,vpn,0.9963800812879591,VOIP
vpn,vpn,0.9973479315345543,VOIP
vpn,vpn,0.999381785106977,VOIP
vpn,vpn,0.999381785106977,VOIP
vpn,vpn,0.9963231699222621,VOIP
vpn,vpn,0.9815686408239626,VOIP
vpn,vpn,0.9942838269620151,VOIP
vpn,vpn,0.9862004525413469,VOIP
vpn,vpn,0.9985428419695842,VOIP
vpn,vpn,0.9982955076337652,VOIP
vpn,vpn,0.671676986509619,VOIP
vpn,vpn,0.8146329581542133,VOIP
vpn,vpn,0.9480396213617065,VOIP
vpn,vpn,0.6321609156736592,VOIP
vpn,vpn,0.6898428614510672,VOIP
vpn,vpn,0.999381785106977,VOIP
vpn,vpn,0.9828217377832602,VOIP
vpn,vpn,0.9955766955420067,VOIP
vpn,vpn,0.9956433835247543,VOIP
vpn,vpn,0.9741259712398151,VOIP
vpn,vpn,0.9753665166409342,VOIP
vpn,vpn,0.9258018136534909,VOIP
vpn,vpn,0.9800131886202419,VOIP
vpn,vpn,0.9427665332534496,VOIP
vpn,vpn,0.9985428419695842,VOIP
vpn,vpn,0.9917177366300417,VOIP
vpn,vpn,0.9956330053249522,VOIP
vpn,vpn,0.8843356053581427,VOIP
vpn,vpn,0.9593496956431153,VOIP
vpn,vpn,0.999381785106977,VOIP
vpn,vpn,0.9917177366300419,VOIP
vpn,vpn,0.9981330053249522,VOIP
vpn,vpn,0.9696712091558208,VOIP
vpn,vpn,0.999381785106977,VOIP
vpn,vpn,0.9796474407735769,VOIP
vpn,vpn,0.9998479315345543,VOIP
vpn,vpn,0.999381785106977,VOIP
vpn,vpn,0.9974663587611708,VOIP
vpn,vpn,0.9984987531716172,VOIP
vpn,vpn,0.9985428419695842,VOIP
vpn,vpn,0.9955766955420067,VOIP
vpn,vpn,0.999381785106977,VOIP
vpn,vpn,0.9918894316209017,VOIP
vpn,vpn,0.992164628387928,VOIP
vpn,vpn,0.999381785106977,VOIP
vpn,vpn,0.999381785106977,VOIP
vpn,vpn,0.9917716059770366,VOIP
vpn,vpn,0.9794910290267731,VOIP
vpn,vpn,0.9971936636066471,VOIP
vpn,vpn,1.0,VOIP
vpn,vpn,0.9938617693324048,VOIP
vpn,vpn,0.9951284971238834,VOIP
vpn,vpn,0.9873695998497347,VOIP
vpn,vpn,0.9982850737903979,VOIP
vpn,vpn,0.999381785106977,VOIP
vpn,vpn,0.9519496927261428,VOIP
vpn,vpn,0.9926378236786557,VOIP
vpn,vpn,0.9998479315345543,VOIP
vpn,vpn,0.9980766955420068,VOIP
vpn,vpn,0.999381785106977,VOIP
vpn,vpn,0.9824693964393291,VOIP
vpn,vpn,0.9960428419695841,VOIP
vpn,vpn,0.994381785106977,VOIP
vpn,vpn,0.9976668588973748,VOIP
vpn,vpn,0.9844542304740123,VOIP
vpn,vpn,0.999381785106977,VOIP
vpn,vpn,0.9870366639928625,VOIP
vpn,vpn,0.9917487042371096,VOIP
vpn,vpn,0.999381785106977,VOIP
vpn,vpn,0.999381785106977,VOIP
vpn,vpn,0.9976668588973748,VOIP
vpn,vpn,0.9417223586978065,VOIP
vpn,vpn,0.999381785106977,VOIP
vpn,vpn,0.9937515902024644,VOIP
vpn,vpn,0.9710172665098525,VOIP
vpn,vpn,0.9882669571776806,VOIP
vpn,vpn,0.999381785106977,VOIP
vpn,vpn,0.999381785106977,VOIP
vpn,vpn,0.8662159572043362,VOIP
vpn,vpn,0.9778098532571476,VOIP
vpn,vpn,0.9201779345397259,VOIP
vpn,non_vpn,0.49210883075547734,VOIP
non_vpn,non_vpn,0.04246434787635121,BROWSING
non_vpn,non_vpn,0.07080964676519189,BROWSING
non_vpn,non_vpn,0.14512543352206145,BROWSING
non_vpn,non_vpn,0.054015546901075365,BROWSING
non_vpn,non_vpn,0.04229343171084672,BROWSING
non_vpn,non_vpn,0.36254329804122337,BROWSING
non_vpn,non_vpn,0.40065312771403616,BROWSING
non_vpn,non_vpn,0.10806724487655314,BROWSING
non_vpn,non_vpn,0.14622769222426324,BROWSING
non_vpn,non_vpn,0.027654244828908655,BROWSING
non_vpn,non_vpn,0.3148708836700846,BROWSING
non_vpn,non_vpn,0.032703249674109654,BROWSING
non_vpn,non_vpn,0.2267072091184762,BROWSING
non_vpn,vpn,0.6846294640788122,BROWSING
non_vpn,non_vpn,0.27845401448549306,BROWSING
non_vpn,non_vpn,0.0651687824814941,BROWSING
non_vpn,non_vpn,0.26919410415272355,BROWSING
non_vpn,non_vpn,0.08638521087552331,BROWSING
non_vpn,vpn,0.5527313098475047,BROWSING
non_vpn,non_vpn,0.2260577630661194,BROWSING
non_vpn,non_vpn,0.19956277406342615,BROWSING
non_vpn,non_vpn,0.06135272010907819,BROWSING
non_vpn,non_vpn,0.04817371615816556,BROWSING
non_vpn,non_vpn,0.14570617846960496,BROWSING
non_vpn,non_vpn,0.023170090457740527,BROWSING
non_vpn,non_vpn,0.08994485509915623,BROWSING
non_vpn,non_vpn,0.014220709289408209,BROWSING
non_vpn,non_vpn,0.016804949768531877,BROWSING
non_vpn,non_vpn,0.007707202064758005,BROWSING
non_vpn,non_vpn,0.26593737132914463,BROWSING
non_vpn,non_vpn,0.049532610367983024,BROWSING
non_vpn,non_vpn,0.015508399809479512,BROWSING
non_vpn,vpn,0.571589104986628,BROWSING
non_vpn,vpn,0.7790909150400569,BROWSING
non_vpn,non_vpn,0.03725755630890828,BROWSING
non_vpn,non_vpn,0.10828075497580077,BROWSING
non_vpn,vpn,0.773759379137577,BROWSING
non_vpn,vpn,0.7424143530095014,BROWSING
non_vpn,non_vpn,0.06838140398119096,BROWSING
non_vpn,non_vpn,0.4361364613265305,BROWSING
non_vpn,non_vpn,0.038538015681848475,BROWSING
non_vpn,non_vpn,0.022017911823067667,BROWSING
non_vpn,non_vpn,0.052299496397964586,BROWSING
non_vpn,non_vpn,0.434879455388715,BROWSING
non_vpn,non_vpn,0.27809066645392655,BROWSING
non_vpn,non_vpn,0.18104060746155784,BROWSING
non_vpn,non_vpn,0.4675922046037621,BROWSING
non_vpn,non_vpn,0.05701428666754924,BROWSING
non_vpn,non_vpn,0.09712636539000463,BROWSING
non_vpn,non_vpn,0.29787045132433554,BROWSING
non_vpn,non_vpn,0.013786430674819373,BROWSING
non_vpn,non_vpn,0.09995126181423565,BROWSING
non_vpn,vpn,0.5132338706149789,BROWSING
non_vpn,vpn,0.5064561502883944,BROWSING
non_vpn,non_vpn,0.4439932408155294,BROWSING
non_vpn,non_vpn,0.17516028223285357,BROWSING
non_vpn,non_vpn,0.3063946420981994,BROWSING
non_vpn,non_vpn,0.06345336931421264,BROWSING
non_vpn,non_vpn,0.23117742355112106,BROWSING
non_vpn,non_vpn,0.03594471294501977,BROWSING
non_vpn,non_vpn,0.19002511973750236,BROWSING
non_vpn,non_vpn,0.013010446210850958,BROWSING
non_vpn,non_vpn,0.05263684469968849,BROWSING
non_vpn,non_vpn,0.23623608366668666,BROWSING
non_vpn,non_vpn,0.11934547444839516,BROWSING
non_vpn,non_vpn,0.04785634269493556,BROWSING
non_vpn,vpn,0.5584345922945464,BROWSING
non_vpn,non_vpn,0.09594814522708994,BROWSING
non_vpn,non_vpn,0.01291451597628904,BROWSING
non_vpn,non_vpn,0.04055238199760611,BROWSING
non_vpn,vpn,0.6218138675529311,BROWSING
non_vpn,non_vpn,0.24675418316609435,BROWSING
non_vpn,non_vpn,0.010920206372358958,BROWSING
non_vpn,non_vpn,0.4752324381726067,BROWSING
non_vpn,non_vpn,0.07135968839671453,BROWSING
non_vpn,non_vpn,0.003612235942690836,BROWSING
non_vpn,non_vpn,0.36958281887608746,BROWSING
non_vpn,non_vpn,0.09751541411792469,BROWSING
non_vpn,non_vpn,0.04861512064735955,BROWSING
non_vpn,non_vpn,0.17728927470655909,BROWSING
non_vpn,non_vpn,0.13734865193549106,BROWSING
non_vpn,non_vpn,0.18845263689519967,BROWSING
non_vpn,non_vpn,0.2193873107110072,BROWSING
non_vpn,non_vpn,0.14879243584970137,BROWSING
non_vpn,non_vpn,0.11416276158829884,BROWSING
non_vpn,non_vpn,0.13958814981272846,BROWSING
non_vpn,non_vpn,0.23062188603131545,BROWSING
non_vpn,non_vpn,0.22797455242702863,BROWSING
non_vpn,non_vpn,0.09414096430999817,BROWSING
non_vpn,non_vpn,0.08511733278843574,BROWSING
non_vpn,non_vpn,0.04898341965537962,BROWSING
non_vpn,vpn,0.7446895012128462,BROWSING
non_vpn,non_vpn,0.05351171027777301,BROWSING
non_vpn,non_vpn,0.01676786875680528,BROWSING
non_vpn,non_vpn,0.0929252470233944,BROWSING
non_vpn,non_vpn,0.011084731305089563,BROWSING
non_vpn,non_vpn,0.12883762072318236,BROWSING
non_vpn,non_vpn,0.3369490293614313,BROWSING
non_vpn,non_vpn,0.15961590743074275,BROWSING
non_vpn,non_vpn,0.24403857688283911,BROWSING
non_vpn,non_vpn,0.008764144978431247,BROWSING
non_vpn,non_vpn,0.1297359623398901,BROWSING
non_vpn,non_vpn,0.14219608864667763,BROWSING
non_vpn,non_vpn,0.039409611131636255,BROWSING
non_vpn,non_vpn,0.019279493464450313,BROWSING
non_vpn,non_vpn,0.141706382372318,BROWSING
non_vpn,non_vpn,0.0,BROWSING
non_vpn,non_vpn,0.15873724783367987,BROWSING
non_vpn,non_vpn,0.17873219881391056,BROWSING
non_vpn,vpn,0.8260692068728659,BROWSING
non_vpn,non_vpn,0.04340294307895606,BROWSING
non_vpn,non_vpn,0.05660206439610563,BROWSING
non_vpn,non_vpn,0.3190342445681595,BROWSING
non_vpn,non_vpn,0.27877122419973444,BROWSING
non_vpn,non_vpn,0.014017889810133128,BROWSING
non_vpn,non_vpn,0.10877492418259045,BROWSING
non_vpn,non_vpn,0.048603667934392615,BROWSING
non_vpn,non_vpn,0.05680022538434349,BROWSING
non_vpn,non_vpn,0.3890932375265424,BROWSING
non_vpn,non_vpn,0.3179735172478008,BROWSING
non_vpn,vpn,0.6519347043559638,BROWSING
non_vpn,non_vpn,0.11197705908763934,BROWSING
non_vpn,non_vpn,0.24022148058612505,BROWSING
non_vpn,non_vpn,0.3985428227782329,BROWSING
non_vpn,non_vpn,0.04077561261510052,BROWSING
non_vpn,non_vpn,0.0161024549850962,BROWSING
non_vpn,non_vpn,0.08997214649248911,BROWSING
non_vpn,non_vpn,0.0501565055799192,BROWSING
non_vpn,non_vpn,0.07704175880431084,BROWSING
non_vpn,non_vpn,0.4503402987271316,BROWSING
non_vpn,non_vpn,0.06151283603788775,BROWSING
non_vpn,non_vpn,0.1948212636370979,BROWSING
non_vpn,non_vpn,0.3924883548183374,BROWSING
non_vpn,non_vpn,0.05219791684372011,BROWSING
non_vpn,non_vpn,0.016084731305089563,BROWSING
non_vpn,non_vpn,0.03160240929574588,BROWSING
non_vpn,non_vpn,0.1746231025305211,BROWSING
non_vpn,non_vpn,0.07681724073918833,BROWSING
non_vpn,non_vpn,0.35399878554161446,BROWSING
non_vpn,non_vpn,0.15779512326718373,BROWSING
non_vpn,non_vpn,0.00477964174011942,BROWSING
non_vpn,non_vpn,0.019681683595157574,BROWSING
non_vpn,non_vpn,0.12541744561383955,BROWSING
non_vpn,non_vpn,0.2207891058488134,BROWSING
non_vpn,vpn,0.5234142223174069,BROWSING
non_vpn,non_vpn,0.0517044351515073,BROWSING
non_vpn,non_vpn,0.001194910435029855,BROWSING
non_vpn,non_vpn,0.21439828782260884,BROWSING
non_vpn,non_vpn,0.12508049497202436,BROWSING
non_vpn,non_vpn,0.11614756574516569,BROWSING
non_vpn,non_vpn,0.09025017429241322,BROWSING
non_vpn,non_vpn,0.001194910435029855,BROWSING
non_vpn,non_vpn,0.001194910435029855,BROWSING
non_vpn,non_vpn,0.04017648227996972,BROWSING
non_vpn,non_vpn,0.21007569637666954,BROWSING
non_vpn,non_vpn,0.16089450569000438,BROWSING
non_vpn,non_vpn,0.022615962209746408,BROWSING
non_vpn,non_vpn,0.04320339523770391,BROWSING
non_vpn,non_vpn,0.004006788934699956,BROWSING
non_vpn,non_vpn,0.06465647639367075,BROWSING
non_vpn,non_vpn,0.14231825023063957,BROWSING
non_vpn,non_vpn,0.01436505873673612,BROWSING
non_vpn,non_vpn,0.03827754302717226,BROWSING
non_vpn,non_vpn,0.21484784283008015,BROWSING
non_vpn,non_vpn,0.03041410797177061,BROWSING
non_vpn,non_vpn,0.11858637804309392,BROWSING
non_vpn,non_vpn,0.03579015731396504,BROWSING
non_vpn,non_vpn,0.3948209897426749,BROWSING
non_vpn,non_vpn,0.1367142539471415,BROWSING
non_vpn,non_vpn,0.04362756949814975,BROWSING
non_vpn,non_vpn,0.003027662288496929,BROWSING
non_vpn,non_vpn,0.09091830384472771,BROWSING
non_vpn,non_vpn,0.01649706299830346,BROWSING
non_vpn,non_vpn,0.08710633977492968,BROWSING
non_vpn,non_vpn,0.1304059108381571,BROWSING
non_vpn,non_vpn,0.02655038494249602,BROWSING
non_vpn,non_vpn,0.043564737542483044,BROWSING
non_vpn,non_vpn,0.31819108895928294,BROWSING
non_vpn,non_vpn,0.010739438824308688,BROWSING
non_vpn,non_vpn,0.14373557854833025,BROWSING
non_vpn,non_vpn,0.10131739511437425,BROWSING
non_vpn,non_vpn,0.02172621198443641,BROWSING
non_vpn,non_vpn,0.07715205321007346,BROWSING
non_vpn,non_vpn,0.0009475760992108231,BROWSING
non_vpn,non_vpn,0.07445952543750851,BROWSING
non_vpn,non_vpn,0.015564715530517326,BROWSING
non_vpn,non_vpn,0.13655177422527334,BROWSING
non_vpn,non_vpn,0.014479984225427763,BROWSING
non_vpn,non_vpn,0.012169462610179128,BROWSING
non_vpn,non_vpn,0.0339963188359073,BROWSING
non_vpn,non_vpn,0.010621206531962395,BROWSING
non_vpn,non_vpn,0.009583725450195727,BROWSING
non_vpn,non_vpn,0.021331476202469425,BROWSING
non_vpn,non_vpn,0.023649298559937793,BROWSING
non_vpn,non_vpn,0.08978717009033334,BROWSING
non_vpn,non_vpn,0.14681389160375027,BROWSING
non_vpn,non_vpn,0.21495970159984762,BROWSING
non_vpn,non_vpn,0.057958204720781385,BROWSING
non_vpn,non_vpn,0.05455177882273961,BROWSING
non_vpn,non_vpn,0.14030701316448854,BROWSING
non_vpn,non_vpn,0.17629893995113347,BROWSING
non_vpn,non_vpn,0.29632003054012707,BROWSING
non_vpn,non_vpn,0.07039828253899472,BROWSING
non_vpn,non_vpn,0.014443033176133335,BROWSING
non_vpn,non_vpn,0.016945486919287746,BROWSING
non_vpn,non_vpn,0.07540900629509115,BROWSING
non_vpn,non_vpn,0.02131637533980446,BROWSING
non_vpn,non_vpn,0.05745113312383653,BROWSING
non_vpn,non_vpn,0.007023580233223827,BROWSING
non_vpn,non_vpn,0.22298991944112104,BROWSING
non_vpn,non_vpn,0.03365947121139652,BROWSING
non_vpn,non_vpn,0.002811878499670101,BROWSING
non_vpn,non_vpn,0.25371881351036896,BROWSING
non_vpn,non_vpn,0.01152020915320421,BROWSING
non_vpn,non_vpn,0.073037442193083,BROWSING
non_vpn,non_vpn,0.2997023285681952,BROWSING
non_vpn,vpn,0.7167739701070834,BROWSING
non_vpn,non_vpn,0.17522085178474195,BROWSING
non_vpn,non_vpn,0.25718822772164424,BROWSING
non_vpn,non_vpn,0.015030060573481654,BROWSING
non_vpn,non_vpn,0.009693904580136019,BROWSING
non_vpn,non_vpn,0.0518884945429849,BROWSING
non_vpn,non_vpn,0.20454694401616663,BROWSING
non_vpn,non_vpn,0.12760314948899917,BROWSING
non_vpn,non_vpn,0.04039535929282422,BROWSING
non_vpn,non_vpn,0.08145956320713955,BROWSING
non_vpn,non_vpn,0.11122471510640533,BROWSING
non_vpn,non_vpn,0.02232219954840169,BROWSING
non_vpn,non_vpn,0.01090051277410482,BROWSING
non_vpn,non_vpn,0.016635742181472252,BROWSING
non_vpn,non_vpn,0.012589928073552999,BROWSING
non_vpn,vpn,0.6714415698242346,BROWSING
non_vpn,non_vpn,0.40860868878210993,BROWSING
non_vpn,non_vpn,0.13525347210710062,BROWSING
non_vpn,non_vpn,0.008350817187774787,BROWSING
non_vpn,non_vpn,0.2402431552213067,BROWSING
non_vpn,non_vpn,0.23169837907735516,BROWSING
non_vpn,non_vpn,0.3657561451806233,BROWSING
non_vpn,non_vpn,0.4189214627840981,BROWSING
non_vpn,non_vpn,0.07289536739281678,BROWSING
non_vpn,non_vpn,0.03156942376452504,BROWSING
non_vpn,non_vpn,0.006979984225427762,BROWSING
non_vpn,non_vpn,0.00754469975594509,BROWSING
non_vpn,non_vpn,0.02759398541974408,BROWSING
non_vpn,non_vpn,0.30995603918773407,BROWSING
non_vpn,non_vpn,0.025061788294653692,BROWSING
non_vpn,non_vpn,0.08479844693487364,BROWSING
non_vpn,non_vpn,0.0051548788858853814,BROWSING
non_vpn,vpn,0.5134676761796916,BROWSING
non_vpn,non_vpn,0.09511474588664383,BROWSING
non_vpn,non_vpn,0.003694910435029855,BROWSING
non_vpn,non_vpn,0.04700257155244058,BROWSING
non_vpn,non_vpn,0.026276875236860568,BROWSING
non_vpn,non_vpn,0.43930836839435367,BROWSING
non_vpn,non_vpn,0.023005025204625815,BROWSING
non_vpn,non_vpn,0.1336376879304071,BROWSING
non_vpn,non_vpn,0.02997026805486417,BROWSING
non_vpn,non_vpn,0.01905038494249602,BROWSING
non_vpn,vpn,0.802193441442751,BROWSING
non_vpn,non_vpn,0.0379865972453468,BROWSING
non_vpn,non_vpn,0.394164210259081,BROWSING
non_vpn,non_vpn,0.06498084988868291,BROWSING
non_vpn,non_vpn,0.04699341381915858,BROWSING
non_vpn,non_vpn,0.09890906355417832,BROWSING
non_vpn,non_vpn,0.01252013586282886,BROWSING
non_vpn,non_vpn,0.13123744627349093,BROWSING
non_vpn,non_vpn,0.27006877204913854,BROWSING
non_vpn,non_vpn,0.32389839307320556,BROWSING
non_vpn,non_vpn,0.04628970606231302,BROWSING
non_vpn,non_vpn,0.05451611400518047,BROWSING
non_vpn,non_vpn,0.04483085081563621,BROWSING
non_vpn,non_vpn,0.06981546361425027,BROWSING
non_vpn,non_vpn,0.15507735688882301,BROWSING
non_vpn,non_vpn,0.41038257252246185,BROWSING
non_vpn,non_vpn,0.05430533287343258,BROWSING
non_vpn,non_vpn,0.23100121944522395,BROWSING
non_vpn,non_vpn,0.3606468333715673,BROWSING
non_vpn,non_vpn,0.05222448689974966,BROWSING
non_vpn,non_vpn,0.26597309977370265,BROWSING
non_vpn,non_vpn,0.13608671432449124,BROWSING
non_vpn,non_vpn,0.02489312461148961,BROWSING
non_vpn,non_vpn,0.009376347861263137,BROWSING
non_vpn,non_vpn,0.0,BROWSING
non_vpn,non_vpn,0.012155263027481922,BROWSING
non_vpn,non_vpn,0.10967052906263319,BROWSING
non_vpn,non_vpn,0.0048898208700597105,BROWSING
non_vpn,non_vpn,0.1332612636429802,BROWSING
non_vpn,vpn,0.5923608186556507,BROWSING
non_vpn,vpn,0.5573220691592133,BROWSING
non_vpn,non_vpn,0.25554960128047993,BROWSING
non_vpn,non_vpn,0.28848313204931114,BROWSING
non_vpn,non_vpn,0.024583725450195725,BROWSING
non_vpn,non_vpn,0.0878123817360877,BROWSING
non_vpn,non_vpn,0.1105887456738641,BROWSING
non_vpn,non_vpn,0.43597810010516047,BROWSING
non_vpn,vpn,0.5448456486316224,BROWSING
non_vpn,non_vpn,0.06689658591681795,BROWSING
non_vpn,non_vpn,0.0879949561749238,BROWSING
non_vpn,non_vpn,0.005564715530517328,BROWSING
non_vpn,non_vpn,0.1939938961219876,BROWSING
non_vpn,non_vpn,0.0831840535795221,BROWSING
non_vpn,non_vpn,0.01111856194229527,BROWSING
non_vpn,non_vpn,0.11261097686707673,BROWSING
non_vpn,non_vpn,0.3520002684529937,BROWSING
non_vpn,non_vpn,0.10155103272870844,BROWSING
non_vpn,non_vpn,0.4815409398938237,BROWSING
non_vpn,non_vpn,0.18500994946464291,BROWSING
non_vpn,non_vpn,0.005974552175149275,BROWSING
non_vpn,vpn,0.6805165651638069,BROWSING
non_vpn,non_vpn,0.027548029092596803,BROWSING
non_vpn,non_vpn,0.24345305999644018,BROWSING
non_vpn,non_vpn,0.2163162677461641,BROWSING
non_vpn,non_vpn,0.45846642395621,BROWSING
non_vpn,non_vpn,0.38192856417429316,BROWSING
non_vpn,non_vpn,0.08297967124706698,BROWSING
non_vpn,non_vpn,0.10752628260826379,BROWSING
non_vpn,non_vpn,0.02130835654211135,BROWSING
non_vpn,non_vpn,0.12088825608617414,BROWSING
non_vpn,vpn,0.7647074260306256,BROWSING
non_vpn,non_vpn,0.45105094730685097,BROWSING
non_vpn,non_vpn,0.012540721562224744,BROWSING
non_vpn,non_vpn,0.015796388624526942,BROWSING
non_vpn,non_vpn,0.040212985144564124,BROWSING
non_vpn,vpn,0.6142319293040305,BROWSING
non_vpn,non_vpn,0.07164741286563103,BROWSING
non_vpn,non_vpn,0.33851579080786753,BROWSING
non_vpn,non_vpn,0.033616710491026075,BROWSING
non_vpn,non_vpn,0.13556732407179262,BROWSING
non_vpn,non_vpn,0.01153835419254204,BROWSING
non_vpn,non_vpn,0.05248803233493989,BROWSING
non_vpn,non_vpn,0.01804248490169254,BROWSING
non_vpn,non_vpn,0.0213409651948241,BROWSING
non_vpn,non_vpn,0.02195131569143065,BROWSING
non_vpn,non_vpn,0.03478145193162337,BROWSING
non_vpn,non_vpn,0.4529658250094656,BROWSING
non_vpn,non_vpn,0.2921222565561478,BROWSING
non_vpn,non_vpn,0.3386281754241505,BROWSING
non_vpn,non_vpn,0.31825744065613093,BROWSING
non_vpn,vpn,0.9794334521585429,BROWSING
non_vpn,non_vpn,0.09215735529261865,BROWSING
non_vpn,vpn,0.6139573872487051,BROWSING
non_vpn,non_vpn,0.08232837823557546,BROWSING
non_vpn,non_vpn,0.17384204384205024,BROWSING
non_vpn,non_vpn,0.33979273926253334,BROWSING
non_vpn,non_vpn,0.3643964709674444,BROWSING
non_vpn,vpn,0.6363906899915417,BROWSING
non_vpn,non_vpn,0.1669159597927132,BROWSING
non_vpn,non_vpn,0.4923217494129438,BROWSING
non_vpn,vpn,0.7951895515193036,BROWSING
non_vpn,vpn,0.5205269568698617,BROWSING
non_vpn,non_vpn,0.0911096268426984,BROWSING
non_vpn,non_vpn,0.20226426157003488,BROWSING
non_vpn,non_vpn,0.2012947194989348,BROWSING
non_vpn,non_vpn,0.01669494616276617,BROWSING
non_vpn,non_vpn,0.02318831487896187,BROWSING
non_vpn,non_vpn,0.07760139441305342,BROWSING
non_vpn,non_vpn,0.024466866545629604,BROWSING
non_vpn,non_vpn,0.3065718540289645,BROWSING
non_vpn,non_vpn,0.0031428621966063854,BROWSING
non_vpn,non_vpn,0.04965357014726531,BROWSING
non_vpn,non_vpn,0.30684772332049504,BROWSING
non_vpn,non_vpn,0.10778868309410942,BROWSING
non_vpn,non_vpn,0.18148406176121906,BROWSING
non_vpn,non_vpn,0.013812736078894836,BROWSING
non_vpn,non_vpn,0.044957907342725714,BROWSING
non_vpn,non_vpn,0.023959524465957525,BROWSING
non_vpn,non_vpn,0.0864950610543487,BROWSING
non_vpn,vpn,0.7083373939351906,BROWSING
non_vpn,non_vpn,0.4376307136080624,BROWSING
non_vpn,non_vpn,0.05046409990537949,BROWSING
non_vpn,non_vpn,0.0335903881211923,BROWSING
non_vpn,non_vpn,0.08566941162134308,BROWSING
non_vpn,non_vpn,0.12619867154457917,BROWSING
non_vpn,non_vpn,0.042849647524971876,BROWSING
non_vpn,non_vpn,0.06963844257649549,BROWSING
non_vpn,non_vpn,0.06495399242752216,BROWSING
non_vpn,non_vpn,0.20787219906785126,BROWSING
non_vpn,non_vpn,0.055755698860745176,BROWSING
non_vpn,non_vpn,0.37837879413011216,BROWSING
non_vpn,vpn,0.6936229150896708,BROWSING
non_vpn,non_vpn,0.16640364199654434,BROWSING
non_vpn,non_vpn,0.005986773160127718,BROWSING
non_vpn,non_vpn,0.16538056814917898,BROWSING
non_vpn,non_vpn,0.19415802177938135,BROWSING
non_vpn,non_vpn,0.17995609652456582,BROWSING
non_vpn,vpn,0.5243117250327424,BROWSING
non_vpn,non_vpn,0.11032492968990852,BROWSING
non_vpn,non_vpn,0.39213931024529897,BROWSING
non_vpn,non_vpn,0.05966331652658487,BROWSING
non_vpn,non_vpn,0.1059892262706079,BROWSING
non_vpn,non_vpn,0.0429371266152735,BROWSING
non_vpn,non_vpn,0.10013196403869049,BROWSING
non_vpn,non_vpn,0.06060097845042508,BROWSING
non_vpn,non_vpn,0.21102682387306249,BROWSING
non_vpn,non_vpn,0.23690115701962783,BROWSING
non_vpn,non_vpn,0.08419575749826379,BROWSING
non_vpn,non_vpn,0.04552730299799778,BROWSING
non_vpn,non_vpn,0.008959968450855525,BROWSING
non_vpn,non_vpn,0.004479984225427763,BROWSING
non_vpn,non_vpn,0.49397471704587537,BROWSING
non_vpn,non_vpn,0.021202556948954544,BROWSING
non_vpn,non_vpn,0.02994473022254374,BROWSING
non_vpn,non_vpn,0.011459968450855524,BROWSING
non_vpn,vpn,0.7282481565017713,BROWSING
non_vpn,non_vpn,0.06958962608850365,BROWSING
non_vpn,non_vpn,0.012024267957664987,BROWSING
non_vpn,non_vpn,0.016149275468940637,BROWSING
non_vpn,non_vpn,0.09608720322830973,BROWSING
non_vpn,vpn,0.6838764949252212,BROWSING
non_vpn,non_vpn,0.47752545164121285,BROWSING
non_vpn,vpn,0.5388385588912417,BROWSING
non_vpn,non_vpn,0.30126864756186056,BROWSING
non_vpn,vpn,0.5943398322540326,BROWSING
non_vpn,non_vpn,0.17570665886545617,BROWSING
non_vpn,non_vpn,0.03879113086183986,BROWSING
non_vpn,non_vpn,0.002811878499670101,BROWSING
non_vpn,non_vpn,0.257475989485836,BROWSING
non_vpn,non_vpn,0.16510408363407797,BROWSING
non_vpn,non_vpn,0.05598112783999989,BROWSING
non_vpn,vpn,0.7929977431360479,BROWSING
non_vpn,non_vpn,0.02281766157947622,BROWSING
non_vpn,non_vpn,0.10329205314355797,BROWSING
non_vpn,non_vpn,0.06063657724670861,BROWSING
non_vpn,non_vpn,0.12046326041484903,BROWSING
non_vpn,non_vpn,0.02866904887511037,BROWSING
non_vpn,non_vpn,0.0678167346076371,BROWSING
non_vpn,non_vpn,0.24721622582727043,BROWSING
non_vpn,non_vpn,0.3001411743655936,BROWSING
non_vpn,non_vpn,0.4088023275039344,BROWSING
non_vpn,non_vpn,0.008076936515495771,BROWSING
non_vpn,non_vpn,0.009382026080465917,BROWSING
non_vpn,non_vpn,0.43311884001183015,BROWSING
non_vpn,non_vpn,0.3941183330706866,BROWSING
non_vpn,non_vpn,0.1736215159436881,BROWSING
non_vpn,non_vpn,0.07503288865779503,BROWSING
non_vpn,non_vpn,0.11350030173842103,BROWSING
non_vpn,non_vpn,0.4405441609001254,BROWSING
non_vpn,vpn,0.5364820731315173,BROWSING
non_vpn,vpn,0.5045187672433993,BROWSING
non_vpn,non_vpn,0.08841435629593006,BROWSING
non_vpn,vpn,0.6347661489157747,BROWSING
non_vpn,non_vpn,0.03760538163457239,BROWSING
non_vpn,non_vpn,0.457851727180233,BROWSING
non_vpn,vpn,0.5754335675271988,BROWSING
non_vpn,non_vpn,0.09179340326852543,BROWSING
non_vpn,non_vpn,0.021007839892556664,BROWSING
non_vpn,non_vpn,0.40323593885609554,BROWSING
non_vpn,non_vpn,0.2580299838710852,BROWSING
non_vpn,non_vpn,0.11286170613724396,BROWSING
non_vpn,vpn,0.6919890586514461,BROWSING
non_vpn,non_vpn,0.18455916684662785,BROWSING
non_vpn,non_vpn,0.024689330109082266,BROWSING
non_vpn,non_vpn,0.34216001913010513,BROWSING
non_vpn,non_vpn,0.21683726411416593,BROWSING
non_vpn,non_vpn,0.4931642530373616,BROWSING
non_vpn,non_vpn,0.1814582215785948,BROWSING
non_vpn,non_vpn,0.1283262150537933,BROWSING
non_vpn,non_vpn,0.4510879506051642,BROWSING
non_vpn,vpn,0.7758894830901605,BROWSING
non_vpn,non_vpn,0.3597480583979808,BROWSING
non_vpn,non_vpn,0.1974187260407484,BROWSING
non_vpn,non_vpn,0.01839848673493857,BROWSING
non_vpn,non_vpn,0.029160857155112713,BROWSING
non_vpn,non_vpn,0.06314262786461838,BROWSING
non_vpn,non_vpn,0.21433875741239067,BROWSING
non_vpn,non_vpn,0.19768789102642628,BROWSING
non_vpn,non_vpn,0.1583211426492805,BROWSING
non_vpn,vpn,0.5182732237656034,BROWSING
non_vpn,vpn,0.6330667069490269,BROWSING
non_vpn,non_vpn,0.3883052226891952,BROWSING
non_vpn,vpn,0.5362711075598035,BROWSING
non_vpn,non_vpn,0.3551918884980413,BROWSING
non_vpn,non_vpn,0.34840656257195823,BROWSING
non_vpn,non_vpn,0.3738499174853559,BROWSING
non_vpn,non_vpn,0.25341538248137707,BROWSING
non_vpn,non_vpn,0.4366503252046398,BROWSING
non_vpn,vpn,0.7388510672653108,BROWSING
non_vpn,non_vpn,0.02270077787535628,BROWSING
non_vpn,non_vpn,0.35080560926232995,BROWSING
non_vpn,non_vpn,0.008660594643613715,BROWSING
non_vpn,non_vpn,0.029775927569780748,BROWSING
non_vpn,non_vpn,0.002811878499670101,BROWSING
non_vpn,non_vpn,0.03338291938742697,BROWSING
non_vpn,non_vpn,0.05400569312307832,BROWSING
non_vpn,non_vpn,0.04912771248055006,BROWSING
non_vpn,non_vpn,0.04888266581947492,BROWSING
non_vpn,vpn,0.7519894202209874,BROWSING
non_vpn,non_vpn,0.017184107983789793,BROWSING
non_vpn,non_vpn,0.0658897607573404,BROWSING
non_vpn,non_vpn,0.13444472988267936,BROWSING
non_vpn,non_vpn,0.06786459406351676,BROWSING
non_vpn,non_vpn,0.07512143271966897,BROWSING
non_vpn,non_vpn,0.030315633669076292,BROWSING
non_vpn,non_vpn,0.02414353749209739,BROWSING
non_vpn,non_vpn,0.01032207157424862,BROWSING
non_vpn,vpn,0.5424625261436858,BROWSING
non_vpn,non_vpn,0.2483581231928407,BROWSING
non_vpn,vpn,0.6937892900987487,BROWSING
non_vpn,non_vpn,0.045359005200029216,BROWSING
non_vpn,vpn,0.7049731381626683,BROWSING
non_vpn,non_vpn,0.25736985762013126,BROWSING
non_vpn,non_vpn,0.36924050792800356,BROWSING
non_vpn,non_vpn,0.10026956147618021,BROWSING
non_vpn,non_vpn,0.04416183918555215,BROWSING
non_vpn,non_vpn,0.16048582424076444,BROWSING
non_vpn,non_vpn,0.08411332083176572,BROWSING
non_vpn,non_vpn,0.1203678658669171,BROWSING
non_vpn,non_vpn,0.08794781713064655,BROWSING
non_vpn,non_vpn,0.07834799469447797,BROWSING
non_vpn,non_vpn,0.03521952958300647,BROWSING
non_vpn,non_vpn,0.20772499911137246,BROWSING
non_vpn,non_vpn,0.26538669408108084,BROWSING
non_vpn,non_vpn,0.15613830118662983,BROWSING
non_vpn,non_vpn,0.4243815908558826,BROWSING
non_vpn,non_vpn,0.2050618856737344,BROWSING
non_vpn,non_vpn,0.31024358713815675,BROWSING
non_vpn,vpn,0.5964435033110661,BROWSING
non_vpn,non_vpn,0.2374848513179565,BROWSING
non_vpn,non_vpn,0.44114316278366805,BROWSING
non_vpn,vpn,0.6571943647280672,BROWSING
non_vpn,non_vpn,0.27557305074242644,BROWSING
non_vpn,non_vpn,0.07634978163668987,BROWSING
non_vpn,vpn,0.5323685875301191,BROWSING
non_vpn,non_vpn,0.2582809396687009,BROWSING
non_vpn,vpn,0.6086432343228761,BROWSING
non_vpn,non_vpn,0.47168042014470446,BROWSING
non_vpn,non_vpn,0.11813215604290452,BROWSING
non_vpn,non_vpn,0.16274387692496567,BROWSING
non_vpn,non_vpn,0.27630905108143133,BROWSING
non_vpn,non_vpn,0.15740176607994447,BROWSING
non_vpn,non_vpn,0.05201327098086511,BROWSING
non_vpn,non_vpn,0.2706032458243303,BROWSING
non_vpn,non_vpn,0.1578719884409427,BROWSING
non_vpn,non_vpn,0.08112859141048155,BROWSING
non_vpn,non_vpn,0.09659402055671623,BROWSING
non_vpn,non_vpn,0.2654956713139155,BROWSING
non_vpn,non_vpn,0.07054761828660715,BROWSING
non_vpn,non_vpn,0.14719802302233162,BROWSING
non_vpn,non_vpn,0.41520259074776694,BROWSING
non_vpn,non_vpn,0.10185685783901902,BROWSING
non_vpn,vpn,0.5439514878559704,BROWSING
non_vpn,non_vpn,0.07459103103492534,BROWSING
non_vpn,non_vpn,0.16482259685609063,BROWSING
non_vpn,non_vpn,0.4244468394392505,BROWSING
non_vpn,non_vpn,0.04122673451991157,BROWSING
non_vpn,non_vpn,0.03270760369365583,BROWSING
non_vpn,vpn,0.7080699763416857,BROWSING
non_vpn,non_vpn,0.3031315586612029,BROWSING
non_vpn,non_vpn,0.06712158499303121,BROWSING
non_vpn,non_vpn,0.2601840691442114,BROWSING
non_vpn,non_vpn,0.00475387861347738,BROWSING
non_vpn,non_vpn,0.1450701972420055,BROWSING
non_vpn,non_vpn,0.020856319882802978,BROWSING
non_vpn,non_vpn,0.00579744266043911,BROWSING
non_vpn,non_vpn,0.015563528543124334,BROWSING
non_vpn,non_vpn,0.00101780092031969,BROWSING
non_vpn,vpn,0.7604141191368486,BROWSING
non_vpn,non_vpn,0.013786430674819376,BROWSING
non_vpn,non_vpn,0.3616357957488042,BROWSING
non_vpn,non_vpn,0.23400264479424743,BROWSING
non_vpn,non_vpn,0.012387795627537153,BROWSING
non_vpn,non_vpn,0.2052613057738645,BROWSING
non_vpn,non_vpn,0.20424740044069548,BROWSING
non_vpn,non_vpn,0.36101670909595723,BROWSING
non_vpn,non_vpn,0.06026942693435294,BROWSING
non_vpn,non_vpn,0.017883301648174414,BROWSING
non_vpn,non_vpn,0.24425070019983036,BROWSING
non_vpn,non_vpn,0.4594069427086427,BROWSING
non_vpn,non_vpn,0.344901275296528,BROWSING
non_vpn,non_vpn,0.020025472386657295,BROWSING
non_vpn,non_vpn,0.003158695481758827,BROWSING
non_vpn,non_vpn,0.002811878499670101,BROWSING
non_vpn,vpn,0.9993116817782528,BROWSING
non_vpn,non_vpn,0.1706080130619848,BROWSING
non_vpn,non_vpn,0.38663928164639283,BROWSING
non_vpn,vpn,0.8487616851361395,BROWSING
non_vpn,non_vpn,0.24890435193790403,BROWSING
non_vpn,non_vpn,0.03194972905425244,BROWSING
non_vpn,vpn,0.5097318920099302,BROWSING
non_vpn,vpn,0.6214080944719378,BROWSING
non_vpn,non_vpn,0.19838948661641365,BROWSING
non_vpn,non_vpn,0.2949471077093614,BROWSING
non_vpn,non_vpn,0.060084689401906484,BROWSING
non_vpn,non_vpn,0.031309752535231,BROWSING
non_vpn,vpn,0.5820148647651793,BROWSING
non_vpn,non_vpn,0.39797622882715883,BROWSING
non_vpn,non_vpn,0.25469661688841366,BROWSING
non_vpn,non_vpn,0.01934015862782763,BROWSING
non_vpn,non_vpn,0.3851101883389797,BROWSING
non_vpn,non_vpn,0.07868411901695803,BROWSING
non_vpn,non_vpn,0.15831996431956363,BROWSING
non_vpn,non_vpn,0.47215558430165416,BROWSING
non_vpn,non_vpn,0.24111210415089274,BROWSING
non_vpn,non_vpn,0.06086147049015725,BROWSING
non_vpn,non_vpn,0.05263306383155135,BROWSING
non_vpn,non_vpn,0.16187832526192808,BROWSING
non_vpn,non_vpn,0.0058915638132163075,BROWSING
non_vpn,vpn,0.6010344723279971,BROWSING
non_vpn,non_vpn,0.3553267539956096,BROWSING
non_vpn,non_vpn,0.1425024286715086,BROWSING
non_vpn,non_vpn,0.06875542630616825,BROWSING
non_vpn,vpn,0.5757756378316001,BROWSING
non_vpn,non_vpn,0.25203331763843934,BROWSING
non_vpn,non_vpn,0.4463124165478529,BROWSING
vpn,non_vpn,0.3534595462704296,BROWSING
vpn,vpn,0.7972424215011066,BROWSING
vpn,vpn,0.6425858029434738,BROWSING
vpn,vpn,0.8216980038846574,BROWSING
vpn,non_vpn,0.4340433590538526,BROWSING
vpn,vpn,0.8590502195075174,BROWSING
vpn,vpn,0.894488514131065,BROWSING
vpn,vpn,0.9325730745160861,BROWSING
vpn,vpn,0.7707498800547506,BROWSING
vpn,vpn,0.8884650048897018,BROWSING
vpn,vpn,0.9531770034963704,BROWSING
vpn,vpn,0.8103770933727347,BROWSING
vpn,vpn,0.8076179574399341,BROWSING
vpn,vpn,0.7699671814299627,BROWSING
vpn,non_vpn,0.4719518364534182,BROWSING
vpn,non_vpn,0.45182194989424374,BROWSING
vpn,vpn,0.9516838964174036,BROWSING
vpn,vpn,0.7763239466230164,BROWSING
vpn,non_vpn,0.440526678004203,BROWSING
vpn,non_vpn,0.4535117316238053,BROWSING
vpn,vpn,0.8763854942558277,BROWSING
vpn,vpn,0.771485708079747,BROWSING
vpn,vpn,0.7960772967517316,BROWSING
vpn,vpn,0.8558722841474266,BROWSING
vpn,vpn,0.9075141249016823,BROWSING
vpn,vpn,0.6346005355656462,BROWSING
vpn,vpn,0.719021535006157,BROWSING
vpn,vpn,0.7227885459709513,BROWSING
vpn,vpn,0.7913623701465121,BROWSING
vpn,vpn,0.8177969668427337,BROWSING
vpn,vpn,0.5160141873889552,BROWSING
vpn,non_vpn,0.23240109156376235,BROWSING
vpn,vpn,0.8670284289117147,BROWSING
vpn,vpn,0.8100253343731392,BROWSING
vpn,vpn,0.604121017893321,BROWSING
vpn,vpn,0.9653400746211611,BROWSING
vpn,vpn,0.7400098532496346,BROWSING
vpn,vpn,0.7525167071119505,BROWSING
vpn,vpn,0.9259199820046738,BROWSING
vpn,vpn,0.7922293010650295,BROWSING
vpn,vpn,0.8917366081904129,BROWSING
vpn,vpn,0.6605811693047217,BROWSING
vpn,vpn,0.6605586884847823,BROWSING
vpn,vpn,0.852236841217859,BROWSING
vpn,non_vpn,0.3593316107560537,BROWSING
vpn,vpn,0.8870785667492893,BROWSING
vpn,vpn,0.5448338417750969,BROWSING
vpn,vpn,0.6640885388222625,BROWSING
vpn,vpn,0.8233502614076309,BROWSING
vpn,vpn,0.6654378722114163,BROWSING
vpn,vpn,0.8845393128086296,BROWSING
vpn,vpn,0.9585722664737923,BROWSING
vpn,vpn,0.6716123131314603,BROWSING
vpn,vpn,0.82549571842544,BROWSING
vpn,vpn,0.8103504550835529,BROWSING
vpn,vpn,0.9372596616932833,BROWSING
vpn,vpn,0.6453412224729145,BROWSING
vpn,vpn,0.7358845643774151,BROWSING
vpn,vpn,0.66769333947042,BROWSING
vpn,vpn,0.7035538866883264,BROWSING
vpn,vpn,0.6436773001656326,BROWSING
vpn,vpn,0.8363477355700737,BROWSING
vpn,vpn,0.9190522482293393,BROWSING
vpn,vpn,0.8611939697355447,BROWSING
vpn,vpn,0.9146512332157394,BROWSING
vpn,vpn,0.795816512072297,BROWSING
vpn,vpn,0.9700001048606033,BROWSING
vpn,vpn,0.7970693389180351,BROWSING
vpn,vpn,0.9694135032960095,BROWSING
vpn,vpn,0.7339503770239336,BROWSING
vpn,vpn,0.9320423520954242,BROWSING
vpn,vpn,0.9619704963505095,BROWSING
vpn,vpn,0.9106462859495218,BROWSING
vpn,vpn,0.8548376293825828,BROWSING
vpn,vpn,0.8448524463558121,BROWSING
vpn,vpn,0.9800344869509332,BROWSING
vpn,vpn,0.7372485050568567,BROWSING
vpn,vpn,0.9776092439197961,BROWSING
vpn,vpn,0.8224759233977155,BROWSING
vpn,vpn,0.68030250670976,BROWSING
vpn,vpn,0.9260375142286886,BROWSING
vpn,vpn,0.8390417315679751,BROWSING
vpn,vpn,0.9806835685202104,BROWSING
vpn,vpn,0.616859995070841,BROWSING
vpn,vpn,0.896942500300555,BROWSING
vpn,vpn,0.8912819254877483,BROWSING
vpn,vpn,0.5660644653168722,BROWSING
vpn,vpn,0.6432489260940178,BROWSING
vpn,vpn,0.78282360521473,BROWSING
vpn,vpn,0.9151264590813798,BROWSING
vpn,vpn,0.9260031398023704,BROWSING
vpn,vpn,0.8433070872710133,BROWSING
vpn,vpn,0.7533031694349299,BROWSING
vpn,vpn,0.7327457123193001,BROWSING
vpn,vpn,0.9267393568064799,BROWSING
vpn,vpn,0.9053856341701393,BROWSING
vpn,vpn,0.9211083539733991,BROWSING
vpn,non_vpn,0.45356652528936214,BROWSING
vpn,vpn,0.7379605754992656,BROWSING
vpn,vpn,0.5293906395256749,BROWSING
vpn,vpn,0.8683960766963724,BROWSING
vpn,vpn,0.9754183099275225,BROWSING
vpn,vpn,0.8577296646908684,BROWSING
vpn,vpn,0.8559161963075147,BROWSING
vpn,vpn,0.8488880438875112,BROWSING
vpn,vpn,0.7984850111316633,BROWSING
vpn,vpn,0.6185590092512078,BROWSING
vpn,vpn,0.684657141133359,BROWSING
vpn,vpn,0.9270364387471308,BROWSING
vpn,vpn,0.986259454598881,BROWSING
vpn,vpn,0.9547082820819095,BROWSING
vpn,vpn,0.9344335453012151,BROWSING
vpn,vpn,0.7002891334608998,BROWSING
vpn,vpn,0.9310168353836147,BROWSING
vpn,vpn,0.9136600209232426,BROWSING
vpn,vpn,0.9432099321734947,BROWSING
vpn,vpn,0.961106335974408,BROWSING
vpn,vpn,0.9823402214260207,BROWSING
vpn,vpn,0.9591938491219664,BROWSING
vpn,vpn,0.594792784654386,BROWSING
vpn,vpn,0.9328428553989754,BROWSING
vpn,vpn,0.9502653699819683,BROWSING
vpn,vpn,0.7347372913743699,BROWSING
vpn,vpn,0.985770842906421,BROWSING
vpn,vpn,0.9876582082225369,BROWSING
vpn,vpn,0.5492448222959642,BROWSING
vpn,vpn,0.8437105172174323,BROWSING
vpn,vpn,0.6181858839811547,BROWSING
vpn,vpn,0.9654716249392856,BROWSING
vpn,vpn,0.9119531185142326,BROWSING
vpn,vpn,0.9400101522111848,BROWSING
vpn,vpn,0.5945945379726547,BROWSING
vpn,vpn,0.9699197886260419,BROWSING
vpn,vpn,0.961046984581327,BROWSING
vpn,vpn,0.930474766053864,BROWSING
vpn,vpn,0.8953939601259815,BROWSING
vpn,non_vpn,0.4989786852953605,BROWSING
vpn,vpn,0.9628022162567618,BROWSING
vpn,vpn,0.706426752301565,BROWSING
vpn,vpn,0.8181212943201378,BROWSING
vpn,vpn,0.9918612524307133,BROWSING
vpn,vpn,0.878295784659864,BROWSING
vpn,vpn,0.8149195111269633,BROWSING
vpn,vpn,0.9001760478110401,BROWSING
vpn,vpn,0.8841110486598922,BROWSING
vpn,non_vpn,0.4354720937387183,BROWSING
vpn,vpn,0.9383729485208258,BROWSING
vpn,vpn,0.8493196987111452,BROWSING
vpn,vpn,0.79225847900833,BROWSING
vpn,non_vpn,0.36854392676284076,BROWSING
vpn,vpn,0.7146330535836779,BROWSING
vpn,vpn,0.8298995988334664,BROWSING
vpn,vpn,0.8271738147393299,BROWSING
vpn,vpn,0.6468424583581818,BROWSING
vpn,vpn,0.5184873910236003,BROWSING
vpn,vpn,0.6592801022419227,BROWSING
vpn,vpn,0.858479282386141,BROWSING
vpn,vpn,0.9235124468836163,BROWSING
vpn,vpn,0.8119213447395613,BROWSING
vpn,vpn,0.7096979634315579,BROWSING
vpn,vpn,0.6556848586950322,BROWSING
vpn,vpn,0.6351612055846835,BROWSING
vpn,vpn,0.8783484149760681,BROWSING
vpn,vpn,0.850019774120139,BROWSING
vpn,vpn,0.9411412561161292,BROWSING
vpn,vpn,0.5771461879080294,BROWSING
vpn,vpn,0.7892892668591566,BROWSING
vpn,non_vpn,0.32652792300261735,BROWSING
vpn,vpn,0.8952905625991124,BROWSING
vpn,vpn,0.9660624811538453,BROWSING
vpn,vpn,0.9031161556495377,BROWSING
vpn,vpn,0.9042884227516024,BROWSING
vpn,non_vpn,0.4008064369128923,BROWSING
vpn,non_vpn,0.32328155440869716,BROWSING
vpn,vpn,0.9168941579104642,BROWSING
vpn,non_vpn,0.46376924629436755,BROWSING
vpn,non_vpn,0.44919591411750104,BROWSING
vpn,vpn,0.9548880622965443,BROWSING
vpn,vpn,0.7820492715195383,BROWSING
vpn,non_vpn,0.255451855323258,BROWSING
vpn,vpn,0.7387217376376768,BROWSING
vpn,vpn,0.8794115802969549,BROWSING
vpn,non_vpn,0.41487552155581975,BROWSING
vpn,vpn,0.7045236487690718,BROWSING
vpn,vpn,0.9099202746132788,BROWSING
vpn,vpn,0.8429429842427765,BROWSING
vpn,vpn,0.605928726890973,BROWSING
vpn,vpn,0.9596781725396193,BROWSING
vpn,vpn,0.6505345290949294,BROWSING
vpn,vpn,0.9533899887073907,BROWSING
vpn,vpn,0.915483612374278,BROWSING
vpn,non_vpn,0.3168345939912485,BROWSING
vpn,vpn,0.7863284962326764,BROWSING
vpn,non_vpn,0.4287194007969395,BROWSING
vpn,vpn,0.6182511575519096,BROWSING
vpn,vpn,0.779715682183204,BROWSING
vpn,vpn,0.7967914317116699,BROWSING
vpn,non_vpn,0.46903912805715015,BROWSING
vpn,vpn,0.7850965767459153,BROWSING
vpn,non_vpn,0.4380849650239671,BROWSING
vpn,vpn,0.7891310544154406,BROWSING
vpn,non_vpn,0.34537128778825976,BROWSING
vpn,vpn,0.7774457285326233,BROWSING
vpn,vpn,0.9206451832414964,BROWSING
vpn,vpn,0.6200930696870648,BROWSING
vpn,vpn,0.7442688499722092,BROWSING
vpn,vpn,0.7465471045044552,BROWSING
vpn,non_vpn,0.4225785405150052,BROWSING
vpn,vpn,0.859171389420365,BROWSING
vpn,vpn,0.7421454964154396,BROWSING
vpn,vpn,0.8780119771645435,BROWSING
vpn,vpn,0.9303911025535804,BROWSING
vpn,vpn,0.7586552933367223,BROWSING
vpn,vpn,0.9599132264486944,BROWSING
vpn,vpn,0.9855571712093186,BROWSING
vpn,vpn,0.9170641443704,BROWSING
vpn,non_vpn,0.48934732481657456,BROWSING
vpn,vpn,0.7673834742053693,BROWSING
vpn,vpn,0.7425732411574386,BROWSING
vpn,vpn,0.8935473200282492,BROWSING
vpn,vpn,0.5783220776559939,BROWSING
vpn,vpn,0.9341771632582987,BROWSING
vpn,vpn,0.9828461034911057,BROWSING
vpn,vpn,0.9055806501753115,BROWSING
vpn,vpn,0.9173294321138888,BROWSING
vpn,vpn,0.9218529083626702,BROWSING
vpn,vpn,0.9521553660963665,BROWSING
vpn,vpn,0.9166693655181232,BROWSING
vpn,non_vpn,0.06538358477060661,BROWSING
vpn,vpn,0.7044245376003724,BROWSING
vpn,vpn,0.9402717737942582,BROWSING
vpn,vpn,0.9147649017406542,BROWSING
vpn,vpn,0.5152232881425695,BROWSING
vpn,vpn,0.670310688441637,BROWSING
vpn,vpn,0.949101854481947,BROWSING
vpn,vpn,0.7342164873938324,BROWSING
vpn,vpn,0.8918806398746238,BROWSING
vpn,vpn,0.9505009743246963,BROWSING
vpn,vpn,0.9702792317719526,BROWSING
vpn,vpn,0.6524359920640432,BROWSING
vpn,vpn,0.7312768282003981,BROWSING
vpn,vpn,0.9724676364557147,BROWSING
vpn,non_vpn,0.3363913652522932,BROWSING
vpn,vpn,0.8220132224083503,BROWSING
vpn,vpn,0.9784084976146679,BROWSING
vpn,vpn,0.9363451563018288,BROWSING
vpn,vpn,0.8852292550068478,BROWSING
vpn,vpn,0.6658472759531163,BROWSING
vpn,vpn,0.6289341010313981,BROWSING
vpn,vpn,0.9565592169741758,BROWSING
vpn,vpn,0.8738830249628162,BROWSING
vpn,non_vpn,0.4605082117532714,BROWSING
vpn,vpn,0.9472723894824024,BROWSING
vpn,vpn,0.9894422667828147,BROWSING
vpn,non_vpn,0.22261834465709995,BROWSING
vpn,vpn,0.9903317459985732,BROWSING
vpn,vpn,0.9419424381279782,BROWSING
vpn,vpn,0.8493173627350318,BROWSING
vpn,vpn,0.9610834999372001,BROWSING
vpn,vpn,0.9597386998214578,BROWSING
vpn,vpn,0.5706220531089672,BROWSING
vpn,non_vpn,0.233195041983212,BROWSING
vpn,vpn,0.8732862090323955,BROWSING
vpn,vpn,0.5555981367095885,BROWSING
vpn,vpn,0.8431664126835712,BROWSING
vpn,vpn,0.990044699755945,BROWSING
vpn,vpn,0.982303756721324,BROWSING
vpn,vpn,0.8645257706669658,BROWSING
vpn,vpn,0.7347079181038209,BROWSING
vpn,vpn,0.8839092796884076,BROWSING
vpn,vpn,0.9598182684139913,BROWSING
vpn,vpn,0.723039546248652,BROWSING
vpn,vpn,0.7835246320977542,BROWSING
vpn,vpn,0.6411778749163676,BROWSING
vpn,vpn,0.8124074236681724,BROWSING
vpn,vpn,0.8722313115879682,BROWSING
vpn,vpn,0.9699101933034462,BROWSING
vpn,vpn,0.9071927076893022,BROWSING
vpn,vpn,0.9517070660465897,BROWSING
vpn,vpn,0.7703659776483172,BROWSING
vpn,vpn,0.9017011554500981,BROWSING
vpn,vpn,0.8294859104684345,BROWSING
vpn,vpn,0.9782842631249252,BROWSING
vpn,vpn,0.8718780030684316,BROWSING
vpn,vpn,0.6540780625337274,BROWSING
vpn,vpn,0.6525416903543197,BROWSING
vpn,vpn,0.7853800136387707,BROWSING
vpn,vpn,0.5326672100590767,BROWSING
vpn,vpn,0.9192932615853856,BROWSING
vpn,vpn,0.818398117360573,BROWSING
vpn,vpn,0.857661964020116,BROWSING
vpn,vpn,0.7435539788593837,BROWSING
vpn,vpn,0.9245077391706401,BROWSING
vpn,vpn,0.6775558549720163,BROWSING
vpn,vpn,0.7351756164851121,BROWSING
vpn,vpn,0.9689372643890312,BROWSING
vpn,vpn,0.7096451333556542,BROWSING
vpn,vpn,0.9674594371772969,BROWSING
vpn,vpn,0.9408298586765127,BROWSING
vpn,vpn,0.6749266960318766,BROWSING
vpn,vpn,0.5846635061057897,BROWSING
vpn,non_vpn,0.45243238970286265,BROWSING
vpn,vpn,0.8659437989905223,BROWSING
vpn,vpn,0.6896189778625644,BROWSING
vpn,vpn,0.9519605833482245,BROWSING
vpn,vpn,0.6721924686297404,BROWSING
vpn,vpn,0.561611007223852,BROWSING
vpn,vpn,0.6252522010057734,BROWSING
vpn,vpn,0.7576116970069995,BROWSING
vpn,vpn,0.7535382301968405,BROWSING
vpn,vpn,0.8843664594102492,BROWSING
vpn,vpn,0.7919639996747253,BROWSING
vpn,non_vpn,0.13931694474938255,BROWSING
vpn,vpn,0.853845384531577,BROWSING
vpn,vpn,0.9565559423301109,BROWSING
vpn,vpn,0.9975,BROWSING
vpn,vpn,0.9956748946604577,BROWSING
vpn,vpn,0.9304162752198293,BROWSING
vpn,vpn,0.895905759816884,BROWSING
vpn,vpn,0.9824818946337429,BROWSING
vpn,vpn,0.86289321419036,BROWSING
vpn,vpn,0.830257047208663,BROWSING
vpn,vpn,0.8946541243301956,BROWSING
vpn,vpn,0.9986949104350299,BROWSING
vpn,vpn,0.9056736033233582,BROWSING
vpn,vpn,0.8524985164977598,BROWSING
vpn,vpn,0.8902681057017604,BROWSING
vpn,non_vpn,0.40368314391996846,BROWSING
vpn,non_vpn,0.4767247880688911,BROWSING
vpn,vpn,0.8491363124906011,BROWSING
vpn,vpn,0.6705776501224883,BROWSING
vpn,vpn,0.7666699452766988,BROWSING
vpn,vpn,0.5015012704559395,BROWSING
vpn,non_vpn,0.45797481562020026,BROWSING
vpn,vpn,0.8350353512224029,BROWSING
vpn,vpn,0.7528553653667752,BROWSING
vpn,vpn,0.5988120911083318,BROWSING
vpn,vpn,0.7123736048493907,BROWSING
vpn,vpn,0.7366651896342497,BROWSING
vpn,vpn,0.6071439727597651,BROWSING
vpn,vpn,0.8843285589784324,BROWSING
vpn,vpn,0.6989670466750559,BROWSING
vpn,vpn,0.8137080887326608,BROWSING
vpn,vpn,0.6520253003079298,BROWSING
vpn,vpn,0.9346755087973697,BROWSING
vpn,vpn,0.7325063905082065,BROWSING
vpn,vpn,0.6123284882327159,BROWSING
vpn,vpn,0.7980202192530375,BROWSING
vpn,vpn,0.6307883581882213,BROWSING
vpn,vpn,0.9081061047569534,BROWSING
vpn,vpn,0.9779319488544778,BROWSING
vpn,vpn,0.992514343776762,BROWSING
vpn,non_vpn,0.43292247958844954,BROWSING
vpn,vpn,0.7076083733991289,BROWSING
vpn,vpn,0.9613170767582079,BROWSING
vpn,vpn,0.8644849102905031,BROWSING
vpn,vpn,0.7913290531761693,BROWSING
vpn,vpn,0.9219315799451843,BROWSING
vpn,vpn,0.545413258894657,BROWSING
vpn,vpn,0.9525874356745238,BROWSING
vpn,vpn,0.7672427083189284,BROWSING
vpn,vpn,0.6186559877428879,BROWSING
vpn,vpn,0.5716821157165309,BROWSING
vpn,vpn,0.6520471265697639,BROWSING
vpn,vpn,0.5151101282698021,BROWSING
vpn,vpn,0.9310167393482316,BROWSING
vpn,vpn,0.9496621544130209,BROWSING
vpn,vpn,0.8830787298224451,BROWSING
vpn,vpn,0.5646024619110855,BROWSING
vpn,vpn,0.760423433798912,BROWSING
vpn,vpn,0.818656763426424,BROWSING
vpn,vpn,0.7973918788334348,BROWSING
vpn,vpn,0.8759105862232021,BROWSING
vpn,non_vpn,0.3460451547371853,BROWSING
vpn,vpn,0.9352887011584963,BROWSING
vpn,vpn,0.9867302192374515,BROWSING
vpn,vpn,0.99619491043503,BROWSING
vpn,vpn,0.5431925555218501,BROWSING
vpn,vpn,0.6714048059184731,BROWSING
vpn,vpn,0.7094304779732588,BROWSING
vpn,vpn,0.6299458133527921,BROWSING
vpn,vpn,0.671181191574979,BROWSING
vpn,vpn,0.9078737113146302,BROWSING
vpn,vpn,0.5612048488509523,BROWSING
vpn,vpn,0.7822582966669702,BROWSING
vpn,vpn,0.5552076846599234,BROWSING
vpn,vpn,0.8407566023711948,BROWSING
vpn,vpn,0.6413956499438518,BROWSING
vpn,vpn,0.8047042056483023,BROWSING
vpn,vpn,0.9257865968279853,BROWSING
vpn,vpn,0.7106957916530802,BROWSING
vpn,vpn,0.5198387673880951,BROWSING
vpn,vpn,0.6442374161570558,BROWSING
vpn,vpn,0.7027355510444692,BROWSING
vpn,vpn,0.8745122577326002,BROWSING
vpn,vpn,0.8818401141494191,BROWSING
vpn,vpn,0.578117972429823,BROWSING
vpn,vpn,0.6930153293760413,BROWSING
vpn,vpn,0.5047727499763465,BROWSING
vpn,non_vpn,0.4361124958252631,BROWSING
vpn,vpn,0.7765094641169789,BROWSING
vpn,vpn,0.83457613272237,BROWSING
vpn,vpn,0.7130540210139128,BROWSING
vpn,vpn,0.5089279758549334,BROWSING
vpn,vpn,0.8052855386926311,BROWSING
vpn,vpn,0.83393900167819,BROWSING
vpn,vpn,0.9835391237285281,BROWSING
vpn,vpn,0.9802988262975758,BROWSING
vpn,vpn,0.9960553599636538,BROWSING
vpn,vpn,0.8728978575547114,BROWSING
vpn,vpn,0.8441348837892494,BROWSING
vpn,vpn,0.8183494767579765,BROWSING
vpn,vpn,0.9185059401228115,BROWSING
vpn,vpn,0.8500445951420608,BROWSING
vpn,non_vpn,0.3914139434101488,BROWSING
vpn,vpn,0.7659064949472374,BROWSING
vpn,non_vpn,0.3873427378165598,BROWSING
vpn,vpn,0.9257202229812056,BROWSING
vpn,vpn,0.8429729803945816,BROWSING
vpn,vpn,0.8954402938112799,BROWSING
vpn,vpn,0.5355270952341268,BROWSING
vpn,non_vpn,0.3458704673894602,BROWSING
vpn,vpn,0.8960748666608397,BROWSING
vpn,vpn,0.819197069469703,BROWSING
vpn,vpn,0.7656838983181973,BROWSING
vpn,vpn,0.5928339268226062,BROWSING
vpn,vpn,0.8514373167979195,BROWSING
vpn,vpn,0.7180616331288877,BROWSING
vpn,vpn,0.7119649404085291,BROWSING
vpn,vpn,0.9178956669664023,BROWSING
vpn,vpn,0.8972502769609436,BROWSING
vpn,vpn,0.8838506662713632,BROWSING
vpn,vpn,0.5047558191120575,BROWSING
vpn,vpn,0.9000005687601663,BROWSING
vpn,non_vpn,0.4892632412466123,BROWSING
vpn,vpn,0.7547101195374516,BROWSING
vpn,vpn,0.8641376164185179,BROWSING
vpn,vpn,0.8769318718094986,BROWSING
vpn,non_vpn,0.2953055026595284,BROWSING
vpn,vpn,0.6266965216943797,BROWSING
vpn,non_vpn,0.26217426661413856,BROWSING
vpn,vpn,0.8440801570460004,BROWSING
vpn,non_vpn,0.4889421251839118,BROWSING
vpn,vpn,0.7738643528294434,BROWSING
vpn,vpn,0.7753024824006594,BROWSING
vpn,vpn,0.5907534449068266,BROWSING
vpn,vpn,0.5974928858115024,BROWSING
vpn,vpn,0.6674710681788311,BROWSING
vpn,vpn,0.7708098576621422,BROWSING
vpn,vpn,0.9982850737903979,BROWSING
vpn,vpn,0.9124584377129146,BROWSING
vpn,vpn,0.9986949104350299,BROWSING
vpn,vpn,0.9904743945242536,BROWSING
vpn,vpn,0.9975,BROWSING
vpn,vpn,0.9999789299247859,BROWSING
vpn,vpn,0.9928554718395888,BROWSING
vpn,vpn,0.9999789299247859,BROWSING
vpn,vpn,0.7918103316748804,BROWSING
vpn,vpn,0.9682608814318614,BROWSING
vpn,vpn,0.9980635035789797,BROWSING
vpn,vpn,0.9966442566903488,BROWSING
vpn,vpn,0.9845913625888939,BROWSING
vpn,vpn,0.9974789299247858,BROWSING
vpn,vpn,0.9824322116336675,BROWSING
vpn,vpn,0.9849379853382468,BROWSING
vpn,vpn,0.9999789299247859,BROWSING
vpn,vpn,0.8905436444753227,BROWSING
vpn,vpn,0.9949789299247859,BROWSING
vpn,vpn,0.9807927203043226,BROWSING
vpn,vpn,0.9733003668182474,BROWSING
vpn,vpn,0.9393230834615838,BROWSING
vpn,vpn,0.7113820821585994,BROWSING
vpn,vpn,0.9513014446865421,BROWSING
vpn,vpn,0.7250099704756261,BROWSING
vpn,vpn,0.7997237797386973,BROWSING
vpn,vpn,0.957322200667646,BROWSING
vpn,vpn,0.5187172311757885,BROWSING
vpn,vpn,0.7491504481984841,BROWSING
vpn,non_vpn,0.33578485471522557,BROWSING
vpn,vpn,0.6823679653747388,BROWSING
vpn,vpn,0.551293625484293,BROWSING
vpn,vpn,0.9368929946197,BROWSING
vpn,vpn,0.9706065733201072,BROWSING
vpn,vpn,0.9726124824765807,BROWSING
vpn,vpn,0.9958995195310182,BROWSING
vpn,non_vpn,0.4575576675743899,BROWSING
vpn,vpn,0.8634326375433402,BROWSING
vpn,non_vpn,0.34093893117866725,BROWSING
vpn,vpn,0.8442570170297004,BROWSING
vpn,vpn,0.9608892527041641,BROWSING
vpn,vpn,0.9320410496538719,BROWSING
vpn,vpn,0.9454595579358555,BROWSING
vpn,vpn,0.9924041646468217,BROWSING
vpn,non_vpn,0.20289523576345417,BROWSING
vpn,non_vpn,0.08508215094124523,BROWSING
vpn,non_vpn,0.16903911769598406,BROWSING
vpn,non_vpn,0.33319415990337653,BROWSING
vpn,vpn,0.8384918910759311,BROWSING
vpn,vpn,0.8862626610554849,BROWSING
vpn,non_vpn,0.4602169360813915,BROWSING
vpn,vpn,0.9917934965249842,BROWSING
vpn,vpn,0.9850471159106811,BROWSING
vpn,vpn,0.9839152044471665,BROWSING
vpn,vpn,0.8633093493590991,BROWSING
vpn,non_vpn,0.48526335027101397,BROWSING
vpn,vpn,0.5005632437800013,BROWSING
vpn,vpn,0.9999706286585641,BROWSING
vpn,vpn,0.9999706286585641,BROWSING
vpn,vpn,0.9999706286585641,BROWSING
vpn,vpn,0.9999706286585641,BROWSING
vpn,vpn,0.9999706286585641,BROWSING
vpn,vpn,0.9999706286585641,BROWSING
vpn,vpn,0.9999706286585641,BROWSING
vpn,vpn,0.9999706286585641,BROWSING
vpn,vpn,0.9919049779179028,BROWSING
vpn,vpn,0.9999706286585641,BROWSING
vpn,vpn,0.9999706286585641,BROWSING
vpn,vpn,0.9999706286585641,BROWSING
vpn,vpn,0.9999706286585641,BROWSING
vpn,vpn,0.9999706286585641,BROWSING
vpn,vpn,0.9999706286585641,BROWSING
vpn,vpn,0.9999706286585641,BROWSING
vpn,vpn,0.9999706286585641,BROWSING
vpn,vpn,0.9999706286585641,BROWSING
vpn,vpn,0.9999706286585641,BROWSING
vpn,vpn,0.9999706286585641,BROWSING
vpn,vpn,0.9999706286585641,BROWSING
vpn,vpn,0.9999706286585641,BROWSING
vpn,vpn,0.9999706286585641,BROWSING
vpn,vpn,0.9999706286585641,BROWSING
vpn,vpn,0.9936199041275049,BROWSING
vpn,vpn,0.9999706286585641,BROWSING
vpn,vpn,0.9999706286585641,BROWSING
vpn,vpn,0.9999706286585641,BROWSING
vpn,vpn,0.9999706286585641,BROWSING
vpn,vpn,0.9999706286585641,BROWSING
vpn,vpn,0.9999706286585641,BROWSING
vpn,vpn,0.9999706286585641,BROWSING
vpn,vpn,0.6384086972432635,BROWSING
vpn,vpn,0.9362745874156773,BROWSING
vpn,vpn,0.5767322328554192,BROWSING
vpn,vpn,0.9144908474158326,BROWSING
vpn,vpn,0.8351414423963734,BROWSING
vpn,vpn,0.7357712890221183,BROWSING
vpn,vpn,0.8864003759150094,BROWSING
vpn,vpn,0.889954183331294,BROWSING
vpn,vpn,0.9678128165108829,BROWSING
vpn,non_vpn,0.21210240599099542,BROWSING
vpn,vpn,0.8429400537172259,BROWSING
vpn,vpn,0.5862939222310937,BROWSING
vpn,vpn,0.8105722390246354,BROWSING
vpn,vpn,0.8637609354899703,BROWSING
vpn,vpn,0.8623456667950599,BROWSING
vpn,vpn,0.7808137973541419,BROWSING
vpn,vpn,0.8277152115666132,BROWSING
vpn,vpn,0.8982345118455248,BROWSING
vpn,vpn,0.7515680064894318,BROWSING
vpn,vpn,0.9059210723386053,BROWSING
vpn,vpn,0.7257273400741944,BROWSING
vpn,vpn,0.9063390733340188,BROWSING
vpn,vpn,0.7025997943826013,BROWSING
vpn,vpn,0.9574222045363443,BROWSING
vpn,vpn,0.9591371307459464,BROWSING
vpn,vpn,0.6733496134651027,BROWSING
vpn,vpn,0.7780569291337368,BROWSING
vpn,vpn,0.9253343280852908,BROWSING
vpn,vpn,0.6189755456608106,BROWSING
vpn,non_vpn,0.3002312795525168,BROWSING
vpn,vpn,0.9969799842254278,BROWSING
vpn,vpn,0.9867718469505258,BROWSING
vpn,vpn,0.9905769365154958,BROWSING
vpn,vpn,0.9982850737903979,BROWSING
vpn,vpn,0.9991169680646402,BROWSING
vpn,vpn,0.9959028994342628,BROWSING
vpn,vpn,0.9986949104350299,BROWSING
vpn,vpn,0.9976178256438649,BROWSING
vpn,vpn,0.8580527527762016,BROWSING
vpn,non_vpn,0.3391176920480513,BROWSING
vpn,non_vpn,0.32410583464471115,BROWSING
vpn,vpn,0.7285454590847855,BROWSING
vpn,vpn,0.9957481581277634,BROWSING
vpn,vpn,0.998665539093594,BROWSING
vpn,vpn,0.9790668725381544,BROWSING
vpn,vpn,0.9999252239789936,BROWSING
vpn,vpn,0.9999252239789936,BROWSING
vpn,vpn,0.9999252239789936,BROWSING
vpn,vpn,0.9999252239789936,BROWSING
vpn,vpn,0.9999252239789936,BROWSING
vpn,vpn,0.9872416765591112,BROWSING
vpn,vpn,0.9999252239789936,BROWSING
vpn,vpn,0.9999252239789936,BROWSING
vpn,vpn,0.9999252239789936,BROWSING
vpn,vpn,0.9999252239789936,BROWSING
vpn,vpn,0.9961201344140236,BROWSING
vpn,vpn,0.9982102977693915,BROWSING
vpn,vpn,0.9999252239789936,BROWSING
vpn,vpn,0.9999252239789936,BROWSING
vpn,vpn,0.9999252239789936,BROWSING
vpn,vpn,0.9999252239789936,BROWSING
vpn,vpn,0.9999252239789936,BROWSING
vpn,vpn,0.9999252239789936,BROWSING
vpn,vpn,0.9999252239789936,BROWSING
vpn,vpn,0.9999252239789936,BROWSING
vpn,vpn,0.9999252239789936,BROWSING
vpn,vpn,0.9999252239789936,BROWSING
vpn,vpn,0.9999252239789936,BROWSING
vpn,vpn,0.9528312793398231,BROWSING
vpn,vpn,0.9999252239789936,BROWSING
vpn,vpn,0.9999252239789936,BROWSING
vpn,vpn,0.9999252239789936,BROWSING
vpn,vpn,0.9938340547687318,BROWSING
vpn,vpn,0.9999832063442698,BROWSING
vpn,vpn,0.9999832063442698,BROWSING
vpn,vpn,0.9661519435455621,BROWSING
non_vpn,non_vpn,0.32306742382347914,P2P
non_vpn,non_vpn,0.13732505013709181,P2P
non_vpn,non_vpn,0.25550259042233164,P2P
non_vpn,non_vpn,0.16160110953478793,P2P
non_vpn,non_vpn,0.22625748277962948,P2P
non_vpn,non_vpn,0.2164564424031512,P2P
non_vpn,non_vpn,0.1722128340817502,P2P
non_vpn,non_vpn,0.16583296040234485,P2P
non_vpn,non_vpn,0.17502563962646575,P2P
non_vpn,non_vpn,0.2803629081370147,P2P
non_vpn,non_vpn,0.1104299930605492,P2P
non_vpn,non_vpn,0.3594178573562752,P2P
non_vpn,non_vpn,0.3378422215205982,P2P
non_vpn,non_vpn,0.25055424879033283,P2P
non_vpn,non_vpn,0.22005061418617897,P2P
non_vpn,non_vpn,0.2707531170988607,P2P
non_vpn,non_vpn,0.4089443713975781,P2P
non_vpn,non_vpn,0.010637177217844455,P2P
non_vpn,non_vpn,0.43898025447883426,P2P
non_vpn,non_vpn,0.41935821919673666,P2P
non_vpn,non_vpn,0.11436076161919527,P2P
non_vpn,non_vpn,0.04779844528033338,P2P
non_vpn,non_vpn,0.001194910435029855,P2P
non_vpn,non_vpn,0.08841186321766975,P2P
non_vpn,non_vpn,0.0025,P2P
non_vpn,non_vpn,0.2087019467245871,P2P
non_vpn,non_vpn,0.24551433135580855,P2P
non_vpn,non_vpn,0.060411721311612536,P2P
non_vpn,non_vpn,0.14057682920069214,P2P
non_vpn,non_vpn,0.06789476298730547,P2P
non_vpn,non_vpn,0.17325498289117772,P2P
non_vpn,non_vpn,0.2639842077029374,P2P
non_vpn,non_vpn,0.07691010267101456,P2P
non_vpn,non_vpn,0.042915504530879646,P2P
non_vpn,non_vpn,0.01377518209565973,P2P
non_vpn,non_vpn,0.02164245683494552,P2P
non_vpn,non_vpn,0.004701541718834154,P2P
non_vpn,vpn,0.5627513774805453,P2P
non_vpn,non_vpn,0.3186491283986488,P2P
non_vpn,non_vpn,0.3282402630673614,P2P
non_vpn,non_vpn,0.4457204959894972,P2P
non_vpn,non_vpn,0.4235582250960592,P2P
non_vpn,non_vpn,0.2386696348964387,P2P
non_vpn,non_vpn,0.005,P2P
non_vpn,vpn,0.5161186963084254,P2P
non_vpn,non_vpn,0.0642170694823384,P2P
non_vpn,non_vpn,0.37173649020684907,P2P
non_vpn,non_vpn,0.28318289142452535,P2P
non_vpn,non_vpn,0.07238958666402201,P2P
non_vpn,non_vpn,0.055787146945723155,P2P
non_vpn,non_vpn,0.3290228273273362,P2P
non_vpn,non_vpn,0.36617124760151554,P2P
non_vpn,non_vpn,0.2852297622214541,P2P
non_vpn,non_vpn,0.2693159158409739,P2P
non_vpn,non_vpn,0.003682895375626552,P2P
non_vpn,non_vpn,0.026611545150506878,P2P
non_vpn,non_vpn,0.00240904741650049,P2P
non_vpn,non_vpn,0.00240904741650049,P2P
non_vpn,non_vpn,0.00240904741650049,P2P
non_vpn,non_vpn,0.002385670713658573,P2P
non_vpn,non_vpn,0.0043890316419282534,P2P
non_vpn,non_vpn,0.002385670713658573,P2P
non_vpn,non_vpn,0.16908908868351688,P2P
non_vpn,non_vpn,0.08691131924275669,P2P
non_vpn,non_vpn,0.07304058176578647,P2P
non_vpn,non_vpn,0.002385670713658573,P2P
non_vpn,vpn,0.8311437571602803,P2P
non_vpn,non_vpn,0.002385670713658573,P2P
non_vpn,non_vpn,0.00240904741650049,P2P
non_vpn,non_vpn,0.050590014548779774,P2P
non_vpn,non_vpn,0.002385670713658573,P2P
non_vpn,non_vpn,0.003194121206898398,P2P
non_vpn,non_vpn,0.002385670713658573,P2P
non_vpn,vpn,0.7321533798333959,P2P
non_vpn,non_vpn,0.015531769186308348,P2P
non_vpn,non_vpn,0.00240904741650049,P2P
non_vpn,non_vpn,0.002385670713658573,P2P
non_vpn,non_vpn,0.00240904741650049,P2P
non_vpn,non_vpn,0.006415836351200446,P2P
non_vpn,non_vpn,0.00240904741650049,P2P
non_vpn,non_vpn,0.002385670713658573,P2P
non_vpn,non_vpn,0.002385670713658573,P2P
non_vpn,non_vpn,0.00400263877829882,P2P
non_vpn,non_vpn,0.00240904741650049,P2P
non_vpn,non_vpn,0.19924342503892023,P2P
non_vpn,non_vpn,0.002385670713658573,P2P
non_vpn,non_vpn,0.10377722960996198,P2P
non_vpn,non_vpn,0.002385670713658573,P2P
non_vpn,vpn,0.7289381542046094,P2P
non_vpn,non_vpn,0.002385670713658573,P2P
non_vpn,non_vpn,0.2677820660018323,P2P
non_vpn,non_vpn,0.10616843951250107,P2P
non_vpn,non_vpn,0.002385670713658573,P2P
non_vpn,non_vpn,0.002385670713658573,P2P
non_vpn,non_vpn,0.00240904741650049,P2P
non_vpn,non_vpn,0.002385670713658573,P2P
non_vpn,non_vpn,0.00240904741650049,P2P
non_vpn,non_vpn,0.09554495564079434,P2P
non_vpn,non_vpn,0.047726935738708,P2P
non_vpn,non_vpn,0.014779628550643402,P2P
non_vpn,non_vpn,0.39795376508862546,P2P
non_vpn,non_vpn,0.02606414640647697,P2P
non_vpn,non_vpn,0.004349455760387545,P2P
non_vpn,non_vpn,0.3385971116902796,P2P
non_vpn,vpn,0.7276286519769894,P2P
non_vpn,non_vpn,0.3086428975622771,P2P
non_vpn,non_vpn,0.0233622937135769,P2P
non_vpn,non_vpn,0.10562037333534059,P2P
non_vpn,non_vpn,0.00240904741650049,P2P
non_vpn,non_vpn,0.002385670713658573,P2P
non_vpn,non_vpn,0.011924356761228237,P2P
non_vpn,non_vpn,0.002385670713658573,P2P
non_vpn,non_vpn,0.00400263877829882,P2P
non_vpn,non_vpn,0.006398812382269056,P2P
non_vpn,non_vpn,0.00240904741650049,P2P
non_vpn,non_vpn,0.006408855326160007,P2P
non_vpn,non_vpn,0.45735142385572686,P2P
non_vpn,non_vpn,0.10329400174477912,P2P
non_vpn,non_vpn,0.21630419492276265,P2P
non_vpn,non_vpn,0.24225324314361837,P2P
non_vpn,non_vpn,0.29599167156111844,P2P
non_vpn,non_vpn,0.44183737070978146,P2P
non_vpn,non_vpn,0.017077755806921346,P2P
non_vpn,vpn,0.7050223728088446,P2P
non_vpn,non_vpn,0.29178530951225357,P2P
non_vpn,non_vpn,0.1708073889140855,P2P
non_vpn,non_vpn,0.29930086055635957,P2P
non_vpn,non_vpn,0.3357855066281787,P2P
non_vpn,non_vpn,0.04207471253169961,P2P
non_vpn,non_vpn,0.44154296810741583,P2P
non_vpn,vpn,0.5886662525852076,P2P
non_vpn,vpn,0.5886662525852076,P2P
non_vpn,non_vpn,0.04805575659387735,P2P
non_vpn,non_vpn,0.06733756730533687,P2P
non_vpn,non_vpn,0.3075645774154436,P2P
non_vpn,non_vpn,0.05137007278133463,P2P
non_vpn,non_vpn,0.44183737070978146,P2P
non_vpn,non_vpn,0.10059049140237823,P2P
non_vpn,non_vpn,0.02256423341262291,P2P
non_vpn,non_vpn,0.002385670713658573,P2P
non_vpn,non_vpn,0.002385670713658573,P2P
non_vpn,non_vpn,0.002385670713658573,P2P
non_vpn,non_vpn,0.002385670713658573,P2P
non_vpn,non_vpn,0.0026116306641920284,P2P
non_vpn,non_vpn,0.2549318663534411,P2P
non_vpn,non_vpn,0.009883988091316269,P2P
non_vpn,non_vpn,0.00240904741650049,P2P
non_vpn,non_vpn,0.013968951489676312,P2P
non_vpn,non_vpn,0.06723267325986372,P2P
non_vpn,non_vpn,0.06189589423945316,P2P
non_vpn,non_vpn,0.002385670713658573,P2P
non_vpn,non_vpn,0.10103683411526505,P2P
non_vpn,non_vpn,0.002385670713658573,P2P
non_vpn,non_vpn,0.003580581148688428,P2P
non_vpn,non_vpn,0.2930582537520926,P2P
non_vpn,non_vpn,0.08867065943640086,P2P
non_vpn,non_vpn,0.16332485946293587,P2P
non_vpn,non_vpn,0.05151638412760343,P2P
non_vpn,non_vpn,0.003333246812869396,P2P
non_vpn,non_vpn,0.13788157807244722,P2P
non_vpn,non_vpn,0.002385670713658573,P2P
non_vpn,non_vpn,0.2421275115795718,P2P
non_vpn,non_vpn,0.10830986497456647,P2P
non_vpn,non_vpn,0.4359663784310922,P2P
non_vpn,non_vpn,0.002385670713658573,P2P
non_vpn,non_vpn,0.004575415710921,P2P
non_vpn,non_vpn,0.1731993834521577,P2P
non_vpn,non_vpn,0.00240904741650049,P2P
non_vpn,non_vpn,0.003580581148688428,P2P
non_vpn,non_vpn,0.002385670713658573,P2P
non_vpn,non_vpn,0.00240904741650049,P2P
non_vpn,non_vpn,0.38965224979046087,P2P
non_vpn,non_vpn,0.06643824891447228,P2P
non_vpn,vpn,0.5955645878345718,P2P
non_vpn,non_vpn,0.06633419750490362,P2P
non_vpn,non_vpn,0.06643824891447228,P2P
non_vpn,non_vpn,0.07308993481738735,P2P
non_vpn,non_vpn,0.002385670713658573,P2P
non_vpn,non_vpn,0.129827557552322,P2P
non_vpn,non_vpn,0.0026116306641920284,P2P
non_vpn,non_vpn,0.43754822377082697,P2P
non_vpn,non_vpn,0.00240904741650049,P2P
non_vpn,non_vpn,0.05257079911297799,P2P
non_vpn,non_vpn,0.025172187005036616,P2P
non_vpn,non_vpn,0.002385670713658573,P2P
non_vpn,vpn,0.7029681589473479,P2P
non_vpn,non_vpn,0.00240904741650049,P2P
non_vpn,non_vpn,0.008898812382269056,P2P
non_vpn,non_vpn,0.0043890316419282534,P2P
non_vpn,non_vpn,0.00240904741650049,P2P
non_vpn,non_vpn,0.40860780568576144,P2P
non_vpn,non_vpn,0.10822896469789037,P2P
non_vpn,non_vpn,0.00240904741650049,P2P
non_vpn,non_vpn,0.00240904741650049,P2P
non_vpn,non_vpn,0.15156612243665385,P2P
non_vpn,non_vpn,0.00240904741650049,P2P
non_vpn,non_vpn,0.04225129381942832,P2P
non_vpn,non_vpn,0.09297011945783087,P2P
non_vpn,non_vpn,0.08357620786831309,P2P
non_vpn,non_vpn,0.33605720113332005,P2P
non_vpn,non_vpn,0.34239913218284096,P2P
non_vpn,non_vpn,0.2809249849856932,P2P
non_vpn,non_vpn,0.4622325286114176,P2P
non_vpn,non_vpn,0.4578296626052068,P2P
non_vpn,vpn,0.5095791854347009,P2P
non_vpn,non_vpn,0.002385670713658573,P2P
non_vpn,non_vpn,0.4003541943252597,P2P
non_vpn,non_vpn,0.055176949200358046,P2P
non_vpn,non_vpn,0.002385670713658573,P2P
non_vpn,non_vpn,0.003333246812869396,P2P
non_vpn,non_vpn,0.002385670713658573,P2P
non_vpn,non_vpn,0.012799644325215645,P2P
non_vpn,non_vpn,0.06782061450824389,P2P
non_vpn,non_vpn,0.06225165378757234,P2P
non_vpn,non_vpn,0.3246695613172219,P2P
non_vpn,non_vpn,0.16652392922888398,P2P
non_vpn,non_vpn,0.014809230126674662,P2P
non_vpn,non_vpn,0.06557802601014488,P2P
non_vpn,non_vpn,0.20061960666200257,P2P
non_vpn,non_vpn,0.009178977809203397,P2P
non_vpn,non_vpn,0.03428486148257659,P2P
non_vpn,non_vpn,0.009883988091316269,P2P
non_vpn,non_vpn,0.015189465195275354,P2P
non_vpn,non_vpn,0.06782061450824389,P2P
non_vpn,non_vpn,0.01311792422059676,P2P
non_vpn,non_vpn,0.11426570913822831,P2P
non_vpn,non_vpn,0.06842991260437946,P2P
non_vpn,non_vpn,0.14871034557139012,P2P
non_vpn,non_vpn,0.012799644325215645,P2P
non_vpn,non_vpn,0.0026116306641920284,P2P
non_vpn,non_vpn,0.008617353488765484,P2P
non_vpn,non_vpn,0.012799644325215645,P2P
non_vpn,non_vpn,0.0394592513335429,P2P
non_vpn,non_vpn,0.18110431496541846,P2P
non_vpn,non_vpn,0.018612278065474285,P2P
non_vpn,non_vpn,0.06682283661523175,P2P
non_vpn,non_vpn,0.36653895112672324,P2P
non_vpn,non_vpn,0.029601112739753917,P2P
non_vpn,non_vpn,0.010820072758190136,P2P
non_vpn,non_vpn,0.026682532540397434,P2P
non_vpn,non_vpn,0.17082164572561312,P2P
non_vpn,vpn,0.5326609670959257,P2P
non_vpn,non_vpn,0.059406598352029064,P2P
non_vpn,non_vpn,0.10162978559907491,P2P
non_vpn,non_vpn,0.011272573104285408,P2P
non_vpn,non_vpn,0.16934998889016434,P2P
non_vpn,non_vpn,0.1615915824421675,P2P
non_vpn,non_vpn,0.10145611208460721,P2P
non_vpn,non_vpn,0.02535535099750688,P2P
non_vpn,non_vpn,0.025841503069187474,P2P
non_vpn,non_vpn,0.39664620207757184,P2P
non_vpn,non_vpn,0.05571325479906693,P2P
non_vpn,non_vpn,0.012799644325215645,P2P
