session_id,user_id,mode,session_start,session_end,session_duration_seconds,num_flows,active_time_seconds,idle_time_seconds,activity_density,up_down_ratio,total_bytes,total_packets,bytes_per_session_second,packets_per_session_second,short_flow_fraction,long_flow_fraction,burstiness,inter_flow_gap_mean,inter_flow_gap_std,inter_flow_gap_median,inter_flow_gap_q25,inter_flow_gap_q75,hour_of_day,day_of_week,is_vpn,is_proxy,duration_mean,duration_std,duration_min,duration_max,duration_median,duration_q25,duration_q75,bytes_up_mean,bytes_up_std,bytes_up_min,bytes_up_max,bytes_up_median,bytes_up_q25,bytes_up_q75,bytes_down_mean,bytes_down_std,bytes_down_min,bytes_down_max,bytes_down_median,bytes_down_q25,bytes_down_q75,pkts_up_mean,pkts_up_std,pkts_up_min,pkts_up_max,pkts_up_median,pkts_up_q25,pkts_up_q75,pkts_down_mean,pkts_down_std,pkts_down_min,pkts_down_max,pkts_down_median,pkts_down_q25,pkts_down_q75,flow_iat_mean_mean,flow_iat_mean_std,flow_iat_mean_min,flow_iat_mean_max,flow_iat_mean_median,flow_iat_mean_q25,flow_iat_mean_q75,flow_iat_std_mean,flow_iat_std_std,flow_iat_std_min,flow_iat_std_max,flow_iat_std_median,flow_iat_std_q25,flow_iat_std_q75,flow_iat_min_mean,flow_iat_min_std,flow_iat_min_min,flow_iat_min_max,flow_iat_min_median,flow_iat_min_q25,flow_iat_min_q75,flow_iat_max_mean,flow_iat_max_std,flow_iat_max_min,flow_iat_max_max,flow_iat_max_median,flow_iat_max_q25,flow_iat_max_q75,fwd_iat_mean_mean,fwd_iat_mean_std,fwd_iat_mean_min,fwd_iat_mean_max,fwd_iat_mean_median,fwd_iat_mean_q25,fwd_iat_mean_q75,fwd_iat_std_mean,fwd_iat_std_std,fwd_iat_std_min,fwd_iat_std_max,fwd_iat_std_median,fwd_iat_std_q25,fwd_iat_std_q75,bwd_iat_mean_mean,bwd_iat_mean_std,bwd_iat_mean_min,bwd_iat_mean_max,bwd_iat_mean_median,bwd_iat_mean_q25,bwd_iat_mean_q75,bwd_iat_std_mean,bwd_iat_std_std,bwd_iat_std_min,bwd_iat_std_max,bwd_iat_std_median,bwd_iat_std_q25,bwd_iat_std_q75,active_mean_mean,active_mean_std,active_mean_min,active_mean_max,active_mean_median,active_mean_q25,active_mean_q75,active_std_mean,active_std_std,active_std_min,active_std_max,active_std_median,active_std_q25,active_std_q75,idle_mean_mean,idle_mean_std,idle_mean_min,idle_mean_max,idle_mean_median,idle_mean_q25,idle_mean_q75,idle_std_mean,idle_std_std,idle_std_min,idle_std_max,idle_std_median,idle_std_q25,idle_std_q75,bytes_per_sec_mean,bytes_per_sec_std,bytes_per_sec_min,bytes_per_sec_max,bytes_per_sec_median,bytes_per_sec_q25,bytes_per_sec_q75,pkts_per_sec_mean,pkts_per_sec_std,pkts_per_sec_min,pkts_per_sec_max,pkts_per_sec_median,pkts_per_sec_q25,pkts_per_sec_q75,hour_sin,hour_cos,weekday_sin,weekday_cos
user_01_direct_s10,user_01,direct,2026-01-10T07:07:00.110817292,2026-01-10T07:10:30.614690535,210.503873,17,159.89783456793182,50.606038682999994,0.75959568956687,0.3506837566202393,83016.95394846529,188.93704944583646,394.37257265316583,0.8975466662593732,0.0,0.0,-0.0009428550034827262,3.1628774176874996,3.1569187662344977,1.755846129,0.89759796325,4.891488583,7,5,0,0,9.405754974584225,3.209802933878279,3.5548820790565268,16.441483626462738,9.45386819497071,7.387739196016737,11.931742671992732,1267.8849478632492,524.5776157993621,597.7359769209531,2521.467550369458,1135.6179581225051,911.0922456814736,1454.9559086747886,3615.4652843994154,1495.870869113094,1704.487207168396,7190.146400478974,3238.2964328521293,2598.045185959694,4148.911608273839,2.8855604752106045,1.621818936567627,1.2652732118624825,8.016787057390648,2.656281599896624,1.8273129106350585,3.1524012004968234,8.228383609838598,4.6247335553779845,3.60801773100847,22.86044593183752,7.574578376531854,5.210714428994448,8.989299164804505,4.964048537132697,3.1099407840803934,1.8455352830513108,13.79349332401455,3.540976631837389,2.7893728352798624,6.867945318966468,2.516152801248392,1.6292889103916253,0.8778196218365397,7.104417794593178,1.8242317013414282,1.3593620484571702,3.4748947024793213,2.447895735884305,1.4835820621307927,0.8887235971755009,6.689075529421372,1.716744930495961,1.4236910673460825,3.301124778404061,7.480201338381089,4.738313237107394,2.8023469689271208,20.897911118607727,5.365208333178817,4.148734883737033,10.360594204668756,4.465207868509846,2.499476157019047,1.5338327474460522,10.094516973936459,3.5236493484134455,2.163019285634209,6.5962984548077515,2.805842241894851,1.9499044501663023,0.740733986482061,7.6990338444405575,1.9827708654433365,1.3365459997385203,3.764139891057659,4.830027726289087,3.3166828094258363,2.1400457102595696,15.359110091011168,3.43850920419902,2.570971186599134,5.476634597648127,2.5981860378137336,1.9238929633499455,0.7356932751772066,8.106483609418106,1.9297085435727004,1.1559515954190405,3.7427603594942003,6.685472673680591,2.553512252775676,2.016293745084035,13.801371703784241,6.754232943499561,5.156421175331858,8.144063405668794,1.0400982476469092,0.6938770876600433,0.13279992079400477,3.0890005751418808,0.7923400874132039,0.6085476059555024,1.4353120900281682,2.7202823009036337,1.363290287641895,0.32863109674928204,5.242830462341585,2.9906372674861297,1.5385883339724917,3.5057843716481187,0.4006476099279257,0.2507523838764918,0.06342082638816234,1.0601229401823793,0.3753418938026629,0.2143164642450272,0.5130562813659482,621.9560843437393,430.64873632543663,213.431920826973,1810.9762119102124,471.8799243890441,356.20765491307895,607.4861635428534,1.4705087391027443,1.2254235157583764,0.4023099607884524,4.480109655273731,0.9448447395531877,0.7347506648616556,1.5142567428366465,0.9659258262890683,-0.25881904510252063,-0.9749279121818236,-0.2225209339563146
user_01_direct_s13,user_01,direct,2026-01-14T07:40:00,2026-01-14T07:43:37.067389796,217.067389,19,190.67394909581125,26.393440708,0.8784090045686745,0.35068375662023926,84248.70990717603,179.78677955788973,388.1223720214188,0.8282532921510828,0.0,0.0,0.033923294354619056,1.4663022615555557,1.5692791844870801,0.8571657525,0.3467845815,1.8848210845,7,2,0,0,10.035471005042698,2.5804831174710516,5.677224742306904,16.09136807846682,10.159179635103362,8.359300303529173,11.370574090323267,1151.2552705969981,651.8702663004993,326.97001305631653,2925.353394583269,995.5984213808985,595.69915471538,1602.4207463691225,3282.8873560964776,1858.8550339000144,932.3785515688919,8341.85598664947,2839.020634933619,1698.679061889005,4569.418218319157,2.508805758328983,1.713999550731983,1.0,6.5713536525180585,1.9729241788315814,1.1749751247420956,3.3000571638200613,6.953656323665213,5.081125243127688,1.1243145041234914,18.73868842928552,5.625935452060561,3.3505262292900952,9.410350783351914,3.405423318028609,1.553774516938258,1.718889671836416,8.15806829795879,2.7765538360783695,2.390044802796374,3.8059362966527797,1.7016438453161746,0.7660724259073111,1.0102134638496678,4.075673804983781,1.370992624275784,1.2525434444380257,1.8796993069156285,1.7037794727124342,0.8018976373697025,0.6708259200625999,4.082394492975009,1.457453892339416,1.1580779785831645,1.9424742392970202,5.107067163344784,2.3149783155842623,2.766953423610232,12.233742102942571,4.164044915221309,3.6980965514757806,5.685635603568407,3.159473680655537,1.4123998377499964,1.6962352807546304,6.968863969617798,2.9171705333122055,2.0412256931878217,3.720361831641532,1.7763892394662544,1.0037971246986161,0.7641383152857378,5.267041347972858,1.5244412741323115,1.2007737827912859,1.7783115846612827,3.3049362731441847,1.7852055231993873,1.6312248296037637,8.819897088406764,2.714436245973645,2.129010041728727,3.5989286519461436,1.6141235465678914,0.6609123847621557,0.7983494680496521,3.0576457551563245,1.5256193192018552,1.1297382627987194,1.735747148347885,8.007860102941669,2.396604053568306,5.1406710934380415,14.402082099813672,7.2986929637860465,6.59942675758238,9.165092879580792,1.2068282074891759,0.6964222738937266,0.33328392596958606,3.126779007004589,1.005436305843298,0.6454144388151123,1.6989748389225778,2.027610902101029,0.9193253375542241,0.34728678969165916,3.696807646556577,1.8319848380994115,1.3977505938858679,2.8026426989810957,0.2864716475645775,0.20666799601355088,0.05976958486049032,0.8302935449764617,0.22616412202177197,0.12105909960857926,0.37418588542853104,439.4067704255424,208.1218429849324,139.5646293163033,898.3997385403283,390.3369807741085,299.6715397488958,577.3325345330657,0.9293150831088623,0.5896872072165958,0.20279300463634226,2.222148582591389,0.7479796503091196,0.4624061448018292,1.1718791526130568,0.9659258262890683,-0.25881904510252063,0.9749279121818236,-0.22252093395631434
user_01_direct_s15,user_01,direct,2026-01-17T07:33:03.446072633,2026-01-17T07:34:20.088017437,76.641944,9,69.5453312918732,7.096613517000001,0.9074056275487115,0.35068375662023926,51478.0968174244,106.30058159916149,671.6700298915226,1.3869765829421223,0.0,0.0,-0.15172113107190202,0.8870766896250001,0.6533599068615149,0.83668025,0.41706067125,1.6036477825,7,5,0,0,7.727259032430355,3.048939706555628,3.660324317152675,13.241074088339479,6.967387816107591,5.807308966865724,9.909280574727939,1485.0529746805905,670.1682966728697,533.503225121271,2783.8811838118177,1650.5642889236485,962.6580015070115,1723.7894187169256,4234.735560588787,1911.0331859442383,1521.3228872160444,7938.437784064588,4706.702998824862,2745.0886541901864,4915.509732558396,3.1218077384644416,1.4515902164579457,1.0,5.185945416543467,3.350013068376535,2.24516952457316,4.125633957483341,8.689367994775724,4.457622385205606,1.7542775877916936,14.788097020870586,9.55280364469323,6.40226267167683,11.76454249619281,3.114593871203001,0.9882016197733487,1.9431797648471585,5.165442713108113,3.1178312577668423,2.3453308473031584,3.5656064496409607,1.5312669720479808,0.5022281128089132,0.9297408035138016,2.4693926351537083,1.468367723347415,1.0612733387435251,1.861301962656571,1.5833268991550205,0.5094294737358103,0.9756661350371226,2.6960500779544043,1.606010233462492,1.1276484275201746,1.6494635344194273,4.645860843250983,1.4825763550407112,2.9106933946571942,7.634835348261821,4.586198981114258,3.473031587108266,5.52520266581943,2.728633551726597,0.6831310456657943,1.8308494321956934,3.866271742089645,2.602913640168225,2.2696762975602307,3.081079458397797,1.4864972328722101,0.593811985113302,0.7033305226981985,2.4487253587487166,1.5960223379038503,0.9665708602350503,1.9324840633051772,3.007061564255381,1.0554399833298933,1.520157125523526,4.561258058930345,2.688005420644054,2.2292894765772067,3.7583268060237507,1.601386727361114,0.5725242785967803,0.9298369423729536,2.709293904539519,1.6423932306062998,1.142339025797835,1.6735358327381158,5.7260562304406175,2.3623243736306767,2.8683735741182805,10.412333069647904,5.863239038324483,3.3058237377546593,6.405242331294309,0.6767891889165202,0.3319081689209083,0.34528771039795897,1.3447518602551762,0.5281323495794145,0.47752097760155865,0.6405472257941457,2.0012028019897374,1.0317338888836711,0.32993257318880165,3.50403824343363,1.8919069978426393,1.2242868432212317,2.8287410186915753,0.3521497137323661,0.26928373396883615,0.05297268572607376,0.7576520297172789,0.31373744157932304,0.08481637951505457,0.683740204002739,775.2614255987753,325.1258001316768,353.8344737745769,1450.2521494426887,792.9679982714049,531.4412503069001,922.4561848039988,1.5422085359588538,0.6669468094192764,0.5225554828338795,2.554977423239823,1.6660434276239178,1.0644316469896238,1.8922324658951266,0.9659258262890683,-0.25881904510252063,-0.9749279121818236,-0.2225209339563146
user_01_direct_s16,user_01,direct,2026-01-18T07:27:00,2026-01-18T07:30:30.602617358,210.602617,17,173.07814031859962,37.52447705,0.8218233124738408,0.35068375662023926,73810.51231619075,173.65992873615207,350.4729113417938,0.8245858062445257,0.0,0.0,-0.1517228989801519,2.345279815625,1.727366161461572,1.7929143605,1.2951786865,2.89119818875,7,6,0,0,10.181067077564684,2.813828886994908,5.264887602759365,14.99583348586038,10.71028959928275,8.00354879014199,12.563222554856958,1127.2786233263528,524.5578993715019,365.34042967935505,2373.8528116499087,935.1140280507863,834.0938219838829,1471.813547609904,3214.5162188025147,1495.8146462984125,1041.7945592928836,6769.212336859358,2666.54502923965,2378.4786327789216,4196.982380349464,2.698705734946561,2.000951770339703,1.0,8.66168008960061,1.9422329090058277,1.129402254110526,3.4907976855725917,7.516584190709444,5.87314943061901,1.3170614899702544,24.699404879994127,5.538417084738548,3.2205719049986463,9.954261124654339,4.1267704259253195,1.772179646327117,1.8351023220214706,8.166384543273438,3.723776648624309,3.2492869955936134,4.835008402723709,2.053969540461481,0.8480477513136156,0.9984059359709372,3.916571073746243,1.8504765760936335,1.4871959737545477,2.3711241572267108,2.0728008854638382,0.9329483807401023,0.8366963860505334,4.272696856631507,1.8721839026306648,1.5311259687470355,2.463884245496998,6.180739966386801,2.617101200489349,2.833508257992408,12.060072229915368,5.5731370548179315,4.659667904887368,7.20613255995042,3.7476551001262726,1.9029977283929682,1.397577623064438,9.033382231727963,3.325934682503821,2.516872011240608,4.354665558486667,2.048345955682127,0.8854875684088823,0.8086997197687541,4.382306781482301,1.8666745794420205,1.4937398324553322,2.336992159701922,4.108790710292923,2.1364604939654623,1.3862663739368581,9.745052501725828,3.8801754606856513,2.8103065751092062,4.443948951363721,1.9578086322000274,0.9524587063552095,0.8391463738583512,4.6293048351542145,1.7052865449298888,1.3836441362995935,2.3429096433263363,7.455760276356924,2.494774416487817,4.137360670776826,13.833616372701771,6.824121446955065,5.612052149800133,8.567675660243848,0.9579551756837226,0.4798820183480923,0.3226853327787887,1.952430849067513,0.8619153705952541,0.6451121770183272,1.2214060220361076,2.725306801207759,1.3447842565944756,0.5409913976604193,5.594106068500525,2.667373951504562,1.8293532813755693,3.631617108257,0.4687014001787659,0.3503496128129878,0.040775468156072976,1.3023303399716706,0.3660429390388787,0.2178524648652455,0.6259326731358893,489.7547899739818,348.18222333563074,137.6647056739993,1366.3189694091898,380.6868722040398,272.3268347305497,553.771036167188,1.1984585966428776,1.2131745874621622,0.15451368489487557,4.985405057674886,0.8948272441812729,0.40204206857145985,1.6471588688784753,0.9659258262890683,-0.25881904510252063,-0.7818314824680299,0.6234898018587334
user_01_direct_s17,user_01,direct,2026-01-19T07:27:05.487291218,2026-01-19T07:29:15.675822556,130.188531,14,113.48880722329302,16.699724122000003,0.871726613331961,0.3506837566202393,63507.9974613943,149.1275821049244,487.81560843784536,1.1454740364565936,0.0,0.0,-0.007903036677173052,1.2845941632307694,1.2644489817641777,1.288632734,0.0,1.459153043,7,0,0,0,8.10634337309236,3.0588334696223978,4.0391740127316345,14.050873445524402,7.837790696495409,5.877449870179806,9.588104553243815,1177.775066889018,369.16899366971336,371.2046811022989,1936.7344189552582,1134.1658949641558,975.7294821708169,1330.9919754170078,3358.5104660677175,1052.711985372884,1058.516894765337,5522.737744173812,3234.1557701298416,2782.362923149158,3795.419520552128,2.795151189070768,1.44435652439406,1.0,5.84928190977041,2.568499475560286,1.6720595287430382,3.4503178164271473,7.856818961280973,4.277433929172487,1.2589872859931246,16.67964882703331,7.324261323976156,4.7679982239774406,9.838829861069238,3.552556794396557,1.654830013238684,1.8151251465194385,7.281619163539761,3.27906760287558,2.051110312025742,4.6973693779480845,1.7930034398402264,0.8186568181220054,0.9377596475116463,3.6932046771891476,1.6166514957511966,1.0814555040797962,2.179132120922462,1.7595533545563313,0.8527356758673631,0.859721470751989,3.5884144863506138,1.5325600430002009,1.0328074450240532,2.520130787570638,5.345560234236784,2.4678258820770584,2.7528847940310848,10.97482384072891,5.0008078747749565,3.091638865752259,6.876501498870547,3.55381684145727,1.7156761452681109,1.5083926112012978,6.591374111360447,2.9807629234945248,2.3009726429333988,4.4670228465662944,1.7299786243620539,0.9014548166738321,0.7327873057027979,3.863522628039078,1.3210119713919108,1.1198628187174717,2.19057974692626,3.561912891057179,2.066015698531017,1.5616570294056802,8.550971035893683,2.9658192577536715,1.9903552157098097,3.7741407271319436,1.9081031973212828,1.0321076658029877,0.699873306624149,4.371700220605259,1.8067291464408546,0.9441126483491138,2.619498713390781,5.978006188558246,2.3168749260546213,2.458186377444959,9.586720235138873,6.1870149627788145,3.8864156522672286,7.886092790942032,0.9212599956880503,0.5911235224513498,0.20455189903278362,2.1642282068915746,0.7787221239810711,0.5016967942901118,1.2530604596130923,2.128337184534114,1.2685915295403123,0.756277212315541,4.974941144160283,1.771837628662489,1.1015276952628978,2.637834891825256,0.35576141754714674,0.20230296329708738,0.0531067184801124,0.7448875367800982,0.3531365895047779,0.18304221134472773,0.5050701325231716,685.8289639553492,452.71570734630916,173.45487485519038,1690.596044030669,487.04836330553553,407.3444169729922,842.6647581965625,1.5592403413408242,1.1673769058297225,0.2740620017247886,5.105900303260144,1.4758920375255165,0.7658172791730273,1.7138969115533345,0.9659258262890683,-0.25881904510252063,0.0,1.0
user_01_direct_s19,user_01,direct,2026-01-20T21:34:00,2026-01-20T21:36:48.738053619,168.738053,16,141.61834766302422,27.119705965,0.8392792564877124,0.3506837566202393,93253.5778770961,181.1461475450672,552.6529210165539,1.073534655191661,0.0,0.0,-0.03834296513180952,1.8079803976666668,1.6744535540809773,1.414788526,0.5483171455,2.7270129250000004,21,1,0,0,8.851146728939014,2.4062076049623933,3.5125001679256096,12.422637862514394,8.937751021639922,8.00545195547826,10.415766379409398,1513.238889559179,637.8695144992894,618.5294732730808,2828.845911033008,1407.5626834274917,1055.3791068675494,1724.0467367182841,4315.109727759327,1818.9308813354821,1763.7813602609936,8066.6579436024695,4013.766411632696,3009.4895670073347,4916.243493379935,2.939483946881853,1.609039840022547,1.522224570220711,7.472965700367009,2.315275856224174,1.75209303179492,3.994384140484327,8.382150274684848,4.588293040800861,4.340733043615564,21.3097001480442,6.602175927787329,4.996219524625111,11.390274186009435,3.6809559496976743,1.664661517271152,1.7892917363086782,7.9920523861023,3.2162759805701633,2.393842203609219,4.580145146093138,1.8163882814151335,0.8367867385018237,0.8345778281609488,3.9727411214395913,1.563639168657443,1.2035525633774016,2.220601308113844,1.864567668282541,0.8422355586560512,0.7719517805107452,4.019311264662708,1.5779657460293124,1.2541333875164062,2.3820183317816275,5.497344231112809,2.4966496128546667,2.722256872506824,11.964793507541891,4.779915149227606,3.5858000671915367,6.778271960404649,3.5353147950984756,1.3882261811316914,1.6607738860300565,6.16844790985815,3.4306572968111615,2.263145107914343,4.324764905378708,1.776717766901102,0.7951248796248498,0.7209427356538225,3.37723768233114,1.6245241942498585,1.0751952297721585,2.5594784561550763,3.7030192783338354,1.6585764084093797,1.9698328977659103,8.459665264359836,3.4784393341898747,2.359418323910921,4.902923126623713,1.894318010905737,1.006223527410869,0.8066634012652394,4.869932463960805,1.6341532379819466,1.2604212091132583,2.366640748960182,5.971757935362175,1.6365947154036906,2.0614970840702522,7.863953394798141,6.295105806269565,5.206370573239338,7.307510675866733,0.8875931967791891,0.4449710818135428,0.3267654582923285,1.8959391779439543,0.8627912668536906,0.4964484417144057,1.1126621257704843,2.879388793576841,1.1694358897817225,0.8894812022675112,4.673664887211188,3.4702887401134066,1.6511475747434776,3.7665758394959283,0.3512866855410396,0.20444836773912717,0.08186652804334324,0.9928645371428781,0.31407097506225634,0.2503535104673687,0.3703776879496531,748.8956063087732,495.3904016086398,244.11998699371145,2329.6351709111177,582.1383284329086,446.53784213748514,962.848818884688,1.5593662124225753,1.75575996506072,0.5900113888523927,8.194352874695944,1.0471334890186026,0.8089085234552826,1.5849826629346158,-0.7071067811865477,0.7071067811865474,0.7818314824680298,0.6234898018587336
user_01_direct_s21,user_01,direct,2026-01-21T07:50:11.562725451,2026-01-21T07:52:07.792130622,116.229405,9,89.65370084140443,26.575704334999998,0.7713512844826524,0.35068375662023926,44752.19926058414,60.90558287591621,385.03336793803714,0.5240118270924317,0.0,0.0,-0.19473732510432307,3.3219630418749997,2.239030110464875,3.07336907,1.91436905625,4.77391968325,7,2,0,0,9.961522315711603,3.11735236744062,5.769481272324841,15.971554595605376,9.669718814907387,8.04077998464259,12.0254032960489,1291.022604645588,474.15636291127316,690.4493501584133,2157.00679084263,1287.7104649989856,981.057933013266,1430.4125147774212,3681.4439798637604,1352.0910334741973,1968.8660712794608,6150.860284009348,3671.9991750101694,2797.557384660016,4078.924352137691,1.7570194435377728,0.4374184264900741,1.1646874843535655,2.5815997242747324,1.6473224286385293,1.5188990447523634,1.9768239417065465,5.010267542675139,1.2473301606716876,3.3211902814615484,7.36161762710437,4.697458600634415,4.331250068126771,5.637055906890147,6.29865206559678,3.450504809515285,1.926613131355512,13.807751578138715,5.710744102816731,4.198340179634563,7.865418949752714,3.2030740898800385,1.7985788978899793,0.88289156952026,7.146120579177707,2.902341723356901,2.0611764448873604,3.9260902116074807,3.095577975716741,1.6542718129702687,1.0437215618352518,6.661630998961008,2.8084023794598303,2.0103343373338167,3.939328738145233,9.501726155476819,5.248344858491918,2.809504700875772,20.95387215731642,8.613085826173632,6.321595250497636,11.791509161360194,5.593024227127615,3.2262370203463884,2.279973128333241,13.382427885898702,5.595737842340089,3.123014655738139,6.680841364939031,3.072304510773538,1.9432250446348969,0.7036031633243616,7.125971162004956,2.65032063151974,1.5676704518669926,3.6121384595170856,5.60360397130472,2.6369817351792704,2.0264676604954093,10.936700387791525,4.870799980525617,3.4057820444989946,6.548265229180226,3.0102119210235547,1.5636662865705224,0.9285213244485848,5.656010839891892,2.3886721717586985,1.7854810678800843,4.438490996450184,7.523758874598482,2.8902750003958926,3.546104638706465,13.333060336453038,6.530252797338617,5.486057429947441,8.229023776012271,1.4146254667110358,0.6840433746253729,0.4788837608140003,2.607609843432343,1.4325203654963838,0.8532951943283331,1.6369749460873575,2.4377634411131206,1.4778746038485475,0.6208998713210292,5.305734386705756,2.6056035667977806,0.8367523135976018,3.13946601756877,0.35347363303981527,0.1987049916424517,0.06732214397051262,0.6149414706695784,0.3948459676036256,0.19028400618246813,0.5453354462605035,513.4454379377571,161.51884912279056,314.21942571479445,799.5196359749211,484.49266388208787,417.9342867937919,520.1664637666464,0.7170204908936716,0.19066707512761627,0.4813104731816404,1.023596967582163,0.6225578913974354,0.5608911580097928,0.9271598386919261,0.9659258262890683,-0.25881904510252063,0.9749279121818236,-0.22252093395631434
user_01_direct_s22,user_01,direct,2026-01-22T07:37:00,2026-01-22T07:40:18.445735073,198.445735,34,272.2013231522011,31.820810908,1.371666280216106,0.35068375662023926,153447.55695562763,296.53353200543074,773.2469380388932,1.4942801970797241,0.058823529411764705,0.0,0.33409563069981896,0.9642669972121212,1.9318455428677657,0.0,0.0,1.076612821,7,3,0,0,8.005921269182386,3.192854646674688,0.2,14.848825893471677,8.567527730936282,5.7275073811846084,9.74208029913364,1171.7717797210594,588.8229936286693,551.4203309121841,3648.33295658099,992.8956560953065,836.1307857200779,1334.1104992731023,3341.391660150341,1679.071193098672,1572.4148053692875,10403.48430090483,2831.3135049780144,2384.2871816430797,3804.3122160283874,2.274685845523129,1.331075666044637,1.0,6.4156362713188075,1.821707430203213,1.2884038119405476,3.2199832852676815,6.446888625224834,3.836584941020505,1.988202507574786,18.294649096811167,5.194729997648472,3.6739763037721183,9.18201434905538,4.464335009478114,2.6393178793842584,1.6166010971129403,11.816318250322547,3.725897639941749,2.313155474120376,5.8132345977898785,2.234568782889067,1.319761874913761,0.8298513454866459,5.93366732954805,1.9082707180856162,1.1373777779403766,2.8887357563186997,2.2297662265890477,1.3238714247904788,0.7867497516262945,5.8826509207744975,1.817626921856133,1.1163998033404052,2.950898555849655,6.698903792367182,3.9576388163208924,2.446452442599586,17.749985579870597,5.634168358027365,3.4336307339416807,8.701970354108578,4.334810682704678,2.707539855719866,1.283466935534224,13.839917479857728,3.7641717202866847,2.3276587818930494,5.892604107069733,2.2218639355264607,1.345606898757718,0.70855488617485,5.828140860257862,1.7390633228217491,1.191329200507195,3.248833658007165,4.051966472164381,2.3538548558492445,1.1643019203032205,10.461796072721716,3.776163899289596,2.1952743090990947,5.194285186285912,2.2863049222533225,1.653558889122232,0.7041114793953858,7.711663184342565,1.736089302217659,1.0282046661069182,3.028126858630509,6.125797199347431,2.854486485016003,0.11085821159805412,12.712831331003098,5.976883726680731,4.024905268960416,7.981840313056525,0.9139699184338411,0.4732480266913398,0.010178062210606915,1.9599554077840344,0.9075339329850438,0.5441481943173754,1.339404504829732,1.8801240698349533,0.9329495930406267,0.08914178840194589,4.3589542523726,1.822043549555778,1.1301208892351071,2.4656486674061653,0.2709882076105528,0.17978861930637033,0.013818551499186186,0.7461877385640672,0.23533270337101858,0.125830758007562,0.3662405038047247,1097.9533340958044,2805.2996952177996,285.4590036071005,17092.90536499989,485.58019854563236,381.63593426203425,766.2735894565276,1.7466014057782777,3.1196315979888136,0.35510395221397045,19.057423870606833,1.0613230409298922,0.595591123494326,1.6011399177409533,0.9659258262890683,-0.25881904510252063,0.43388373911755823,-0.900968867902419
user_01_direct_s23,user_01,direct,2026-01-23T07:16:00.592151461,2026-01-23T07:34:48.128009440,1127.535857,28,251.54614637601443,875.9897116160001,0.22309370013765728,0.35068375662023926,123878.12024063559,234.31272811642287,109.86623571354465,0.2078095580391133,0.0,0.0,0.6607935893437171,32.44406339318519,158.84986486963112,0.579144566,0.110862168,1.9794048735,7,4,0,0,8.983790942000516,3.635018552167367,3.2427495766039725,17.75718008439311,8.360977158103587,6.236084621656341,10.91454690214317,1148.678648237897,489.65182428763666,569.2106493037062,2907.352580926147,996.7884810049948,836.2667159457316,1308.5053383043742,3275.539931784803,1396.2774580913597,1623.145180117689,8290.525369484287,2842.4141756997087,2384.6747964757815,3731.297254584204,2.176538284304958,0.9798027949266985,1.0,4.778385981857449,1.8500716422930799,1.5258850974851064,2.4639325141735613,6.1917734341387165,2.8127216955056515,2.437667351360968,13.625911926773485,5.275612592163915,4.351171300863844,7.026081099164769,3.4138577949464834,1.8938403387180627,1.7092288008308638,9.136549766657845,2.609271815221473,2.216023112289146,3.7027417081570655,1.7097621812625867,0.9533948493538591,0.8576775496748736,4.654871747170638,1.2737428520497,1.1439661538278938,1.8748032513463597,1.7040956136838974,0.9491134534746148,0.78242039997401,4.481678019487207,1.3397347909393935,1.069354696891188,1.8475727694574438,5.123619976209071,2.844357499874782,2.5669063505057377,13.791421513828483,3.8920535687137523,3.3175492273245455,5.592339302966474,3.2229827660856847,1.8752833939596023,1.302221943287373,10.584000389053063,2.573246277997021,2.107669095320992,3.2925978644167904,1.7297018110282292,0.8912777426366262,0.8049706194227737,4.956868315321674,1.371784072521987,1.173283239717883,1.872472670967055,3.270331234784166,1.7027493216840512,1.8462543226902592,7.86443592581084,2.5153095055697783,2.1016037532057883,3.666145188765659,1.688504818049291,0.9982598902270076,0.7552444466991326,4.557158910038614,1.277199402356658,1.0233352290724533,1.743871512342207,6.8225793475334,2.865161624384127,2.8857154364267013,12.909361306887172,6.874784977884645,4.081693682816203,9.218652730945383,1.0279825303447565,0.4377726252964723,0.28997763189198306,2.381528422435662,0.948624722696402,0.7094488257335673,1.3218492030084645,2.161211594467118,1.5522051774846275,0.2514646735700006,7.621652549840082,1.9301212333566369,1.1564181893339582,2.917226141113927,0.30161358356690654,0.21190287453898787,0.03675963045227772,1.099477254512315,0.261296377147848,0.17003033668582063,0.3744948853468002,568.6034867199237,301.09833940928405,209.58644747715675,1417.7827046691907,535.4617921957099,359.4201557807567,697.7987284598383,1.1193401989926834,0.809547491102184,0.2877196476057168,3.7492842908208837,0.874604816675925,0.6951418156915206,1.2241895060422086,0.9659258262890683,-0.25881904510252063,-0.433883739117558,-0.9009688679024191
user_01_direct_s25,user_01,direct,2026-01-24T21:05:01.716121330,2026-01-24T21:08:15.413577068,193.697455,19,167.23839098337447,26.459064765,0.8634000430381209,0.35068375662023926,72716.53505281793,156.28575776377767,375.41296065463496,0.806854988176162,0.0,0.0,0.1246933942560646,1.4699480425,1.888756285455278,0.6560316855,0.0,2.1360399544999997,21,5,0,0,8.80202057807234,2.9158374770269218,3.4855937887034205,15.393741479444772,9.611343009176661,6.555844453039615,10.903658458525419,993.6685598075536,534.3290941893168,357.42926672180556,2340.3943221133995,874.0870250933647,567.9058063793145,1266.710587684381,2833.517495603916,1523.6779123703461,1019.235308092331,6673.8030431442185,2492.522133096477,1619.424326500267,3612.1165117325945,2.187470279148451,1.0708570217916489,1.0,4.789516365857509,2.030181178970653,1.0694429858694172,2.78220193904129,6.038095918945111,3.292810603786909,1.2143321057733467,13.657651018732949,5.789207913525252,2.8910007349822155,7.933649296605941,3.5201109554421244,1.8245853675555637,1.7914761212095913,9.085207267702511,2.912979845255835,2.0549762289499705,4.275440917389481,1.8035158763469998,0.9367077227551212,0.8756275951529127,4.663855517534416,1.4159629960829843,1.1616251111520834,2.1244903594401796,1.7165950790951257,0.8944761994222874,0.8300273993387717,4.421351750168095,1.4970168491728508,1.0165335404654035,2.1143288169609735,5.323626831789125,2.759162657655575,2.667103716362504,13.749062785236926,4.32894284133882,3.215038469221515,6.399931276829662,3.4171516455994966,1.6003415758096171,1.5340140847929176,8.269272850236458,2.8988813882135753,2.2545473941255825,4.268944219831468,1.8892039117907085,1.1929876478589438,0.6675794373689679,5.368927274397835,1.4204515021960606,1.159170755382088,2.49277921178537,3.4634355135286357,2.1939054801989517,1.2996805286758268,10.716952615839348,2.617225100241048,1.900250490432441,4.2329528331158395,1.8438699039841855,0.9275961981653218,0.8149489029020912,4.778185188520583,1.7029571801513368,1.125143172934888,2.3910385739920317,6.625594452418741,2.9200447714165505,2.0927872373889036,14.102506810611473,6.0489685869165895,4.4422550875692846,8.507663797406513,0.8985685281431595,0.5771894625799555,0.16479387796319686,2.1066792767773985,0.7589972164288586,0.4253705900498309,1.2107225941023136,2.176426125653598,0.9648717044286544,0.9926539765362801,4.572958570674522,2.1717824862727277,1.3237501712436304,2.8428652005184745,0.3059593012515693,0.19149414851874755,0.06022977489166584,0.8462768610216695,0.2571073116572997,0.15430664543758138,0.3973527210900676,474.903490724292,292.696382936952,182.7124075011838,1300.5530845203266,376.0615250720263,245.2658440939208,617.5105204961553,1.1158097104277376,0.990498103768528,0.2847311456442409,3.911065265923126,0.8798990226770724,0.5496617052193693,1.0902451896709677,-0.7071067811865477,0.7071067811865474,-0.9749279121818236,-0.2225209339563146
user_01_direct_s27,user_01,direct,2026-01-27T07:43:00.330834200,2026-01-27T07:46:03.288132048,182.957297,19,158.21743491038248,24.739862947000002,0.8647779427479324,0.3506837566202393,86916.7715514911,174.41534484842714,475.06589229666577,0.9533117711529545,0.0,0.0,0.07086225276049007,1.374436830388889,1.584084302720541,1.2634740789999999,0.020576986,1.70561336425,7,1,0,0,8.32723341633592,2.106618525843546,3.5079829585071014,12.712129105942756,8.851014033365946,6.759638717562197,9.65870392266667,1187.714226866829,321.87103795792694,662.8140891582744,1727.669468370182,1201.7581342579704,890.5299694781975,1463.9577263539231,3386.85269689586,917.8384566767543,1890.062133319867,4926.573973715872,3426.8999107345944,2539.410373781771,4174.580939998497,2.409319355297759,1.378684269068299,1.0,6.496986816881005,2.094881267655661,1.5662320708185482,2.7155737509348077,6.770435636724723,4.040365243838517,1.9035302354178945,18.526626039074543,5.973704878279377,4.466223602465409,7.74365421742514,3.244338911615569,1.5951410048428347,1.7219095691638162,8.547419490200207,3.1555157339521474,2.066897994996425,3.554122317716514,1.642531419759926,0.7964261854666869,0.8027096217755239,4.1951120843069685,1.599915561062523,1.054873141514474,1.7829696164182882,1.6018074918556426,0.8115744466582918,0.7419242142308964,4.352307405893239,1.537031477602527,1.04587306674741,1.8432876255744315,4.886870331375494,2.3872339445448865,2.5677595368775386,12.742531574507176,4.773999990301768,3.0917477807009064,5.33611129523121,2.941616285502613,1.3440118821823877,1.371653708720217,6.0764946743659465,2.5740748182956836,1.8744239225818715,3.7271639001050527,1.6101927783291616,0.7667256995385436,0.5823455795964702,3.8045419290253912,1.2931444415808089,1.1054907370914062,1.8363833415047757,2.972815760186412,1.6900413978036533,1.4341883214505629,8.184724175794027,2.447296173938221,1.7489661954557167,3.4129389365828384,1.6389933474441996,0.8330050348363855,0.7718078597185325,3.9969688717283205,1.4649508019820061,1.0428010713334028,2.0044383804141273,6.39619664274579,1.7685096413186085,2.615924207828971,9.55476119142629,6.179699124552525,5.466131377404341,7.68839658076484,0.8256906556517665,0.4746045674364049,0.20489957140989545,1.8615061903869534,0.6634083596422685,0.5339509034604282,1.0811944408415821,1.9310367735901295,1.221338078103427,0.39017967124350683,4.013740989112658,1.8495728252662156,0.7963438751515872,2.98080965055248,0.31790892914822916,0.2591431063256466,0.034564180737624677,0.9336749449844505,0.3070778056643264,0.09871387164389248,0.4229800726459253,591.1537887573184,239.21747152700436,288.42754207082754,1113.5577480894235,524.7965190585065,427.48378206083,674.0578781290484,1.2118198458456164,0.9194448738046104,0.3280449250755185,4.104986224787558,0.8331436037952072,0.7338788173833747,1.3456768954988403,0.9659258262890683,-0.25881904510252063,0.7818314824680298,0.6234898018587336
user_01_direct_s29,user_01,direct,2026-01-28T07:24:01.902289126,2026-01-28T07:25:12.729415019,70.827125,7,65.83333720246233,4.993788694,0.9294932866816539,0.3506837566202393,36488.866896655345,63.75418572897869,515.1820986190721,0.900137987091509,0.0,0.0,0.25081450894015145,0.8322981156666667,1.3895765084380831,0.221585361,0.0,0.60893667825,7,2,0,0,9.404762457494618,3.1055940399535125,6.286625528666921,14.554427171570392,8.619344238055307,6.554974495444408,11.631495636640448,1353.3941981413313,320.5424031685579,942.3079636317167,1851.7185119996914,1250.0272473518025,1099.6888259455286,1615.1640060575257,3859.301072809432,914.0497588420616,2687.0590548970195,5280.308759795069,3564.542764680931,3135.8419236292093,4605.756541517294,2.3646814058984567,0.783964017953005,1.3054979744507578,3.4813270839302435,2.364288409997465,1.7345280086065522,2.9663001778488125,6.74305941252707,2.2355298845562768,3.7227215398644797,9.927255021681045,6.741938756398655,4.946131595381815,8.458618689490837,2.9777327517940533,1.2555963555143752,1.882302088262609,5.740641157268172,2.616865803416143,2.151603844123892,3.150556262681832,1.4857828862831692,0.7202784455467415,0.7557909343115083,3.0409973426759835,1.2479730400901174,1.0713127950909622,1.6065466483613249,1.491949865510884,0.5440687299824859,0.9844743097936066,2.6996438145921884,1.3207521211829703,1.1513094711116767,1.568079935392035,4.463515638077221,1.9734831418726804,2.7058815010960067,8.781638499944155,3.8648388435062606,3.1890223999539096,4.757102911043157,2.8489242684456575,1.4655324100900853,1.6431668708839617,5.898497090244635,2.17729050446157,1.8199300011518718,3.291827705612846,1.213517554683437,0.45175831094820323,0.5404087490728383,2.1575327048539426,1.121084248445346,1.0614766788107584,1.276321911395208,3.0162829899838,1.647843442585092,1.9584007379425752,6.876011673656996,2.1710525736458965,2.1037689423807064,2.9504890299398587,1.4980880016868627,0.803677402847252,0.6480401513940053,3.1460640991745956,1.1030691033504283,0.9819430502714526,1.8127782786730522,7.335779723182909,2.5891676525498117,3.925677068970895,10.631078501656688,8.017701149497226,4.840106810008255,9.547893861069518,1.1549488209489265,0.6624426803480856,0.2751489025987648,1.8631283265878416,1.3870812142397182,0.48628424466136355,1.7933574069467166,2.0689827343117106,0.9901036594909295,0.601643088558081,3.923348669913704,1.7607980757425086,1.5093342805218155,2.5892103724620252,0.38251021929174883,0.21212234441150699,0.06343702347166909,0.7985278118123227,0.3665628528218459,0.27335423368877215,0.45116768977942984,612.8785631138313,235.60739081064045,272.4486138983422,1071.393477583024,562.4159599505942,485.36183812612643,706.584107056303,1.092765002471906,0.5071877937716253,0.3454769779010618,1.9148761899205506,0.9090347090261057,0.775009898866647,1.4649736713611645,0.9659258262890683,-0.25881904510252063,0.9749279121818236,-0.22252093395631434
user_01_direct_s3,user_01,direct,2026-01-03T21:39:00,2026-01-03T21:41:48.003857746,168.003857,15,133.1420917400319,34.861766012000004,0.792494256486218,0.35068375662023926,52007.42227166099,102.2785754139222,309.56088271033553,0.608787067394067,0.0,0.0,-0.04549332848383189,2.490126143714286,2.2734167233175904,2.407938185,0.16952536175,3.9863006115,21,5,0,0,8.87613944933546,2.8581946706120185,3.27199690304462,13.327383350898451,10.013974376060863,8.020504989240404,10.836792142825699,900.1938524330704,338.787288670019,395.5138434453566,1720.6682999834243,811.7288857401617,662.119278989166,1063.07653423975,2566.9676323443286,966.0763644576127,1127.8362227471646,4906.60963760224,2314.703405607677,1888.080832059139,3031.439335785865,1.8417267696256991,0.9266374807871298,1.0,4.600785173664637,1.541524299450697,1.1350082498187941,2.430660279672278,4.976844924635781,2.9207242869634804,1.495934813663398,13.119470425449148,4.3957676121282026,2.8613118993614823,6.931202925102905,4.3022200317764625,2.2004336443073815,1.9644125298224921,8.110653584504657,3.4759787818601895,2.3130990765957398,5.920334216144674,2.1156831474258566,1.1198337598237256,0.8795230136726735,4.118507262173521,1.7134392419565447,1.1024875666042657,3.0152294364753875,2.186536884350607,1.0878452021493075,1.0187605258915233,4.086077088824338,1.7625395399036448,1.1718734828153758,2.905104779669287,6.417903179202319,3.317900625612881,2.857465849266535,12.229160846678178,5.189418023816734,3.4400971903460884,8.935563652620061,3.8534357395639973,2.0582914078937042,1.7117264719172183,8.195498076084693,3.083832470452333,2.090192308467171,4.8745858393144585,2.1538666349470814,1.158962352038979,0.765170512854469,4.044824547560591,2.035125823012529,1.0495501854161526,3.185230640672664,3.8448158503263437,2.0888288598101705,1.5927049170169396,7.355317844756365,3.595021131783197,1.764931769309086,5.594968928032367,2.1211886086158156,1.231214624228049,0.6376174186811667,4.099531850017988,2.105371213198058,0.9339348826057565,3.3580078747259465,6.463758255796816,2.3387614957903566,2.3474432992632934,10.676577974968142,7.431880763542827,5.3414913778338775,7.81439918724606,1.1820508310928477,0.5493961555463852,0.17309269664228696,2.109877753733685,1.3364031758939,0.8863024679999634,1.5541931441223358,2.4123811935386406,0.9106747342153182,0.6805362232676622,3.8549703310538206,2.5295933848942562,2.0025938657322384,3.172088420783119,0.32189455389830157,0.18864134483287445,0.0763648526708296,0.7257213832517396,0.25150813652782955,0.17160512066879294,0.47756866048819907,421.4571064169376,178.42974032607702,242.6820227299961,871.9986807607473,363.0499111937162,303.0776996941835,464.6447375383159,0.8724125398364394,0.655162006973527,0.3054995874735055,2.947589411605193,0.7076972450449781,0.45334277304634796,0.9812159133680933,-0.7071067811865477,0.7071067811865474,-0.9749279121818236,-0.2225209339563146
user_01_direct_s31,user_01,direct,2026-01-28T07:25:14.303291619,2026-01-28T07:25:26.571091149,12.267799,1,12.2677995303045,0.0,1.0000000432273548,0.3506837566202393,2957.6477642396135,10.550237253086472,241.09033447969057,0.859994303223135,0.0,0.0,0.0,0.0,0.0,0.0,0.0,0.0,7,2,0,0,12.2677995303045,0.0,12.2677995303045,12.2677995303045,12.2677995303045,12.2677995303045,12.2677995303045,767.9066425721593,0.0,767.9066425721593,767.9066425721593,767.9066425721593,767.9066425721593,767.9066425721593,2189.741121667454,0.0,2189.741121667454,2189.741121667454,2189.741121667454,2189.741121667454,2189.741121667454,2.7392028778113158,0.0,2.7392028778113158,2.7392028778113158,2.7392028778113158,2.7392028778113158,2.7392028778113158,7.811034375275156,0.0,7.811034375275156,7.811034375275156,7.811034375275156,7.811034375275156,7.811034375275156,3.6712719691691027,0.0,3.6712719691691027,3.6712719691691027,3.6712719691691027,3.6712719691691027,3.6712719691691027,1.898759817391266,0.0,1.898759817391266,1.898759817391266,1.898759817391266,1.898759817391266,1.898759817391266,1.7725121517778366,0.0,1.7725121517778366,1.7725121517778366,1.7725121517778366,1.7725121517778366,1.7725121517778366,5.570031786560369,0.0,5.570031786560369,5.570031786560369,5.570031786560369,5.570031786560369,5.570031786560369,4.314964970699128,0.0,4.314964970699128,4.314964970699128,4.314964970699128,4.314964970699128,4.314964970699128,2.0894677081982693,0.0,2.0894677081982693,2.0894677081982693,2.0894677081982693,2.0894677081982693,2.0894677081982693,3.324709727184811,0.0,3.324709727184811,3.324709727184811,3.324709727184811,3.324709727184811,3.324709727184811,1.8494819855288285,0.0,1.8494819855288285,1.8494819855288285,1.8494819855288285,1.8494819855288285,1.8494819855288285,10.444610882387526,0.0,10.444610882387526,10.444610882387526,10.444610882387526,10.444610882387526,10.444610882387526,0.5882014861666506,0.0,0.5882014861666506,0.5882014861666506,0.5882014861666506,0.5882014861666506,0.5882014861666506,1.8231886479169752,0.0,1.8231886479169752,1.8231886479169752,1.8231886479169752,1.8231886479169752,1.8231886479169752,0.14372456788174828,0.0,0.14372456788174828,0.14372456788174828,0.14372456788174828,0.14372456788174828,0.14372456788174828,241.09032405799357,0.0,241.09032405799357,241.09032405799357,241.09032405799357,241.09032405799357,241.09032405799357,0.8599942660478577,0.0,0.8599942660478577,0.8599942660478577,0.8599942660478577,0.8599942660478577,0.8599942660478577,0.9659258262890683,-0.25881904510252063,0.9749279121818236,-0.22252093395631434
user_01_direct_s33,user_01,direct,2026-01-28T07:25:35.521174244,2026-01-28T07:25:46.094608627,10.573434,1,10.57343438392541,0.0,1.0000000363103803,0.35068375662023926,2050.736219592954,2.492026883098365,193.9517681382372,0.23568756215798622,0.0,0.0,0.0,0.0,0.0,0.0,0.0,0.0,7,2,0,0,10.57343438392541,0.0,10.57343438392541,10.57343438392541,10.57343438392541,10.57343438392541,10.57343438392541,532.44134890877,0.0,532.44134890877,532.44134890877,532.44134890877,532.44134890877,532.44134890877,1518.294870684184,0.0,1518.294870684184,1518.294870684184,1518.294870684184,1518.294870684184,1518.294870684184,1.0,0.0,1.0,1.0,1.0,1.0,1.0,1.4920268830983652,0.0,1.4920268830983652,1.4920268830983652,1.4920268830983652,1.4920268830983652,1.4920268830983652,10.837864943114312,0.0,10.837864943114312,10.837864943114312,10.837864943114312,10.837864943114312,10.837864943114312,5.210429641889168,0.0,5.210429641889168,5.210429641889168,5.210429641889168,5.210429641889168,5.210429641889168,5.627435301225144,0.0,5.627435301225144,5.627435301225144,5.627435301225144,5.627435301225144,5.627435301225144,16.04829458500348,0.0,16.04829458500348,16.04829458500348,16.04829458500348,16.04829458500348,16.04829458500348,11.774771744745339,0.0,11.774771744745339,11.774771744745339,11.774771744745339,11.774771744745339,11.774771744745339,5.192484224458849,0.0,5.192484224458849,5.192484224458849,5.192484224458849,5.192484224458849,5.192484224458849,9.05578335616872,0.0,9.05578335616872,9.05578335616872,9.05578335616872,9.05578335616872,9.05578335616872,4.264680551384129,0.0,4.264680551384129,4.264680551384129,4.264680551384129,4.264680551384129,4.264680551384129,9.456398277113248,0.0,9.456398277113248,9.456398277113248,9.456398277113248,9.456398277113248,9.456398277113248,2.0294709521087158,0.0,2.0294709521087158,2.0294709521087158,2.0294709521087158,2.0294709521087158,2.0294709521087158,1.1170361068121615,0.0,1.1170361068121615,1.1170361068121615,1.1170361068121615,1.1170361068121615,1.1170361068121615,0.25739855601290274,0.0,0.25739855601290274,0.25739855601290274,0.25739855601290274,0.25739855601290274,0.25739855601290274,193.951761095775,0.0,193.951761095775,193.951761095775,193.951761095775,193.951761095775,193.951761095775,0.23568755360008156,0.0,0.23568755360008156,0.23568755360008156,0.23568755360008156,0.23568755360008156,0.23568755360008156,0.9659258262890683,-0.25881904510252063,0.9749279121818236,-0.22252093395631434
user_01_direct_s35,user_01,direct,2026-01-28T07:25:47.434735078,2026-01-28T07:26:01.679033554,14.244298,1,14.24429847699588,0.0,1.0000000334867944,0.35068375662023926,7271.077329267243,11.950655686995935,510.45529441094556,0.838978213387275,0.0,0.0,0.0,0.0,0.0,0.0,0.0,0.0,7,2,0,0,14.24429847699588,0.0,14.24429847699588,14.24429847699588,14.24429847699588,14.24429847699588,14.24429847699588,1887.820668610153,0.0,1887.820668610153,1887.820668610153,1887.820668610153,1887.820668610153,1887.820668610153,5383.25666065709,0.0,5383.25666065709,5383.25666065709,5383.25666065709,5383.25666065709,5383.25666065709,3.1027994597917434,0.0,3.1027994597917434,3.1027994597917434,3.1027994597917434,3.1027994597917434,3.1027994597917434,8.847856227204192,0.0,8.847856227204192,8.847856227204192,8.847856227204192,8.847856227204192,8.847856227204192,3.3549027662361257,0.0,3.3549027662361257,3.3549027662361257,3.3549027662361257,3.3549027662361257,3.3549027662361257,1.7214029975472056,0.0,1.7214029975472056,1.7214029975472056,1.7214029975472056,1.7214029975472056,1.7214029975472056,1.63349976868892,0.0,1.63349976868892,1.63349976868892,1.63349976868892,1.63349976868892,1.63349976868892,5.076305763783331,0.0,5.076305763783331,5.076305763783331,5.076305763783331,5.076305763783331,5.076305763783331,2.9231307333878043,0.0,2.9231307333878043,2.9231307333878043,2.9231307333878043,2.9231307333878043,2.9231307333878043,1.4542216331304263,0.0,1.4542216331304263,1.4542216331304263,1.4542216331304263,1.4542216331304263,1.4542216331304263,2.832465576994813,0.0,2.832465576994813,2.832465576994813,2.832465576994813,2.832465576994813,2.832465576994813,1.2901171711630164,0.0,1.2901171711630164,1.2901171711630164,1.2901171711630164,1.2901171711630164,1.2901171711630164,10.663651605613053,0.0,10.663651605613053,10.663651605613053,10.663651605613053,10.663651605613053,10.663651605613053,2.426538824006279,0.0,2.426538824006279,2.426538824006279,2.426538824006279,2.426538824006279,2.426538824006279,3.580646871382827,0.0,3.580646871382827,3.580646871382827,3.580646871382827,3.580646871382827,3.580646871382827,0.630302679024752,0.0,0.630302679024752,0.630302679024752,0.630302679024752,0.630302679024752,0.630302679024752,510.4552773174346,0.0,510.4552773174346,510.4552773174346,510.4552773174346,510.4552773174346,510.4552773174346,0.8389781852925849,0.0,0.8389781852925849,0.8389781852925849,0.8389781852925849,0.8389781852925849,0.8389781852925849,0.9659258262890683,-0.25881904510252063,0.9749279121818236,-0.22252093395631434
user_01_direct_s37,user_01,direct,2026-01-28T07:26:03.861957970,2026-01-28T07:26:28.510760194,24.648802,2,21.75311809152394,2.895684133,0.8825223267047194,0.3506837566202393,13112.25624185018,16.874153138197673,531.9632265231462,0.6845830940667086,0.0,0.0,-1.0,2.895684133,0.0,2.895684133,2.895684133,2.895684133,7,2,0,0,10.87655904576197,4.846133679653823,6.0304253661081475,15.722692725415794,10.87655904576197,8.45349220593506,13.299625885588881,1702.195371093093,301.8227242573229,1400.3726468357702,2004.018095350416,1702.195371093093,1551.2840089644317,1853.1067332217544,4853.932749831997,860.6692456080054,3993.2635042239917,5714.601995440003,4853.932749831997,4423.598127027994,5284.267372636,2.190554000255195,0.3800300921929082,1.8105239080622868,2.570584092448103,2.190554000255195,2.000538954158741,2.380569046351649,6.246522568843641,1.0836831903921014,5.162839378451539,7.330205759235742,6.246522568843641,5.70468097364759,6.788364164039692,4.2538824065747,0.2946719087574752,3.9592104978172253,4.548554315332176,4.2538824065747,4.106546452195963,4.401218360953438,2.1342060423610882,0.05780091299708934,2.076405129363999,2.1920069553581776,2.1342060423610882,2.105305585862544,2.1631064988596327,2.1196763642136123,0.23687099576038584,1.8828053684532264,2.356547359973998,2.1196763642136123,2.0012408663334194,2.238111862093805,6.388088448935789,0.3524728217545645,6.035615627181224,6.740561270690353,6.388088448935789,6.211852038058506,6.5643248598130715,4.784022311733658,0.5081046454119447,4.275917666321713,5.292126957145602,4.784022311733658,4.529969989027686,5.03807463443963,2.403331221467317,0.12522321981929418,2.278108001648023,2.5285544412866114,2.403331221467317,2.3407196115576703,2.4659428313769642,3.995241512127957,0.08578039062273102,3.909461121505226,4.081021902750688,3.995241512127957,3.952351316816592,4.038131707439323,1.7449136780896486,0.0711729793041882,1.6737406987854604,1.8160866573938368,1.7449136780896486,1.7093271884375545,1.7805001677417427,7.755371646270237,2.312026953238459,5.4433446930317775,10.067398599508696,7.755371646270237,6.599358169651007,8.911385122889467,1.6311741827280766,0.5649204372161394,1.0662537455119372,2.196094619944216,1.6311741827280766,1.348713964120007,1.9136344013361462,3.121187399491734,2.534106726415364,0.58708067307637,5.655294125907098,3.121187399491734,1.854134036284052,4.388240762699416,0.4272146570274321,0.30407450607321185,0.12314015095422032,0.731289163100644,0.4272146570274321,0.27517740399082624,0.5792519100640381,811.4970367463807,468.4491730467405,343.0478636996402,1279.9462097931212,811.4970367463807,577.2724502230104,1045.721623269751,1.04266420864473,0.5991420074354323,0.44352220120929775,1.6418062160801623,1.04266420864473,0.7430932049270139,1.3422352123624461,0.9659258262890683,-0.25881904510252063,0.9749279121818236,-0.22252093395631434
user_01_direct_s39,user_01,direct,2026-01-28T07:26:30.230176249,2026-01-28T07:26:54.558951909,24.328775,2,20.40284373263841,3.925931928,0.8386301296566888,0.35068375662023926,6001.046978185003,7.567178515745622,246.66457633748527,0.31103820540679183,0.0,0.0,-1.0,3.925931928,0.0,3.925931928,3.925931928,3.925931928,7,2,0,0,10.201421866319205,3.965251584035151,6.2361702822840535,14.166673450354356,10.201421866319205,8.218796074301629,12.18404765833678,779.0386489989264,53.95184486431134,725.086804134615,832.9904938632377,779.0386489989264,752.0627265667707,806.014571431082,2221.4848400935753,153.84757305065773,2067.6372670429173,2375.3324131442328,2221.4848400935753,2144.5610535682463,2298.408626618904,1.0448709657312016,0.04487096573120153,1.0,1.089741931462403,1.0448709657312016,1.0224354828656008,1.0673064485968022,2.7387182921416096,0.36875934516025444,2.369958946981355,3.107477637301864,2.7387182921416096,2.5543386195614826,2.9230979647217366,5.033634371088907,1.174276411727338,3.8593579593615694,6.207910782816246,5.033634371088907,4.446496165225239,5.620772576952577,2.460846330531975,0.6642550761125394,1.7965912544194356,3.1251014066445144,2.460846330531975,2.128718792475705,2.792973868588245,2.5727880405569326,0.5100213356147987,2.062766704942134,3.0828093761717312,2.5727880405569326,2.317777372749533,2.827798708364332,7.4944807016208825,1.8385314878398775,5.655949213781005,9.33301218946076,7.4944807016208825,6.575214957700943,8.413746445540822,4.87869804193955,1.2754598745999672,3.6032381673395824,6.154157916539517,4.87869804193955,4.240968104639566,5.516427979239533,2.656660446498303,0.9169036159563927,1.73975683054191,3.5735640624546954,2.656660446498303,2.1982086385201063,3.115112254476499,4.559025297372284,0.6721079513647663,3.8869173460075177,5.23113324873705,4.559025297372284,4.222971321689901,4.895079273054667,2.161321481601305,0.4739865242487914,1.6873349573525138,2.6353080058500966,2.161321481601305,1.9243282194769096,2.398314743725701,8.101638617678013,3.4946535721674588,4.606985045510553,11.596292189845471,8.101638617678013,6.354311831594282,9.848965403761742,0.9690580647998128,0.20245655598809104,0.7666015088117218,1.171514620787904,0.9690580647998128,0.8678297868057674,1.0702863427938585,2.0997832486411925,0.47059801186769246,1.6291852367735,2.570381260508885,2.0997832486411925,1.8644842427073463,2.3350822545750387,0.31799204265512626,0.0732938905595805,0.24469815209554574,0.3912859332147067,0.31799204265512626,0.281345097375336,0.3546389879349165,337.14826304027486,110.67851922563081,226.46974381464403,447.82678226590565,337.14826304027486,281.80900342745946,392.48752265309025,0.4183316804593932,0.12205749982884573,0.29627418063054745,0.5403891802882389,0.4183316804593932,0.3573029305449703,0.47936043037381604,0.9659258262890683,-0.25881904510252063,0.9749279121818236,-0.22252093395631434
user_01_direct_s4,user_01,direct,2026-01-04T21:07:00,2026-01-04T21:09:05.155804976,125.155804,13,105.20919249894227,19.946612483,0.8406257571478049,0.35068375662023926,75602.79532869448,150.9463971555368,604.0694311603359,1.2060678956250146,0.0,0.0,0.1077607266884078,1.6622177069166666,2.063728363014238,0.480127906,0.0,3.3657421345,21,6,0,0,8.093014807610944,2.981466785714707,2.0055599612919783,12.112130715535322,8.696257134458165,6.138403752789566,10.13120102856346,1509.9288186394192,695.6968880479741,394.69683041244787,3228.1785714775015,1455.3250313219,1040.264445053561,1754.7558231712794,4305.670822029388,1983.8298036750948,1125.5064512151644,9205.383798181861,4149.964188098662,2966.389019780232,5003.812666098279,3.0146810596622418,1.5272064805340284,1.1328556253925754,6.0537196513947755,2.566280535262593,2.0021889669356456,3.676801101805723,8.596580259994436,4.354939319838139,3.2304194420369514,17.262617777733116,7.317933855834836,5.709386103970155,10.484663268243093,3.4501283466906227,2.0983565223136176,1.6837874883924504,7.9025335016287155,1.979839685316518,1.9114724664017317,5.224057186807089,1.6720790399357388,1.037940742688982,0.7156548143105086,3.891944732327322,1.0159522360419213,0.9233558358376128,2.531704584208374,1.7780493067548835,1.0652922460994012,0.9162083478279766,4.0105887693013935,1.1491893067721777,0.9681326740819418,2.6621719243120654,5.1222073866263615,3.134644252629029,2.399442302702959,11.794478233956038,2.9837519591786883,2.774604562577968,7.755761771015463,2.966926275452899,1.5759704244599784,1.182276247473246,5.770156608621836,2.2926484016758697,1.6703397801013031,4.430783137724369,1.6690150146948635,1.0258649176940644,0.6850921531066121,4.237978463984094,1.0314123032300913,0.9151698575766763,2.0686844693136806,3.37831758614368,2.1409921159207643,1.659513470878504,8.780558497889727,2.192151630931367,1.948465384283979,4.100362417418446,1.684674575662135,1.1425808684700647,0.5175519618413461,4.5498944465882305,1.0425555445258035,0.9128977793479077,1.860213505586292,6.425643967202422,2.6322129509142544,1.8112818219277378,10.684069465729749,6.445450406663207,4.266632886096293,8.384006768890785,0.9563642757863773,0.5099013208861221,0.27954868379875003,2.328602930516897,0.8393547138725487,0.5877898651130018,1.1920907189947796,1.667370840408521,1.239202490200405,0.19427813936424054,3.6857506219002527,1.2908080331880782,0.6111954816405021,2.8166068404092037,0.265181180272274,0.2214014939403075,0.02962147490930205,0.6500330382057289,0.13903266141259715,0.09966566165091191,0.3114967912174963,803.5096023045728,445.97977103362865,327.1220300674481,1997.7729622467702,610.4805924624515,512.4534664335062,1063.2014327509526,1.7089371919749543,1.2109578508030248,0.585617155282594,4.9284063213597635,1.1691967914352976,0.8617636097440327,2.325163131475565,-0.7071067811865477,0.7071067811865474,-0.7818314824680299,0.6234898018587334
user_01_direct_s41,user_01,direct,2026-01-28T07:26:54.558951909,2026-01-28T07:27:03.597529498,9.038577,1,9.038577589702092,0.0,1.0000000652428023,0.35068375662023926,7292.838346152001,8.94938161669399,806.856914108493,0.9901317006752269,0.0,0.0,0.0,0.0,0.0,0.0,0.0,0.0,7,2,0,0,9.038577589702092,0.0,9.038577589702092,9.038577589702092,9.038577589702092,9.038577589702092,9.038577589702092,1893.4705737871566,0.0,1893.4705737871566,1893.4705737871566,1893.4705737871566,1893.4705737871566,1893.4705737871566,5399.367772364844,0.0,5399.367772364844,5399.367772364844,5399.367772364844,5399.367772364844,5399.367772364844,2.3235659342076165,0.0,2.3235659342076165,2.3235659342076165,2.3235659342076165,2.3235659342076165,2.3235659342076165,6.625815682486374,0.0,6.625815682486374,6.625815682486374,6.625815682486374,6.625815682486374,6.625815682486374,2.1120443576317762,0.0,2.1120443576317762,2.1120443576317762,2.1120443576317762,2.1120443576317762,2.1120443576317762,1.176764681647008,0.0,1.176764681647008,1.176764681647008,1.176764681647008,1.176764681647008,1.176764681647008,0.9352796759847681,0.0,0.9352796759847681,0.9352796759847681,0.9352796759847681,0.9352796759847681,0.9352796759847681,3.2888090392787843,0.0,3.2888090392787843,3.2888090392787843,3.2888090392787843,3.2888090392787843,3.2888090392787843,1.5123815246039507,0.0,1.5123815246039507,1.5123815246039507,1.5123815246039507,1.5123815246039507,1.5123815246039507,1.4385242456639986,0.0,1.4385242456639986,1.4385242456639986,1.4385242456639986,1.4385242456639986,1.4385242456639986,1.8937665624987794,0.0,1.8937665624987794,1.8937665624987794,1.8937665624987794,1.8937665624987794,1.8937665624987794,1.3100348441821654,0.0,1.3100348441821654,1.3100348441821654,1.3100348441821654,1.3100348441821654,1.3100348441821654,6.897303949401935,0.0,6.897303949401935,6.897303949401935,6.897303949401935,6.897303949401935,6.897303949401935,0.8799084118767548,0.0,0.8799084118767548,0.8799084118767548,0.8799084118767548,0.8799084118767548,0.8799084118767548,2.141273640300157,0.0,2.141273640300157,2.141273640300157,2.141273640300157,2.141273640300157,2.141273640300157,0.45493368992963407,0.0,0.45493368992963407,0.45493368992963407,0.45493368992963407,0.45493368992963407,0.45493368992963407,806.8568614668903,0.0,806.8568614668903,806.8568614668903,806.8568614668903,806.8568614668903,806.8568614668903,0.9901316360762644,0.0,0.9901316360762644,0.9901316360762644,0.9901316360762644,0.9901316360762644,0.9901316360762644,0.9659258262890683,-0.25881904510252063,0.9749279121818236,-0.22252093395631434
user_01_direct_s43,user_01,direct,2026-01-28T07:27:03.597529498,2026-01-28T07:27:12.134040660,8.536511,1,8.536511162091214,0.0,1.0000000189879932,0.3506837566202393,9133.581490702758,27.194105204570874,1069.9431525013858,3.185622932433505,0.0,0.0,0.0,0.0,0.0,0.0,0.0,0.0,7,2,0,0,8.536511162091214,0.0,8.536511162091214,8.536511162091214,8.536511162091214,8.536511162091214,8.536511162091214,2371.390529320839,0.0,2371.390529320839,2371.390529320839,2371.390529320839,2371.390529320839,2371.390529320839,6762.190961381919,0.0,6762.190961381919,6762.190961381919,6762.190961381919,6762.190961381919,6762.190961381919,7.060520957864915,0.0,7.060520957864915,7.060520957864915,7.060520957864915,7.060520957864915,7.060520957864915,20.133584246705958,0.0,20.133584246705958,20.133584246705958,20.133584246705958,20.133584246705958,20.133584246705958,2.032748384605075,0.0,2.032748384605075,2.032748384605075,2.032748384605075,2.032748384605075,2.032748384605075,1.2556418646043617,0.0,1.2556418646043617,1.2556418646043617,1.2556418646043617,1.2556418646043617,1.2556418646043617,0.7771065200007135,0.0,0.7771065200007135,0.7771065200007135,0.7771065200007135,0.7771065200007135,0.7771065200007135,3.288390249209437,0.0,3.288390249209437,3.288390249209437,3.288390249209437,3.288390249209437,3.288390249209437,1.6742290692097141,0.0,1.6742290692097141,1.6742290692097141,1.6742290692097141,1.6742290692097141,1.6742290692097141,0.9840456613622958,0.0,0.9840456613622958,0.9840456613622958,0.9840456613622958,0.9840456613622958,0.9840456613622958,1.676682398954289,0.0,1.676682398954289,1.676682398954289,1.676682398954289,1.676682398954289,1.676682398954289,1.5272850815156582,0.0,1.5272850815156582,1.5272850815156582,1.5272850815156582,1.5272850815156582,1.5272850815156582,5.468139191466708,0.0,5.468139191466708,5.468139191466708,5.468139191466708,5.468139191466708,5.468139191466708,0.8236970040311028,0.0,0.8236970040311028,0.8236970040311028,0.8236970040311028,0.8236970040311028,0.8236970040311028,3.068371970624506,0.0,3.068371970624506,3.068371970624506,3.068371970624506,3.068371970624506,3.068371970624506,0.7614916661242677,0.0,0.7614916661242677,0.7614916661242677,0.7614916661242677,0.7614916661242677,0.7614916661242677,1069.9431321853128,0.0,1069.9431321853128,1069.9431321853128,1069.9431321853128,1069.9431321853128,1069.9431321853128,3.185622871944919,0.0,3.185622871944919,3.185622871944919,3.185622871944919,3.185622871944919,3.185622871944919,0.9659258262890683,-0.25881904510252063,0.9749279121818236,-0.22252093395631434
user_01_direct_s45,user_01,direct,2026-01-28T07:27:14.014916002,2026-01-28T07:27:22.478423658,8.463507,1,8.463507656051744,0.0,1.0000000775153544,0.3506837566202392,5345.288130476614,11.580128198697409,631.5689383226852,1.3682422899511288,0.0,0.0,0.0,0.0,0.0,0.0,0.0,0.0,7,2,0,0,8.463507656051744,0.0,8.463507656051744,8.463507656051744,8.463507656051744,8.463507656051744,8.463507656051744,1387.819845041754,0.0,1387.819845041754,1387.819845041754,1387.819845041754,1387.819845041754,1387.819845041754,3957.4682854348603,0.0,3957.4682854348603,3957.4682854348603,3957.4682854348603,3957.4682854348603,3957.4682854348603,3.0065978353250897,0.0,3.0065978353250897,3.0065978353250897,3.0065978353250897,3.0065978353250897,3.0065978353250897,8.573530363372319,0.0,8.573530363372319,8.573530363372319,8.573530363372319,8.573530363372319,8.573530363372319,3.7153658808457064,0.0,3.7153658808457064,3.7153658808457064,3.7153658808457064,3.7153658808457064,3.7153658808457064,1.8229446570630001,0.0,1.8229446570630001,1.8229446570630001,1.8229446570630001,1.8229446570630001,1.8229446570630001,1.8924212237827063,0.0,1.8924212237827063,1.8924212237827063,1.8924212237827063,1.8924212237827063,1.8924212237827063,5.538310537908707,0.0,5.538310537908707,5.538310537908707,5.538310537908707,5.538310537908707,5.538310537908707,3.9769559344071994,0.0,3.9769559344071994,3.9769559344071994,3.9769559344071994,3.9769559344071994,3.9769559344071994,1.4255390622022535,0.0,1.4255390622022535,1.4255390622022535,1.4255390622022535,1.4255390622022535,1.4255390622022535,4.0584964703886435,0.0,4.0584964703886435,4.0584964703886435,4.0584964703886435,4.0584964703886435,4.0584964703886435,1.7064115424304915,0.0,1.7064115424304915,1.7064115424304915,1.7064115424304915,1.7064115424304915,1.7064115424304915,7.677772516580025,0.0,7.677772516580025,7.677772516580025,7.677772516580025,7.677772516580025,7.677772516580025,0.3880457921135651,0.0,0.3880457921135651,0.3880457921135651,0.3880457921135651,0.3880457921135651,0.3880457921135651,0.7857351394717194,0.0,0.7857351394717194,0.7857351394717194,0.7857351394717194,0.7857351394717194,0.7857351394717194,0.08623585697840902,0.0,0.08623585697840902,0.08623585697840902,0.08623585697840902,0.08623585697840902,0.08623585697840902,631.5688893663989,0.0,631.5688893663989,631.5688893663989,631.5688893663989,631.5688893663989,631.5688893663989,1.3682421838913512,0.0,1.3682421838913512,1.3682421838913512,1.3682421838913512,1.3682421838913512,1.3682421838913512,0.9659258262890683,-0.25881904510252063,0.9749279121818236,-0.22252093395631434
user_01_direct_s47,user_01,direct,2026-01-28T07:27:25.586263429,2026-01-28T07:27:36.736668287,11.150404,2,11.150404859748292,0.0,1.0000000771046764,0.35068375662023926,9350.333676524137,26.315653561664682,838.5645647031387,2.360062788905647,0.0,0.0,0.0,0.0,0.0,0.0,0.0,0.0,7,2,0,0,5.575202429874146,2.0053814230192732,3.5698210068548732,7.58058385289342,5.575202429874146,4.57251171836451,6.577893141383783,1213.8334096580647,196.26058667845643,1017.5728229796082,1410.093996336521,1213.8334096580647,1115.7031163188365,1311.9637029972928,3461.3334286040035,559.6512041787839,2901.6822244252194,4020.9846327827872,3461.3334286040035,3181.507826514611,3741.1590306933954,3.4162224146432982,0.6896231362056517,2.7265992784376465,4.10584555084895,3.4162224146432982,3.0714108465404726,3.761033982746124,9.741604366189042,1.966510062661543,7.775094303527499,11.708114428850585,9.741604366189042,8.75834933485827,10.724859397519815,3.3739996741948732,1.781444910965353,1.5925547632295205,5.155444585160226,3.3739996741948732,2.483277218712197,4.2647221296775495,1.7013139738619043,1.032986271838534,0.6683277020233704,2.7343002457004384,1.7013139738619043,1.1848208379426375,2.2178071097811713,1.672685700332969,0.7484586391268189,0.9242270612061501,2.421144339459788,1.672685700332969,1.2984563807695595,2.046915019896378,5.0753136480567775,2.8144311828038866,2.260882465252891,7.889744830860664,5.0753136480567775,3.6680980566548342,6.482529239458721,3.135438863070664,1.9563229707408047,1.1791158923298595,5.091761833811469,3.135438863070664,2.157277377700262,4.113600348441066,2.0434806381513706,1.2558495425496325,0.7876310956017382,3.2993301807010034,2.0434806381513706,1.4155558668765544,2.671405409426187,2.8329940352630967,1.0158271721503136,1.8171668631127833,3.8488212074134105,2.8329940352630967,2.32508044918794,3.340907621338254,1.508822596964279,0.69225274144653,0.816569855517749,2.201075338410809,1.508822596964279,1.1626962262410139,1.8549489676875441,4.724558622081713,1.7638510979424016,2.9607075241393117,6.488409720024115,4.724558622081713,3.8426330731105125,5.606484171052914,0.6697743539259293,0.12254496596719627,0.5472293879587331,0.7923193198931257,0.6697743539259293,0.6085018709423312,0.7310468369095275,0.8506438077924332,0.24153032507687167,0.6091134827155615,1.0921741328693049,0.8506438077924332,0.7298786452539974,0.971408970330869,0.16000749685660634,0.06558354909821526,0.09442394775839108,0.2255910459548216,0.16000749685660634,0.12721572230749872,0.19279927140571396,907.1657726322155,190.7198187963075,716.445953835908,1097.885591428523,907.1657726322155,811.8058632340617,1002.5256820303692,2.5139560396962914,0.4278423198851806,2.086113719811111,2.941798359581472,2.5139560396962914,2.300034879753701,2.7278771996388818,0.9659258262890683,-0.25881904510252063,0.9749279121818236,-0.22252093395631434
user_01_direct_s49,user_01,direct,2026-01-28T07:27:38.952612470,2026-01-28T07:27:50.635512027,11.682899,1,11.682899557695048,0.0,1.0000000477360156,0.35068375662023926,2646.8721924546658,9.829829787370432,226.5595373592347,0.8413861822626757,0.0,0.0,0.0,0.0,0.0,0.0,0.0,0.0,7,2,0,0,11.682899557695048,0.0,11.682899557695048,11.682899557695048,11.682899557695048,11.682899557695048,11.682899557695048,687.2186618030306,0.0,687.2186618030306,687.2186618030306,687.2186618030306,687.2186618030306,687.2186618030306,1959.6535306516353,0.0,1959.6535306516353,1959.6535306516353,1959.6535306516353,1959.6535306516353,1959.6535306516353,2.5521604297650566,0.0,2.5521604297650566,2.5521604297650566,2.5521604297650566,2.5521604297650566,2.5521604297650566,7.277669357605376,0.0,7.277669357605376,7.277669357605376,7.277669357605376,7.277669357605376,7.277669357605376,4.427680028212586,0.0,4.427680028212586,4.427680028212586,4.427680028212586,4.427680028212586,4.427680028212586,2.2349264743151016,0.0,2.2349264743151016,2.2349264743151016,2.2349264743151016,2.2349264743151016,2.2349264743151016,2.192753553897484,0.0,2.192753553897484,2.192753553897484,2.192753553897484,2.192753553897484,2.192753553897484,6.662606502527687,0.0,6.662606502527687,6.662606502527687,6.662606502527687,6.662606502527687,6.662606502527687,4.594480632237189,0.0,4.594480632237189,4.594480632237189,4.594480632237189,4.594480632237189,4.594480632237189,2.893336146307958,0.0,2.893336146307958,2.893336146307958,2.893336146307958,2.893336146307958,2.893336146307958,4.961481275216143,0.0,4.961481275216143,4.961481275216143,4.961481275216143,4.961481275216143,4.961481275216143,1.7813916708203912,0.0,1.7813916708203912,1.7813916708203912,1.7813916708203912,1.7813916708203912,1.7813916708203912,10.16184494381912,0.0,10.16184494381912,10.16184494381912,10.16184494381912,10.16184494381912,10.16184494381912,2.311663025282977,0.0,2.311663025282977,2.311663025282977,2.311663025282977,2.311663025282977,2.311663025282977,1.521054613875929,0.0,1.521054613875929,1.521054613875929,1.521054613875929,1.521054613875929,1.521054613875929,0.09092115418658628,0.0,0.09092115418658628,0.09092115418658628,0.09092115418658628,0.09092115418658628,0.09092115418658628,226.55952654418562,0.0,226.55952654418562,226.55952654418562,226.55952654418562,226.55952654418562,226.55952654418562,0.8413861420982538,0.0,0.8413861420982538,0.8413861420982538,0.8413861420982538,0.8413861420982538,0.8413861420982538,0.9659258262890683,-0.25881904510252063,0.9749279121818236,-0.22252093395631434
user_01_direct_s51,user_01,direct,2026-01-28T07:27:51.709382098,2026-01-28T07:28:15.029961794,23.320579,2,23.320579696874972,0.0,1.0000000298824046,0.3506837566202393,6971.994761244311,14.765035049599208,298.9631930341143,0.6331332961158129,0.0,0.0,0.0,0.0,0.0,0.0,0.0,0.0,7,2,0,0,11.660289848437486,3.0771591912960474,8.583130657141439,14.737449039733534,11.660289848437486,10.121710252789462,13.19886944408551,905.0842960189734,263.4113278529679,641.6729681660055,1168.4956238719412,905.0842960189734,773.3786320924894,1036.7899599454572,2580.913084603182,751.1363810848527,1829.7767035183292,3332.0494656880346,2580.913084603182,2205.3448940607555,2956.4812751456084,1.9730493730076828,0.9730493730076828,1.0,2.9460987460153656,1.9730493730076828,1.4865246865038415,2.459574059511524,5.409468151791921,2.9915446992416674,2.417923452550253,8.401012851033588,5.409468151791921,3.9136958021710866,6.905240501412754,2.397440860008839,0.683320429662763,1.7141204303460758,3.0807612896716017,2.397440860008839,2.055780645177457,2.73910107484022,1.3370597965817521,0.30725775274590417,1.029802043835848,1.6443175493276563,1.3370597965817521,1.1834309202088,1.4906886729547042,1.0603810634270867,0.3760626769168588,0.6843183865102278,1.4364437403439454,1.0603810634270867,0.8723497249686571,1.248412401885516,3.7345006565905905,0.990578182408667,2.7439224741819235,4.7250788389992575,3.7345006565905905,3.239211565386257,4.229789747794924,2.006190651627878,0.309498781325527,1.696691870302351,2.315689432953405,2.006190651627878,1.8514412609651145,2.1609400422906413,1.2184366566241607,0.27928424589345885,0.9391524107307018,1.4977209025176195,1.2184366566241607,1.0787945336774312,1.35807877957089,2.4380164476300603,0.7009558884324129,1.7370605591976476,3.1389723360624733,2.4380164476300603,2.087538503413854,2.788494391846267,1.2527266868266906,0.11202409623053144,1.1407025905961592,1.364750783057222,1.2527266868266906,1.196714638711425,1.3087387349419564,9.871599986741414,2.7754620651443496,7.096137921597064,12.647062051885763,9.871599986741414,8.483868954169239,11.259331019313588,2.2434436786095784,0.9138409325161447,1.3296027460934337,3.157284611125723,2.2434436786095784,1.786523212351506,2.7003641448676508,1.7886898616960725,0.30169712615169786,1.4869927355443746,2.0903869878477703,1.7886898616960725,1.6378412986202235,1.9395384247719214,0.27255223385140187,0.037854730280038926,0.23469750357136296,0.3104069641314408,0.27255223385140187,0.2536248687113824,0.29147959899142134,346.0231691664227,178.32456237083161,167.69860679559105,524.3477315372543,346.0231691664227,256.86088798100684,435.1854503518385,0.7769728845717796,0.5450519162050552,0.23192096836672435,1.322024800776835,0.7769728845717796,0.504446926469252,1.0494988426743073,0.9659258262890683,-0.25881904510252063,0.9749279121818236,-0.22252093395631434
user_01_direct_s7,user_01,direct,2026-01-08T21:04:01.116269211,2026-01-08T21:07:46.645005939,225.528736,22,195.7424236071929,29.786313131999997,0.8679267532772094,0.3506837566202392,116057.31316442793,211.08718391950384,514.6010003994699,0.9359658004712261,0.0,0.0,0.11653840466181256,1.4183958634285712,1.792600224942677,0.337543338,0.011893764,2.165862,21,3,0,0,8.897382891236042,3.559942705428869,3.272807251369297,18.06808659100223,8.28414553651913,6.20285490895907,11.334779699086535,1369.6569461164017,721.1730994939676,509.4992870542127,4013.337536910596,1221.667716038939,914.7041653036172,1534.701169079161,3905.6754704485047,2056.477056263934,1452.8739282497108,11444.32116157778,3483.6735177383807,2608.344835013742,4376.310964243239,2.4911573412171193,2.0322215646902086,1.0367206800605615,10.52810662397278,1.9042679101720008,1.4715482566201343,2.5905200010355465,7.103714655123965,5.795026220421528,2.9562837185619695,30.02165462534903,5.430157155052269,4.196225883976988,7.387054439025129,3.3681379424480027,1.7802831516033495,1.7121467112233344,7.923848048093962,2.5827803124373983,2.087475694912062,3.9586254881613265,1.6788112670710604,0.8620000053933021,0.9110163371005212,3.761134718966514,1.2892808977646553,0.9953980598960278,2.0250115335488386,1.6893266753769425,0.9230663408174115,0.7889505544502974,4.162713329127448,1.293499414672743,1.0813002544720975,1.9858241049080152,5.046949209519064,2.6406159790495036,2.6353428679963713,11.684982767060475,3.8720612102020535,3.08287375480809,6.000766757454933,3.4483240016815713,1.9395367166088326,1.6607726819963007,8.461681350168945,2.5940776500016773,2.083519910370648,3.9853240754896753,1.6531689825525395,0.9576811341567256,0.8058319829368984,4.385441941267813,1.2689779657354423,0.945241463628238,2.040658216038982,3.4170202139195327,1.9001500969306895,1.2650578357517661,8.066655573758487,2.7952303799261156,2.026537347776234,4.127531036110633,1.775070679560521,0.9633643542400403,0.7682640502694466,4.461878609061519,1.249286148130434,1.115998157053657,2.492701989663918,6.743001723829139,3.022004159926633,2.339741157831895,16.087803486569637,6.422763187923595,4.633804868470964,8.375902624375396,0.8770467837697132,0.6436080293361651,0.2641347563242166,3.534106744952969,0.7366993208546638,0.5604767802758494,0.986921685867059,2.154381167406899,1.4041701905426425,0.48652704009802683,5.22691411527707,1.882439153513662,0.9830796238346968,3.0415587681367446,0.3253524097007458,0.2668877759857231,0.06885464121871969,1.0975487335093832,0.23391209769706572,0.15972166134346147,0.34894000392467805,720.4613593571527,499.0009280361307,108.60990760810115,2503.962034200428,618.89154723772,408.04017476773805,888.6597497211501,1.3104296327207903,1.2981798519427221,0.22099763461455937,6.5685926080204355,0.7983995459445218,0.7224911256617268,1.4771130144810005,-0.7071067811865477,0.7071067811865474,0.43388373911755823,-0.900968867902419
user_01_direct_s9,user_01,direct,2026-01-09T07:59:00.352945670,2026-01-09T08:00:54.006326633,113.65338,11,97.30945602397892,16.343924944,0.8561950029464933,0.3506837566202392,56450.834355936044,124.47741287035367,496.69296554080523,1.0952372280556344,0.0,0.0,0.012328401642773958,1.6343924944000001,1.6751944110419539,1.5777943154999998,0.03361689025,2.40421699925,7,4,0,0,8.846314183998084,2.626839612041802,4.813507901135308,13.776810333309415,8.231732391326656,7.012274500362094,10.954728491742001,1332.4154296098695,506.1588430710335,575.2334161499447,2162.3643565505936,1211.9120935687301,970.0321988832976,1792.8635259733082,3799.4786027479527,1443.3484115409444,1640.3195337412603,6166.137768657049,3455.8546573376875,2766.1167093455088,5112.479526432207,2.94255098913497,1.970328111524748,1.0,8.087970069079391,2.196835452694404,1.6867531637175237,3.3347202988169378,8.373577453624454,5.635847376380056,2.6610662101155613,23.06342941865418,6.264434583074773,4.809898182835237,9.509195210396232,3.538978995125993,1.6229003422295614,1.8023390086740625,7.405978017984592,3.1105147094072216,2.247069620208811,4.349387652583929,1.8630925770257938,0.8013692985816522,0.9825377501489667,3.746248454164911,1.423208456287907,1.2768639997377802,2.302407733327374,1.6758864181001996,0.8369627913147807,0.6554270951294421,3.6597295638196807,1.6873062531193146,1.0090862105716534,2.1554076428012943,5.402071572151787,2.4189852899492226,2.949250922218683,11.152226472149502,4.533723165695129,3.5239336199465914,6.651795385911304,3.383403453834514,1.37223741959411,1.8601919376637188,6.186332497928139,3.0546734072302897,2.245053042731496,4.434007249329296,1.7521005086065697,0.9640361630595512,0.8368735036570758,4.113650361498523,1.5077178830261537,1.047135882565857,2.0265993896350323,3.5548404448154844,1.8549193706998146,1.2855883773808392,8.460770954558438,3.2297288910608897,2.3276639441228504,4.185810366514827,1.7172187270140506,0.7759553720818831,0.8169934328737749,2.873772968730433,1.3026707661575763,1.106978263760115,2.5140167824250628,6.976070068137227,2.068231209857246,4.226493501832747,11.457030948781426,6.455516216891998,5.759102708723471,8.197573725852688,0.9428055489999163,0.678987703398207,0.3004100497858273,2.572925968358451,0.6253163978162756,0.5204291431751946,1.0235177064406802,1.8702441158608567,1.5669007006305213,0.35500011892167294,5.653137939123075,1.1011681491412286,0.6376761923810874,2.7752704315506898,0.25081986455124167,0.23583734410252247,0.028681423971016487,0.7606116584165437,0.1737515089074693,0.05176381936215661,0.358473808616257,603.8752049166314,239.11760463828895,269.14783481367994,1156.5353905358857,569.589653417365,439.93427549586363,667.7612244718547,1.4034882625278906,1.0691701134531895,0.44475039227138075,4.325831395688947,1.1600970067701155,0.6972385347871275,1.5421514869062762,0.9659258262890683,-0.25881904510252063,-0.433883739117558,-0.9009688679024191
user_01_vpn_s1,user_01,vpn,2026-01-01T21:58:02.703205015,2026-01-01T22:01:43.892956700,221.189751,19,182.20482524454061,38.984926451999996,0.8237489504861399,0.3506837566202393,92335.25451078221,208.5278204640007,417.44815975122737,0.9427553470323348,0.0,0.0,0.012889319852556985,2.165829247333333,2.222390414133255,1.4927537805,0.0,3.7697466787500002,21,3,1,0,9.589727644449505,2.3151014656956326,3.691234907726747,13.195632643519629,9.986560194054508,8.349350826857169,11.251214356235145,1261.7575810309095,417.39426437438897,490.6168842138929,2073.969144364122,1288.8306090366145,996.9223808516414,1597.9171064170653,3597.9926563786807,1190.2298195875421,1399.029396007039,5914.072451921558,3675.193346443784,2842.796000760376,4556.575764492775,2.8569371972211046,1.495726969657949,1.0,6.014354447129054,2.4002711288001253,1.6836099295743838,4.059976615305226,8.118211248252617,4.302178719088398,2.3091026356838267,17.150365061368067,6.844546071745818,4.800935024195006,11.577315854129612,4.524823775539074,2.182748410250627,2.1478007039652973,9.35064472192566,4.540883820921441,2.3840027311714516,5.931595728205578,2.2509689725941957,1.1053512987667382,1.0325917132165594,4.674500862921181,2.419405719539783,1.1732978748917733,2.913287802975233,2.273854802944879,1.0853758626433565,1.0680581079873446,4.676143859004479,2.121478101381658,1.245478980329229,3.0475593040170086,6.775792748133273,3.2854746185391686,3.1803924171818565,14.02514558484684,6.960289540461224,3.547215118014914,8.844883531180812,4.197183982494447,1.984016033845558,1.6535313578042758,8.07509446844047,4.125331135258307,2.441035064375744,5.723697543665676,2.388375597198361,1.294870276973181,0.7605411577266322,5.929346575536265,2.234339664715178,1.337454119002619,2.9417455356542748,4.350113854554067,1.981894925970143,1.766737013469204,7.893704247599502,4.150747410699231,2.6509208490402716,5.954078007146598,2.3285700304017314,1.1888143794235848,0.8650199147642001,4.430998370882649,2.2659319794415165,1.2136046473127926,3.213148270300211,7.053397904594114,1.988863587138031,3.2315552023292353,10.906048185830674,7.296406816691252,5.482309933535925,7.771123203430917,1.1718832730104434,0.5204135982398719,0.5328520787464626,2.0788139876054497,1.1179281523670974,0.7026640761644136,1.6566918358563476,2.5363297398553915,1.426411681103178,0.45967970539751146,5.071581543002023,2.674383367785762,1.1180130006583835,3.5427612122587013,0.34321591117454703,0.2380464981842144,0.050302197011778085,0.8091003535888316,0.26935163134644385,0.18266021186224357,0.4861531538625229,537.7864710714628,222.1086213084673,176.88796501137656,1105.401998773691,532.6922581803109,394.952743298973,584.525503777814,1.167247367469401,0.5688913780252732,0.36824196850140345,2.3390121096813226,1.070209074568695,0.7376289709930546,1.3822854194555425,-0.7071067811865477,0.7071067811865474,0.43388373911755823,-0.900968867902419
user_01_vpn_s11,user_01,vpn,2026-01-11T07:28:00,2026-01-11T07:30:08.972779708,128.972779,9,98.97852386671345,29.994255845,0.7674373199845018,0.3506837566202392,40618.08940231409,84.58414225945619,314.9353663404748,0.6558294154416583,0.0,0.0,-0.17390824783629788,3.749281980625,2.6384097108432747,3.290672499,1.9208734965,4.72376890725,7,6,1,0,10.997613762968161,2.484830485481835,6.8942792165089966,14.88451487418844,11.533273163500263,8.698963649064705,12.175326624571408,1171.7607724831716,405.0267200190244,767.601375722203,2036.8182760862005,984.938953988593,931.9222195220236,1308.1958806908435,3341.3602722183946,1154.9628757331752,2188.870631249254,5808.134074176414,2808.6243956123644,2657.443357238859,3730.4148139017134,2.4401044296317944,1.5997594013095455,1.0077416843002285,6.2715925143678914,1.9793673469153321,1.2048117889860763,2.385467520545903,6.95813359919667,4.561829201122505,2.8736480241128683,17.883897945006595,5.644308610104285,3.4356076272183462,6.802332516156891,5.727226328488994,2.714054512807835,2.4804227572688005,10.64103777907544,5.241203427903944,3.9923717187509333,6.711306285591029,2.8540610522459335,1.4125279429405582,1.0545896367531022,5.303537185928213,2.532989830782058,2.063334348876395,3.3303269818296335,2.8731652762430606,1.3093749987597558,1.1980934702679775,5.337500593147227,2.708213597121886,1.9290373698745382,3.380979303761395,8.581287380734928,4.124098845661171,3.53524627700229,15.944574965003653,7.774193258686002,6.055706067627328,10.041633267420663,5.373924771332233,2.8132965190077246,1.8445286014195132,9.894715521425933,5.503161966452273,3.0502396817652686,6.3157107535108885,2.6096146873671877,1.4734602792928875,0.7670298926549546,6.053135011869892,2.4079934619312624,1.5119749302769376,2.958259570565654,5.622806121483042,2.529092190045066,2.1944601315845422,10.282063056929207,5.915977954596471,3.856528188813773,6.6187940903012565,2.8225080674244953,1.7183849704812093,0.9493215772938732,6.781485701728369,2.4323472351366817,1.5834480168100957,3.695017442107381,8.301566658120267,2.58743587962054,3.8116294092884555,11.379222158842909,8.899641936368246,6.008542122916009,10.714207442805069,1.245629703712372,0.5642926393720022,0.5444177374395338,2.482132902449311,1.0041761676863081,0.8646376701478905,1.6513852539664844,2.6960471048478936,1.391643911457318,0.7944849784123349,4.8775066498549595,3.082649807220541,1.1792233778552106,3.3540094897320394,0.4369630118540643,0.2490713696932153,0.07353619360250198,0.752823112413184,0.5679969873086792,0.19660971449924022,0.6520148995129648,425.1182131916692,150.65897874833735,241.14763612385374,730.8393722330148,356.08918844152186,339.86485358969526,530.1192995499722,0.8585361335748699,0.4547113785115686,0.3117615491957668,1.7533011499585158,0.7378642762952576,0.48063996075849325,1.1142264353165705,0.9659258262890683,-0.25881904510252063,-0.7818314824680299,0.6234898018587334
user_01_vpn_s12,user_01,vpn,2026-01-12T07:09:00.279027376,2026-01-12T07:35:46.211767302,1605.932739,29,277.3829853709744,1328.5497545710002,0.17272391217561098,0.3506837566202393,152627.10429769784,338.6978915968507,95.03953720548556,0.21090415767210452,0.0,0.0,0.6656736194425955,47.44820552039287,236.39541723701575,2.0883653994999998,0.7854204922500001,3.2496707357499997,7,0,1,0,9.5649305300336,2.719038663986455,3.3179338722019596,14.47663132564946,9.939022164131464,8.4494473109281,11.148441138501024,1366.4559622268978,749.3803138549781,375.83808750680953,3100.4247529108206,1366.7388912708484,738.1671201379231,1739.4773484906495,3896.5476342454413,2136.911960443304,1071.7293869810178,8841.084579427265,3897.3544268002997,2104.936730609098,4960.244994678655,3.079986267935868,2.47762450539525,1.0,11.414104864301049,2.2729683221283286,1.302102295536483,3.3854057061676848,8.599251373334846,7.2348769862834095,1.0,32.54814244693276,6.4815329459064746,3.7130385167698234,9.653728301518658,4.141524881133339,1.5139476046438876,2.2156802522622385,7.734468451459179,3.5522378015242926,2.749487125355868,5.222107320022477,2.094277160156854,0.7460005758812911,1.083151540548391,3.8654493619003505,1.9189527313885375,1.4099006409741799,2.585258450687132,2.0472477209764843,0.7782996806205519,0.9509976920223977,3.8690190895588286,1.6787021849184132,1.3395864843816883,2.636848869335345,6.235802041290192,2.2564037814164184,3.2988317928106294,11.599917813359529,5.47119053291283,4.159387766330048,7.807365770709609,3.973259353229048,1.6293156812328997,1.5879858260182915,7.457243428508623,3.4362800199644816,2.5272632888543525,5.456963387605828,2.0032193333694357,0.6836119736285468,0.8900408921942004,3.642817199548579,1.7269943977941058,1.3661378875671206,2.4501482485012436,3.7731305695733814,1.5619353448369515,1.5780999154671684,7.9583495299008975,3.407755150570389,2.772091332068132,4.971654096024603,2.0258965939820284,0.7419942890330257,0.963153978463607,3.753023316143146,1.822346748551568,1.4016927267229131,2.65184679729268,7.119600656063926,2.361118802228226,2.1405124615140716,12.547522285798301,6.935719243085659,5.47614034841941,8.658447751394602,1.0471306551811235,0.48430019831846327,0.3666546953053637,1.9815238458505,0.9677246122804019,0.6085844191410489,1.3547052319331505,2.445329873969672,1.2295100873009694,0.590523192160548,4.673164930712017,2.7584714228448632,1.177421410687888,3.5249610342897064,0.3685941446787307,0.25120883512654746,0.04739631515530741,1.143676806745174,0.2873229704587854,0.17535046315175393,0.5426160689355538,634.2808302374585,505.86782214548407,103.89030607540936,2314.1997162466587,558.8004427228308,331.280237065164,741.1844757444019,1.3520516924259545,1.099569659667133,0.1381536874850458,4.396551110516861,0.9473485283438584,0.44985130656397965,2.083508690040829,0.9659258262890683,-0.25881904510252063,0.0,1.0
user_01_vpn_s14,user_01,vpn,2026-01-15T07:06:04.276503560,2026-01-15T07:09:38.327491502,214.050987,16,166.87435361160507,47.176634339,0.7796009537279316,0.35068375662023926,110109.32106953839,238.45280158923367,514.4069766402824,1.1140000096763567,0.0,0.0,0.09772595755714056,3.1451089559333334,3.826407031422607,1.645108328,0.1952596255,4.6560930885000005,7,3,1,0,10.429647100725317,3.5752810192104754,3.0485896618009543,18.518439867700508,10.906263787571014,7.646050941287224,12.522182010937051,1786.7593988188105,766.1670300529861,711.9931961160684,3819.190988414753,1658.4122590848156,1114.0089901652902,2232.588864690967,5095.073168027338,2184.780491223835,2030.2999003375471,10890.6982896006,4729.082051213268,3176.67690372003,6366.388013541988,3.869407060871514,1.739994893704,1.5027539367755791,7.120385682254097,3.477289272317463,2.140053278490979,5.123148462059007,11.033893038455592,4.961720812145476,4.285211129419188,20.304292821765536,9.915740910928683,6.102516121978455,14.609026980416834,5.553034309800755,3.686980174551445,1.6876663979601934,14.882206754145463,4.188173397364434,2.9955227177116046,7.049409384179803,2.80721981947434,1.8577089419292028,1.019891113928435,7.511206979759942,2.2005772188234474,1.470840388828262,3.398967082461045,2.7458144903264143,1.8374452565257366,0.6027087950161283,7.3709997743855205,1.9992342821469018,1.5304604727057554,3.650442301718758,8.360254129275095,5.541985706422321,2.7726240009042584,22.393413733905405,6.371447513925809,4.460584962717454,10.448376466640848,5.618321446950068,3.8327925502893176,1.6279029404758132,14.839962455320247,3.8768659059894564,3.0893471657449703,7.111151004603654,2.732758204151127,1.961624300893147,0.7425653462972259,8.935852807384679,2.098734287595737,1.2893832052836571,3.590714243494784,4.903987231921105,3.1055715177864864,1.232949497717393,12.08999054363776,4.237108347980119,2.4191006696503443,6.208064334220723,2.6031392953605055,1.8302569718321997,0.7426216495700307,6.869011935278572,2.203231264871697,1.1868341107156113,3.140971354028923,7.987752459205749,3.541419479954373,2.7068184425780233,16.19159062361873,8.206075702180808,4.926737949427486,10.077599864125801,1.1432559004361913,0.795119108229655,0.30993563786426637,3.028482090059558,0.9153023473970536,0.5861162451419044,1.3202984280796664,2.4418946415195677,1.2856951152715037,0.34177121922293097,5.181487553603581,2.4475319117585204,1.694422770399314,3.1324829545204884,0.33756128454547485,0.21804374120331552,0.04645553295175318,0.8434747943522029,0.34344788415416894,0.179128466509273,0.411108916562921,759.586990486654,437.6848630267819,148.0844561445302,2114.8845666253865,648.9626343998787,523.535337229343,947.749985774586,1.6471573479165897,1.107791774179067,0.3961455919775762,4.455261996575785,1.3302790687662291,0.9390546063376912,1.713236754303661,0.9659258262890683,-0.25881904510252063,0.43388373911755823,-0.900968867902419
user_01_vpn_s18,user_01,vpn,2026-01-20T07:13:00.721967615,2026-01-20T07:16:47.121812389,226.399844,17,171.55027794870998,54.84956683,0.7577314317792109,0.35068375662023926,89041.81475909913,222.60345357146412,393.2945057996556,0.983231479485755,0.0,0.0,0.15483593495949005,3.428097926875,4.684168244097819,2.427804756,0.56740825225,3.719089094,7,1,1,0,10.091192820512351,2.660583671548058,6.062199398256877,15.840440047371011,9.603003280111114,8.08241257907936,11.633742355011169,1359.900252827531,410.18951794603674,681.6667886454719,2393.252254102922,1290.8990383146215,1083.8566607859277,1655.1271916785406,3877.853556531241,1169.6849660197897,1943.8219643108791,6824.5312448121485,3681.091621567621,3090.6953639134545,4719.71444480362,3.399734086856996,1.7435936131957075,1.4270598867569158,7.3136653639395615,2.9231283259956404,2.064069612550751,4.571049849081974,9.694586711464423,4.971982820076469,4.069364091768586,20.855443760572122,8.335511043247834,5.8858432236596645,13.034678004867025,5.56450535433509,4.587638732398402,2.126688257626703,22.370748408178883,4.901248239524886,2.8109622204747478,6.215275579519917,2.754169557688598,2.3021242834335274,0.9542996795622705,11.145115243813981,2.3786805641107533,1.3964152926636564,2.9595047836849444,2.810335796646492,2.289477278389877,1.0332462013695358,11.225633164364902,2.4897272107607287,1.4145469278110914,3.255770795834972,8.318674912023686,6.88844717643165,3.2201303138838706,33.515863651992866,7.27992880363564,4.207377513138404,9.17478036320486,5.56105216285722,4.257384658197382,2.050383349575459,20.560529048175272,4.892886633633439,3.0329962537202686,5.716133735741339,2.791510772320944,1.985478413483963,0.8790759502621909,9.41266601803094,2.657856282042883,1.4291635269625096,3.6067674459692065,5.292724725526672,4.014686563439758,2.010623586237008,19.399795582321428,4.77296619044632,2.7027691069484647,5.504022925228487,2.745697951042436,2.8247650365245947,0.6861703769520239,13.307245216306244,2.134312825631325,1.0943583777398354,3.0428673851764523,8.02127244158592,2.6917392516734218,4.0943614326547655,13.059435818009263,7.546149928810246,5.864863100336988,9.850937729793653,1.1189918256831974,0.6292250902470692,0.46561421282430415,2.6929429224308494,0.928772601082456,0.6382608045227826,1.400982314075579,2.0699203789264335,1.0217701230222114,0.6270572329793769,4.147736671046168,1.7828046252175156,1.3178042151346094,2.7810042293617485,0.31121653786172,0.2252396699538394,0.11511578601177541,0.8402520358723262,0.2438476895735112,0.13850471174854506,0.32977394093306883,550.9056599854804,206.9601865695385,263.45649720310985,1087.6091417583034,534.1567634394713,396.6526130282389,657.6183851712545,1.36652539240267,0.7102168408909831,0.5222474555636365,2.678125673329828,1.1952274914520915,0.706640454875489,2.0700967068321185,0.9659258262890683,-0.25881904510252063,0.7818314824680298,0.6234898018587336
user_01_vpn_s2,user_01,vpn,2026-01-03T07:35:02.477555726,2026-01-03T07:39:07.463950876,244.986395,18,178.3004289678461,66.68596619099999,0.727797267957864,0.35068375662023926,82227.50415935289,182.35754284069304,335.64110431255943,0.7443578360369483,0.0,0.0,-0.0905393664008763,3.922703893588235,3.2713580805968774,3.023458451,1.030202348,6.113659601,7,5,1,0,9.905579387102561,3.2768088116276655,2.155982850651492,13.548436615982299,10.586999936872727,7.851110821829501,12.743889961973954,1186.0597730088857,414.5426466930708,768.9543531219974,2582.5619978433638,1159.4279443989917,892.9721074756895,1375.4758955354368,3382.134902510719,1182.0982263001856,2192.7287437915456,7364.361619520516,3306.1923243127385,2546.3743062462468,3922.2686239926434,2.6303479362445077,1.6201979265712845,1.1495482295081894,6.779452463421337,2.0270569669765206,1.4886154537080727,3.313823672668052,7.500626666016217,4.620111128573945,3.278019605433429,19.332097182827056,5.780298997913527,4.244894226224789,9.449606975257316,6.158016667239183,3.2234497116339202,2.431847281925159,12.284766862252495,5.279366452536618,3.6414336785727697,8.033822766833522,3.0638297798152028,1.5906967894844837,1.1960467213861852,6.1699306922230255,2.6265211966806308,1.8580916767522762,3.9673347152895735,3.0941868874239797,1.642775415958727,1.18362077909073,6.114836170029469,2.574701404751631,1.7276322004816618,4.082944035313275,9.221846447054384,4.810735658061013,3.6282704851222967,18.45469755447552,7.984031500321606,5.499525355325046,11.996743977900108,6.058800730473876,3.965744111912789,2.0528282611126705,14.467660706153255,4.84584866911791,3.1193019194342533,6.965763082017966,2.954298350222594,1.5660440220034229,1.0985270727036143,6.326518899191115,2.3810062026625927,1.8200422128024971,3.511591493174759,5.5780573525341275,2.920418433927529,2.1116095195283817,11.688046480547735,4.543569426147879,3.1587010094679777,7.966586961487517,2.9496998510564962,1.436233221458276,1.1835151068752616,5.733573519729667,2.5742554046975474,1.9259480837867224,3.7827324089361154,7.366483720008903,2.3494173112645194,1.5990608000074236,10.817758049948107,7.60381738598442,6.394164058877363,9.026550741984156,1.1940307915224202,0.4888342698194918,0.34944251378282587,2.036580599568526,1.1183511236966501,0.8797936566711025,1.5580583656009614,2.539095667093657,1.624971737557511,0.5569220506440686,5.2513287923499785,2.0558325133287667,1.0228271841570127,4.078140131469515,0.4009671411290213,0.2925346278785845,0.05973395586568939,0.9447773010515723,0.3072211576103541,0.1532424560528383,0.6892514481995647,558.6693329355636,378.4068742710792,233.9141644361965,1789.1781336877596,402.7377328811351,366.37124954642815,630.3940130841456,1.2436864018940337,0.9412961560285158,0.3420012683029464,3.2299386390360927,0.7082010946535837,0.576050879315885,1.9666856090397797,0.9659258262890683,-0.25881904510252063,-0.9749279121818236,-0.2225209339563146
user_01_vpn_s20,user_01,vpn,2026-01-21T07:40:00.958208849,2026-01-21T07:44:04.565701236,243.607492,28,261.4665563870529,36.722069032,1.0733108174975705,0.3506837566202393,139106.9599777597,331.32870183958505,571.0290715433321,1.3600924139048443,0.0,0.0,0.3161053231533587,1.360076630814815,2.6173680748114077,0.0,0.0,1.0358889035,7,2,1,0,9.338091299537604,2.7239152067688734,3.4135379954724803,15.973668353307318,9.81736625820605,7.888614166733744,10.990026260129376,1289.8903731937705,595.6201223619123,371.45691657775785,3226.309035701348,1177.2701213855612,990.7691614399553,1463.160347594281,3678.215340297647,1698.4536954385323,1059.236162398061,9200.052682209533,3357.0705775815127,2825.249652246865,4172.307157011435,3.0887846255023477,2.485779219461367,1.0,14.359762474862027,2.493312713733988,1.849884485155548,3.4685508077365665,8.744383297339976,7.146504521915179,1.4511572096675271,40.947897368432805,7.109860855157982,5.2750789001009135,9.890822549539163,5.200237589853645,3.367098169245264,2.062191821445587,14.007041537201767,3.7299353704203635,2.4895689210194702,6.511633490960479,2.584848401417318,1.686692161793912,0.9171803031693654,7.1256679886216405,1.839817335978159,1.2933389676760372,3.2254858033512903,2.615389188436328,1.6889234192423794,0.9877755083834325,6.881373548580126,1.8763651396617484,1.3153699471466134,3.286147687609188,7.785085991270962,5.0509502812756235,2.9793721246149523,21.132709525823408,5.5146892859225725,3.7485036881824882,9.737119294311768,4.8452891858193565,2.833027270568423,1.4530604891060284,10.373306789558058,3.746043097571022,2.6374766304321637,6.171877959716262,2.47428571273691,1.7436894485723162,0.8171620963197912,6.799148470468745,1.6848461008056659,1.2676548894940138,3.5265298545554553,4.871570576108854,3.2728378321386886,1.8255033336250455,15.339913158760163,3.920372996434855,2.562828403678488,5.59794312276933,2.6637271139905927,1.7903986027037815,0.6591715098302515,6.238069053949456,1.89902104617171,1.3648734543601895,3.6764829177101648,7.031646723309942,2.6435040481419665,2.84724253986303,13.918493201790373,7.281698161280593,5.005390324747106,8.432214645236535,1.1543692676609607,0.7103946176942911,0.3172973541875654,3.4782818644134994,0.9769461324961509,0.7438717757719308,1.5971511688318958,2.306444576227662,0.9340388594046004,0.4975201150816715,4.328329211639377,2.2721553181755594,1.883616410164703,2.8915213106132573,0.3101047220350649,0.20147564480202448,0.05319986900314506,0.9418885947801403,0.26476074234251123,0.14964972241558916,0.4038868865758575,597.2822893490777,363.3751942657396,133.39132752630437,1779.8690282196608,458.5616305810852,338.41644036412424,758.3133708260575,1.337067816222129,1.0851348880286118,0.3247455380972493,6.096323813174949,1.1382997678392754,0.7856588998783505,1.4173378399168854,0.9659258262890683,-0.25881904510252063,0.9749279121818236,-0.22252093395631434
user_01_vpn_s24,user_01,vpn,2026-01-24T07:07:00.630546741,2026-01-24T07:26:21.876429013,1161.245882,25,216.51173634973625,944.734145934,0.1864477968927999,0.3506837566202392,127487.45249784413,264.27848611206605,109.78506315843636,0.22758184998417594,0.08,0.0,0.6219848756276323,39.36392274725,168.90246771851432,2.3215491075,0.70504922075,6.3025295120000004,7,5,1,0,8.66046945398945,3.473551118177036,0.2,14.60826839266462,8.872288588406342,7.3882963990687625,10.706946194976318,1324.0043361670012,821.5027672124644,509.0890505159753,4046.460200503539,953.5404123535051,782.7984600294144,1671.3254817477157,3775.493763746764,2342.5743328684653,1451.7041092019426,11538.7728234174,2719.0891917646145,2232.206212154613,4765.905036079614,2.763825754677512,2.079043314163293,1.0,8.889999365555513,1.886435234519269,1.1508354430587522,3.5753731899701235,7.807313689805131,5.996763522167166,1.6322655334070073,25.350473746585948,5.379305995521538,3.2816901876211197,10.195434269406292,6.257278615953042,5.042232544362065,2.1412503304524506,23.308369216083285,4.713841504525453,2.7355287750679724,6.66792199853307,3.1380820811598493,2.507656923030856,1.0464882197560887,11.520638923005656,2.373565636657549,1.412238274653605,3.3077782799529607,3.119196534793192,2.5384754674426553,1.0947621106963619,11.78773029307763,2.1962248803054054,1.3117165740087187,3.3601437185801095,9.395360697112892,7.548579127974272,3.1877385502085396,34.82900813908894,7.087407141183002,4.182898224350591,9.97570027848603,5.926390172010996,4.913469460194516,1.7678843118071534,24.654940288841452,4.692505201577811,2.6602216602681605,6.998928720848995,3.0783571431913197,2.2319184162592443,0.9531297715979635,9.413358907743946,2.1559166746784753,1.504235947348969,3.507948062059903,5.924982086310535,4.385963166999595,1.5452785638352993,17.811059137335366,5.076311170948017,2.4296128583512604,7.467723165411412,3.1210219960254775,2.502224715639071,1.009955278739728,12.46838483592531,2.038103003629447,1.626948555092739,3.547336413972312,6.523804480324724,2.941946969323652,0.15216176394339004,12.586054356273069,6.71593733072877,5.340959690695734,7.579726367458164,0.9800009518058606,0.5260330949193383,0.014408033602222902,2.4917318532765846,1.0691328805550115,0.745510603231926,1.224309906621122,2.1366649736647263,1.2813507768347454,0.04783823605660997,4.784248859354266,1.9788519138927354,0.9846239479207561,3.3502643131035255,0.3353999169718961,0.2608587933444364,0.0028755582342034117,0.9650795383431363,0.28995234457094987,0.1184764124218003,0.4695604254630336,2420.487015118091,6634.4568066539905,176.24498531875543,31928.784783395447,456.62792518635206,312.2067607317112,1111.97198524124,4.521603454045548,13.493474668510398,0.2750774223767512,68.85403729688207,1.0542509045190172,0.49555522018564396,1.7465583432735452,0.9659258262890683,-0.25881904510252063,-0.9749279121818236,-0.2225209339563146
user_01_vpn_s26,user_01,vpn,2026-01-24T21:09:01.368790966,2026-01-24T21:12:50.024282907,228.655491,16,180.85153210220884,47.803959846999994,0.7909345684692471,0.35068375662023926,96581.04677407019,190.33945909571014,422.3867371462782,0.8324289885332783,0.0,0.0,0.04065949075457926,3.186930656466666,3.457072438895959,1.406149813,0.26872200749999997,6.024688997,21,5,1,0,11.303220756388052,3.072726097586947,5.816015527320037,17.386030989803597,10.645674249393103,9.197095162184311,14.412782540442999,1567.2341941182813,704.1306121947529,645.3931157211317,2905.726872079358,1347.068990434436,1021.6048421834124,1895.364060740745,4469.081229261105,2007.8791757591055,1840.3849723214798,8285.88954356963,3841.264287279771,2913.179817706024,5404.767186845393,3.0886651030258188,1.7449480065220357,1.0959519338183625,7.3253487947610285,2.8121994800765764,1.5620251784949946,4.417681512538788,8.807551090456066,4.975844970235294,3.1251859064723817,20.888759905391794,8.019189446296338,4.4542273458834165,12.597337142486364,5.466426452157013,3.3838517355724056,2.199368886533359,13.294024346700203,3.828704510364029,2.840908011988396,8.093575474590637,2.738324699170721,1.6746482098129654,1.1089110032809972,6.742128690427994,1.850217028440953,1.5842721676685634,4.040046339332037,2.728101752986293,1.7186689989678259,1.0821007982140927,6.551895656272209,2.0607482978043437,1.4006821127237878,4.053529135258598,8.204751151327734,5.055291807791043,3.308279889814356,20.036153037128198,5.583638076477807,4.410632848724189,12.133621813922673,5.059976270850527,3.3905175671970444,2.0986327338089,12.327135733331438,3.6547210632599993,2.4884276091297095,6.439013791080756,2.424230910604824,1.3236741825586513,0.8779893842886763,5.2472675098203,1.87375938571008,1.5011221618321864,2.969345138481276,5.350853421517846,3.4434425769526134,1.8243728713660823,13.72998304498403,4.190675147648421,2.940169955575028,6.413985854445915,2.493881338979648,1.4916652852751915,0.832534015735494,6.428014406201158,1.9559617238228442,1.524034021396043,3.0096357997219894,8.31697344973191,2.91037344778312,3.4676917929788407,15.75287456933021,7.668584345208693,6.1342121200963,9.861052819942191,1.3248340112466446,0.564832073199041,0.5313013145181316,2.2282976226363282,1.1284608842560708,0.8182877869734559,1.8615837083444404,2.9862473066561446,1.325477981544836,0.7972830287807566,4.993053718284721,2.933258670525585,2.055217847957752,4.249036558627789,0.5329020236276256,0.3560569016770462,0.14768081924205798,1.2149545066612313,0.3546432520821917,0.2689151405909319,0.8491059061372397,602.5079155946341,370.1399014272242,171.87527934380122,1309.2135396081112,449.6345487174855,329.25295351959704,782.522835176936,1.148376197678254,0.7628767441473476,0.37744686152015683,3.0777777694583657,0.8838905529154821,0.5003195235740635,1.8068000670864333,-0.7071067811865477,0.7071067811865474,-0.9749279121818236,-0.2225209339563146
user_01_vpn_s28,user_01,vpn,2026-01-28T07:14:00,2026-01-28T07:16:30.152098162,150.152098,11,107.76842872053341,42.383669449,0.7177284244175757,0.35068375662023926,42136.190202137856,110.8337714776952,280.62338630884705,0.7381433423440756,0.0,0.0,0.17969283154762358,4.2383669449,6.095242483129915,2.1313635875,0.6223271535,4.41412680725,7,2,1,0,9.797129883684855,2.0757381376323867,5.542751094631387,12.9779712055498,9.84738313052099,8.099418723919612,11.329182381452927,994.5452642260375,341.84776452392464,502.83297423179806,1582.2827929376845,942.4097561600007,802.8959646750652,1174.8312057893063,2836.0174814228585,974.803531873068,1433.8644569053236,4511.993393099077,2687.3493236259314,2289.5156947475425,3350.11583402635,2.6442381107865622,0.9872836159371882,1.0,4.0343173696637695,2.582768670662872,2.06829824372768,3.462817293650417,7.431559296276637,3.0105099109447857,1.6561338174115372,11.50414666634415,7.364950961956847,5.897901470148419,9.874473021002665,6.28729794115779,6.006426489866929,2.1022253513762448,23.98727426475386,4.586397300193905,2.724959690401443,6.460586182736341,3.1780483571905225,3.076512744296345,1.089087894537992,12.164590593939558,2.3003281114466962,1.363369605358953,3.2054763212867323,3.109249583967268,2.9375183093288992,1.0131374568382527,11.822683670814303,2.179724111012744,1.4430745263326683,3.2551098614496077,9.46534629834831,9.080482689281634,3.1913132459142366,36.151864858693415,6.886725411640601,4.092039133327997,9.666062504023074,6.4132124239527,6.750961402371709,1.8023618803389787,26.734275993672078,4.9696028641608105,2.5244939090132923,6.442824862574023,3.325870018947781,3.4462603241866656,1.0255535768747448,13.600299580581591,1.8107342823134758,1.4798887869677628,3.408242012739914,5.674986060477712,4.773836763857014,2.043946989704112,19.419097863952107,3.4668537203938823,2.894554866044361,6.499549418098415,3.414951851681107,3.5814942149218254,0.9434530872049212,14.23315600832252,1.812276461182776,1.6080499037341038,3.722021258455894,7.413249152499685,2.0788125380398355,3.8016260385171012,11.832575439575013,7.192473436493901,6.220822055085179,8.702224510745651,1.2516200671814528,0.7625106632833607,0.22227305350432552,2.7884816086722144,0.9834449338933838,0.6498125427569501,1.7856849960888654,2.3838807311851693,1.0300568282240194,0.9688280049450535,4.16100297238952,2.501409724210893,1.4432604110445362,2.934506648408431,0.322442314944555,0.22501320974825806,0.07660284920954717,0.8564207431541736,0.21661869183198912,0.19294335624500855,0.35472235926766826,402.80380334149504,129.05447757426296,149.22959840663904,547.9676663079299,434.12043582415015,300.3453267565893,516.5466585910774,1.1018565634374664,0.5259122376862512,0.20466479508566707,1.9039198769342682,0.9671619832321375,0.7623376887016582,1.4793465949125295,0.9659258262890683,-0.25881904510252063,0.9749279121818236,-0.22252093395631434
user_01_vpn_s30,user_01,vpn,2026-01-28T07:25:10.646047581,2026-01-28T07:25:25.747163417,15.101115,1,15.101115836976856,0.0,1.0000000554248383,0.3506837566202393,3665.620991556509,11.024007849493348,242.73843299362392,0.7300128400779246,0.0,0.0,0.0,0.0,0.0,0.0,0.0,0.0,7,2,1,0,15.101115836976856,0.0,15.101115836976856,15.101115836976856,15.101115836976856,15.101115836976856,15.101115836976856,951.7207365265364,0.0,951.7207365265364,951.7207365265364,951.7207365265364,951.7207365265364,951.7207365265364,2713.900255029973,0.0,2713.900255029973,2713.900255029973,2713.900255029973,2713.900255029973,2713.900255029973,2.8622099486447645,0.0,2.8622099486447645,2.8622099486447645,2.8622099486447645,2.8622099486447645,2.8622099486447645,8.161797900848583,0.0,8.161797900848583,8.161797900848583,8.161797900848583,8.161797900848583,8.161797900848583,12.771055516879528,0.0,12.771055516879528,12.771055516879528,12.771055516879528,12.771055516879528,12.771055516879528,6.2767425546930715,0.0,6.2767425546930715,6.2767425546930715,6.2767425546930715,6.2767425546930715,6.2767425546930715,6.494312962186457,0.0,6.494312962186457,6.494312962186457,6.494312962186457,6.494312962186457,6.494312962186457,19.0477980715726,0.0,19.0477980715726,19.0477980715726,19.0477980715726,19.0477980715726,19.0477980715726,12.584104459822516,0.0,12.584104459822516,12.584104459822516,12.584104459822516,12.584104459822516,12.584104459822516,7.90259894373445,0.0,7.90259894373445,7.90259894373445,7.90259894373445,7.90259894373445,7.90259894373445,14.035662895294058,0.0,14.035662895294058,14.035662895294058,14.035662895294058,14.035662895294058,14.035662895294058,5.965726792100819,0.0,5.965726792100819,5.965726792100819,5.965726792100819,5.965726792100819,5.965726792100819,12.642247327737877,0.0,12.642247327737877,12.642247327737877,12.642247327737877,12.642247327737877,12.642247327737877,1.1297091677047024,0.0,1.1297091677047024,1.1297091677047024,1.1297091677047024,1.1297091677047024,1.1297091677047024,2.458868509238979,0.0,2.458868509238979,2.458868509238979,2.458868509238979,2.458868509238979,2.458868509238979,0.38582201642597846,0.0,0.38582201642597846,0.38582201642597846,0.38582201642597846,0.38582201642597846,0.38582201642597846,242.73841953988628,0.0,242.73841953988628,242.73841953988628,242.73841953988628,242.73841953988628,242.73841953988628,0.7300127996170832,0.0,0.7300127996170832,0.7300127996170832,0.7300127996170832,0.7300127996170832,0.7300127996170832,0.9659258262890683,-0.25881904510252063,0.9749279121818236,-0.22252093395631434
user_01_vpn_s32,user_01,vpn,2026-01-28T07:25:26.803222867,2026-01-28T07:25:39.069004110,12.265781,1,12.265781243607922,0.0,1.0000000198607755,0.35068375662023926,7674.086372556729,11.598413582498868,625.6500399409323,0.94559111910598,0.0,0.0,0.0,0.0,0.0,0.0,0.0,0.0,7,2,1,0,12.265781243607922,0.0,12.265781243607922,12.265781243607922,12.265781243607922,12.265781243607922,12.265781243607922,1992.4556170649462,0.0,1992.4556170649462,1992.4556170649462,1992.4556170649462,1992.4556170649462,1992.4556170649462,5681.630755491782,0.0,5681.630755491782,5681.630755491782,5681.630755491782,5681.630755491782,5681.630755491782,3.011345347132579,0.0,3.011345347132579,3.011345347132579,3.011345347132579,3.011345347132579,3.011345347132579,8.587068235366289,0.0,8.587068235366289,8.587068235366289,8.587068235366289,8.587068235366289,8.587068235366289,3.216623860606987,0.0,3.216623860606987,3.216623860606987,3.216623860606987,3.216623860606987,3.216623860606987,1.615921378195745,0.0,1.615921378195745,1.615921378195745,1.615921378195745,1.615921378195745,1.615921378195745,1.6007024824112417,0.0,1.6007024824112417,1.6007024824112417,1.6007024824112417,1.6007024824112417,1.6007024824112417,4.832545238802732,0.0,4.832545238802732,4.832545238802732,4.832545238802732,4.832545238802732,4.832545238802732,2.437374010754201,0.0,2.437374010754201,2.437374010754201,2.437374010754201,2.437374010754201,2.437374010754201,2.025395685741324,0.0,2.025395685741324,2.025395685741324,2.025395685741324,2.025395685741324,2.025395685741324,3.816621760385923,0.0,3.816621760385923,3.816621760385923,3.816621760385923,3.816621760385923,3.816621760385923,1.4463399600138807,0.0,1.4463399600138807,1.4463399600138807,1.4463399600138807,1.4463399600138807,1.4463399600138807,8.016193098132833,0.0,8.016193098132833,8.016193098132833,8.016193098132833,8.016193098132833,8.016193098132833,1.1004891111847996,0.0,1.1004891111847996,1.1004891111847996,1.1004891111847996,1.1004891111847996,1.1004891111847996,4.249588145475089,0.0,4.249588145475089,4.249588145475089,4.249588145475089,4.249588145475089,4.249588145475089,0.7988716014593937,0.0,0.7988716014593937,0.7988716014593937,0.7988716014593937,0.7988716014593937,0.7988716014593937,625.6500275150376,0.0,625.6500275150376,625.6500275150376,625.6500275150376,625.6500275150376,625.6500275150376,0.9455911003258076,0.0,0.9455911003258076,0.9455911003258076,0.9455911003258076,0.9455911003258076,0.9455911003258076,0.9659258262890683,-0.25881904510252063,0.9749279121818236,-0.22252093395631434
user_01_vpn_s34,user_01,vpn,2026-01-28T07:25:39.069004110,2026-01-28T07:25:48.137290112,9.068286,1,9.068286002971563,0.0,1.0000000003276874,0.3506837566202393,4356.7041033271225,9.880213891576702,480.4330281739154,1.0895348792017259,0.0,0.0,0.0,0.0,0.0,0.0,0.0,0.0,7,2,1,0,9.068286002971563,0.0,9.068286002971563,9.068286002971563,9.068286002971563,9.068286002971563,9.068286002971563,1131.1495780926407,0.0,1131.1495780926407,1131.1495780926407,1131.1495780926407,1131.1495780926407,1131.1495780926407,3225.554525234482,0.0,3225.554525234482,3225.554525234482,3225.554525234482,3225.554525234482,3225.554525234482,2.5652418685921674,0.0,2.5652418685921674,2.5652418685921674,2.5652418685921674,2.5652418685921674,2.5652418685921674,7.314972022984534,0.0,7.314972022984534,7.314972022984534,7.314972022984534,7.314972022984534,7.314972022984534,2.248059044725019,0.0,2.248059044725019,2.248059044725019,2.248059044725019,2.248059044725019,2.248059044725019,1.0839251406206005,0.0,1.0839251406206005,1.0839251406206005,1.0839251406206005,1.0839251406206005,1.0839251406206005,1.1641339041044183,0.0,1.1641339041044183,1.1641339041044183,1.1641339041044183,1.1641339041044183,1.1641339041044183,3.331984185345619,0.0,3.331984185345619,3.331984185345619,3.331984185345619,3.331984185345619,3.331984185345619,2.165590047664466,0.0,2.165590047664466,2.165590047664466,2.165590047664466,2.165590047664466,2.165590047664466,1.118954879195026,0.0,1.118954879195026,1.118954879195026,1.118954879195026,1.118954879195026,1.118954879195026,1.8780994716666304,0.0,1.8780994716666304,1.8780994716666304,1.8780994716666304,1.8780994716666304,1.8780994716666304,1.0791826519497936,0.0,1.0791826519497936,1.0791826519497936,1.0791826519497936,1.0791826519497936,1.0791826519497936,7.874808361840364,0.0,7.874808361840364,7.874808361840364,7.874808361840364,7.874808361840364,7.874808361840364,1.8993790016896324,0.0,1.8993790016896324,1.8993790016896324,1.8993790016896324,1.8993790016896324,1.8993790016896324,1.1934776411311994,0.0,1.1934776411311994,1.1934776411311994,1.1934776411311994,1.1934776411311994,1.1934776411311994,0.09086434822081188,0.0,0.09086434822081188,0.09086434822081188,0.09086434822081188,0.09086434822081188,0.09086434822081188,480.43302801648355,0.0,480.43302801648355,480.43302801648355,480.43302801648355,480.43302801648355,480.43302801648355,1.089534878844699,0.0,1.089534878844699,1.089534878844699,1.089534878844699,1.089534878844699,1.089534878844699,0.9659258262890683,-0.25881904510252063,0.9749279121818236,-0.22252093395631434
user_01_vpn_s36,user_01,vpn,2026-01-28T07:25:50.216875643,2026-01-28T07:26:10.960453639,20.743577,2,20.07337250433259,0.670205492,0.9676909871587042,0.3506837566202392,9919.706401000096,34.47848589960679,478.20616478055337,1.662128277085808,0.0,0.0,-1.0,0.670205492,0.0,0.670205492,0.670205492,0.670205492,7,2,1,0,10.036686252166295,1.7956162049839444,8.24107004718235,11.832302457150238,10.036686252166295,9.138878149674321,10.934494354658266,1287.747738218569,441.31694571273414,846.430792505835,1729.0646839313033,1287.747738218569,1067.089265362202,1508.4062110749362,3672.1054622814786,1258.4470691371175,2413.658393144361,4930.552531418596,3672.1054622814786,3042.8819277129196,4301.328996850038,4.475897817897428,3.248836227799821,1.2270615900976063,7.724734045697248,4.475897817897428,2.8514797039975166,6.100315931797338,12.763345131905966,9.26429059364171,3.4990545382642564,22.027635725547675,12.763345131905966,8.131199835085111,17.39549042872682,3.7641674714734528,0.983140176862503,2.7810272946109498,4.747307648335956,3.7641674714734528,3.2725973830422013,4.255737559904704,1.9529903808173592,0.5497525886145594,1.4032377922027999,2.5027429694319188,1.9529903808173592,1.6781140865100796,2.227866675124639,1.8111770906560936,0.43338758824794354,1.37778950240815,2.244564678904037,1.8111770906560936,1.5944832965321216,2.0278708847800653,5.717157852290812,1.532892765477062,4.18426508681375,7.250050617767874,5.717157852290812,4.950711469552281,6.483604235029343,3.2484384132190884,1.0296658173653466,2.218772595853742,4.278104230584435,3.2484384132190884,2.733605504536415,3.7632713219017617,1.4809335157932964,0.3318438126028558,1.1490897031904406,1.8127773283961521,1.4809335157932964,1.3150116094918685,1.6468554220947242,3.4289590946210726,1.1848752027617817,2.2440838918592907,4.613834297382854,3.4289590946210726,2.8365214932401814,4.021396696001963,1.7179716683671715,0.29471063472998815,1.4232610336371834,2.0126823030971597,1.7179716683671715,1.5706163510021773,1.8653269857321657,6.868562307383032,0.28111265894084614,6.587449648442186,7.149674966323878,6.868562307383032,6.728005977912609,7.009118636853454,1.1535634023144352,0.14665626980999924,1.006907132504436,1.3002196721244346,1.1535634023144352,1.0802352674094358,1.226891537219435,3.168123944783262,1.5145035460430982,1.6536203987401636,4.68262749082636,3.168123944783262,2.4108721717617128,3.925375717804811,0.33776272989612466,0.005222886546470795,0.33253984334965386,0.34298561644259545,0.33776272989612466,0.3351512866228893,0.34037417316936003,541.8127649478885,266.28826771192314,275.5244972359653,808.1010326598116,541.8127649478885,408.6686310919269,674.95689880385,2.004840275215524,1.6054153834434344,0.3994248917720895,3.610255658658958,2.004840275215524,1.2021325834938066,2.807547966937241,0.9659258262890683,-0.25881904510252063,0.9749279121818236,-0.22252093395631434
user_01_vpn_s38,user_01,vpn,2026-01-28T07:26:13.488242293,2026-01-28T07:26:43.943821050,30.455578,2,26.72198005820129,3.7335987,0.8774084030912593,0.35068375662023926,16158.078100114528,35.15046715616774,530.5457706340208,1.1541553129008992,0.0,0.0,-1.0,3.7335987,0.0,3.7335987,3.7335987,3.7335987,7,2,1,0,13.360990029100645,1.6450543933741564,11.715935635726488,15.006044422474801,13.360990029100645,12.538462832413567,14.183517225787723,2097.595199519583,606.2494818857393,1491.3457176338436,2703.8446814053223,2097.595199519583,1794.4704585767133,2400.7199404624525,5981.443850537681,1728.7640800034433,4252.679770534238,7710.207930541124,5981.443850537681,5117.061810535959,6845.825890539403,4.56313249080815,1.7833623137232957,2.7797701770848544,6.346494804531446,4.56313249080815,3.6714513339465022,5.454813647669798,13.01210108727572,5.085386135105554,7.926714952170167,18.097487222381275,13.01210108727572,10.469408019722945,15.554794154828498,5.4801583554448445,0.19003378392591763,5.290124571518927,5.670192139370762,5.4801583554448445,5.385141463481886,5.575175247407803,2.780854485744874,0.045684315961644906,2.735170169783229,2.8265388017065187,2.780854485744874,2.7580123277640514,2.8036966437256963,2.6993038696999707,0.14434946796427273,2.554954401735698,2.8436533376642434,2.6993038696999707,2.6271291357178344,2.771478603682107,8.261012841189718,0.23571809988756254,8.025294741302156,8.496730941077281,8.261012841189718,8.143153791245938,8.3788718911335,4.609735663207466,0.08221575577311624,4.527519907434351,4.691951418980583,4.609735663207466,4.568627785320909,4.650843541094025,3.0978077602608005,0.10006339301318001,2.9977443672476207,3.1978711532739807,3.0978077602608005,3.0477760637542106,3.147839456767391,5.752629121242707,0.447033857268869,5.305595263973838,6.199662978511576,5.752629121242707,5.529112192608272,5.9761460498771415,2.6992510287063736,0.18632506339510857,2.5129259653112648,2.885576092101482,2.6992510287063736,2.606088497008819,2.7924135604039275,10.357748710535528,0.9804498260803785,9.377298884455149,11.338198536615906,10.357748710535528,9.867523797495338,10.847973623575717,1.9375439071871072,0.5645950136891773,1.37294889349793,2.5021389208762845,1.9375439071871072,1.6552464003425187,2.2198414140316958,3.0032413185651174,0.6646045672937779,2.3386367512713395,3.6678458858588954,3.0032413185651174,2.6709390349182285,3.3355436022120064,0.5721853031373578,0.059324440268119616,0.5128608628692382,0.6315097434054774,0.5721853031373578,0.542523083003298,0.6018475232714176,635.8300409746394,253.04925434940722,382.7807866252321,888.8792953240466,635.8300409746394,509.3054137999357,762.354668149343,1.3999328511335825,0.6864546800827398,0.7134781710508428,2.0863875312163223,1.3999328511335825,1.0567055110922126,1.7431601911749524,0.9659258262890683,-0.25881904510252063,0.9749279121818236,-0.22252093395631434
user_01_vpn_s40,user_01,vpn,2026-01-28T07:26:47.542298281,2026-01-28T07:26:54.815096790,7.272798,1,7.272798509859503,0.0,1.0000000701049998,0.3506837566202392,5486.027990534176,7.792863980588576,754.321512921736,1.0715083769119638,0.0,0.0,0.0,0.0,0.0,0.0,0.0,0.0,7,2,1,0,7.272798509859503,0.0,7.272798509859503,7.272798509859503,7.272798509859503,7.272798509859503,7.272798509859503,1424.3607322696362,0.0,1424.3607322696362,1424.3607322696362,1424.3607322696362,1424.3607322696362,1424.3607322696362,4061.6672582645397,0.0,4061.6672582645397,4061.6672582645397,4061.6672582645397,4061.6672582645397,4061.6672582645397,2.023294351582049,0.0,2.023294351582049,2.023294351582049,2.023294351582049,2.023294351582049,2.023294351582049,5.7695696290065275,0.0,5.7695696290065275,5.7695696290065275,5.7695696290065275,5.7695696290065275,5.7695696290065275,6.175714810910323,0.0,6.175714810910323,6.175714810910323,6.175714810910323,6.175714810910323,6.175714810910323,3.0743461023644985,0.0,3.0743461023644985,3.0743461023644985,3.0743461023644985,3.0743461023644985,3.0743461023644985,3.1013687085458246,0.0,3.1013687085458246,3.1013687085458246,3.1013687085458246,3.1013687085458246,3.1013687085458246,9.250060913274822,0.0,9.250060913274822,9.250060913274822,9.250060913274822,9.250060913274822,9.250060913274822,6.875630869013404,0.0,6.875630869013404,6.875630869013404,6.875630869013404,6.875630869013404,6.875630869013404,2.1933715643880354,0.0,2.1933715643880354,2.1933715643880354,2.1933715643880354,2.1933715643880354,2.1933715643880354,6.011083258777609,0.0,6.011083258777609,6.011083258777609,6.011083258777609,6.011083258777609,6.011083258777609,3.18950425408909,0.0,3.18950425408909,3.18950425408909,3.18950425408909,3.18950425408909,3.18950425408909,4.1588452448065505,0.0,4.1588452448065505,4.1588452448065505,4.1588452448065505,4.1588452448065505,4.1588452448065505,0.4744235648052086,0.0,0.4744235648052086,0.4744235648052086,0.4744235648052086,0.4744235648052086,0.4744235648052086,3.1139532650529524,0.0,3.1139532650529524,3.1139532650529524,3.1139532650529524,3.1139532650529524,3.1139532650529524,0.547376695493726,0.0,0.547376695493726,0.547376695493726,0.547376695493726,0.547376695493726,0.547376695493726,754.3214600400302,0.0,754.3214600400302,754.3214600400302,754.3214600400302,754.3214600400302,754.3214600400302,1.0715083017938745,0.0,1.0715083017938745,1.0715083017938745,1.0715083017938745,1.0715083017938745,1.0715083017938745,0.9659258262890683,-0.25881904510252063,0.9749279121818236,-0.22252093395631434
user_01_vpn_s42,user_01,vpn,2026-01-28T07:26:54.815096790,2026-01-28T07:27:07.501864959,12.686768,1,12.686768169387328,0.0,1.0000000133514957,0.35068375662023926,3686.617252055587,15.73394131606701,290.5875832249464,1.2401851532294914,0.0,0.0,0.0,0.0,0.0,0.0,0.0,0.0,7,2,1,0,12.686768169387328,0.0,12.686768169387328,12.686768169387328,12.686768169387328,12.686768169387328,12.686768169387328,957.1720847571672,0.0,957.1720847571672,957.1720847571672,957.1720847571672,957.1720847571672,957.1720847571672,2729.4451672984196,0.0,2729.4451672984196,2729.4451672984196,2729.4451672984196,2729.4451672984196,2729.4451672984196,4.08506996557605,0.0,4.08506996557605,4.08506996557605,4.08506996557605,4.08506996557605,4.08506996557605,11.64887135049096,0.0,11.64887135049096,11.64887135049096,11.64887135049096,11.64887135049096,11.64887135049096,2.617350194668356,0.0,2.617350194668356,2.617350194668356,2.617350194668356,2.617350194668356,2.617350194668356,1.1777826496488295,0.0,1.1777826496488295,1.1777826496488295,1.1777826496488295,1.1777826496488295,1.1777826496488295,1.4395675450195267,0.0,1.4395675450195267,1.4395675450195267,1.4395675450195267,1.4395675450195267,1.4395675450195267,3.7951328443171857,0.0,3.7951328443171857,3.7951328443171857,3.7951328443171857,3.7951328443171857,3.7951328443171857,2.8226067793366725,0.0,2.8226067793366725,2.8226067793366725,2.8226067793366725,2.8226067793366725,2.8226067793366725,1.2885563675546032,0.0,1.2885563675546032,1.2885563675546032,1.2885563675546032,1.2885563675546032,1.2885563675546032,2.345691295921224,0.0,2.345691295921224,2.345691295921224,2.345691295921224,2.345691295921224,2.345691295921224,1.2570417337713937,0.0,1.2570417337713937,1.2570417337713937,1.2570417337713937,1.2570417337713937,1.2570417337713937,10.731863867303053,0.0,10.731863867303053,10.731863867303053,10.731863867303053,10.731863867303053,10.731863867303053,2.0791020760952916,0.0,2.0791020760952916,2.0791020760952916,2.0791020760952916,2.0791020760952916,2.0791020760952916,1.954904302084275,0.0,1.954904302084275,1.954904302084275,1.954904302084275,1.954904302084275,1.954904302084275,0.13131905358716717,0.0,0.13131905358716717,0.13131905358716717,0.13131905358716717,0.13131905358716717,0.13131905358716717,290.5875793451676,0.0,290.5875793451676,290.5875793451676,290.5875793451676,290.5875793451676,290.5875793451676,1.2401851366711651,0.0,1.2401851366711651,1.2401851366711651,1.2401851366711651,1.2401851366711651,1.2401851366711651,0.9659258262890683,-0.25881904510252063,0.9749279121818236,-0.22252093395631434
user_01_vpn_s44,user_01,vpn,2026-01-28T07:27:08.768367207,2026-01-28T07:27:20.171966727,11.403599,1,11.40359952048254,0.0,1.000000045641954,0.35068375662023926,5506.48935143671,7.224085420892102,482.87293787134314,0.6334917091430611,0.0,0.0,0.0,0.0,0.0,0.0,0.0,0.0,7,2,1,0,11.40359952048254,0.0,11.40359952048254,11.40359952048254,11.40359952048254,11.40359952048254,11.40359952048254,1429.6732022476704,0.0,1429.6732022476704,1429.6732022476704,1429.6732022476704,1429.6732022476704,1429.6732022476704,4076.81614918904,0.0,4076.81614918904,4076.81614918904,4076.81614918904,4076.81614918904,4076.81614918904,1.8756199599846315,0.0,1.8756199599846315,1.8756199599846315,1.8756199599846315,1.8756199599846315,1.8756199599846315,5.34846546090747,0.0,5.34846546090747,5.34846546090747,5.34846546090747,5.34846546090747,5.34846546090747,3.7481671670404637,0.0,3.7481671670404637,3.7481671670404637,3.7481671670404637,3.7481671670404637,3.7481671670404637,1.7758863529586668,0.0,1.7758863529586668,1.7758863529586668,1.7758863529586668,1.7758863529586668,1.7758863529586668,1.972280814081797,0.0,1.972280814081797,1.972280814081797,1.972280814081797,1.972280814081797,1.972280814081797,5.52405351999913,0.0,5.52405351999913,5.52405351999913,5.52405351999913,5.52405351999913,5.52405351999913,2.97460285961553,0.0,2.97460285961553,2.97460285961553,2.97460285961553,2.97460285961553,2.97460285961553,1.5277146989758805,0.0,1.5277146989758805,1.5277146989758805,1.5277146989758805,1.5277146989758805,1.5277146989758805,3.3140993067398186,0.0,3.3140993067398186,3.3140993067398186,3.3140993067398186,3.3140993067398186,3.3140993067398186,2.1263727776120014,0.0,2.1263727776120014,2.1263727776120014,2.1263727776120014,2.1263727776120014,2.1263727776120014,6.930886100381803,0.0,6.930886100381803,6.930886100381803,6.930886100381803,6.930886100381803,6.930886100381803,1.2422631486342592,0.0,1.2422631486342592,1.2422631486342592,1.2422631486342592,1.2422631486342592,1.2422631486342592,4.472713420100737,0.0,4.472713420100737,4.472713420100737,4.472713420100737,4.472713420100737,4.472713420100737,1.1037714443324698,0.0,1.1037714443324698,1.1037714443324698,1.1037714443324698,1.1037714443324698,1.1037714443324698,482.87291583207974,0.0,482.87291583207974,482.87291583207974,482.87291583207974,482.87291583207974,482.87291583207974,0.6334916802292629,0.0,0.6334916802292629,0.6334916802292629,0.6334916802292629,0.6334916802292629,0.6334916802292629,0.9659258262890683,-0.25881904510252063,0.9749279121818236,-0.22252093395631434
user_01_vpn_s46,user_01,vpn,2026-01-28T07:27:21.046968477,2026-01-28T07:27:33.036750230,11.989781,1,11.989781753072094,0.0,1.0000000628094954,0.3506837566202393,5080.65141901799,9.580865888869006,423.74847539066724,0.7990859790407352,0.0,0.0,0.0,0.0,0.0,0.0,0.0,0.0,7,2,1,0,11.989781753072094,0.0,11.989781753072094,11.989781753072094,11.989781753072094,11.989781753072094,11.989781753072094,1319.111092412526,0.0,1319.111092412526,1319.111092412526,1319.111092412526,1319.111092412526,1319.111092412526,3761.5403266054636,0.0,3761.5403266054636,3761.5403266054636,3761.5403266054636,3761.5403266054636,3761.5403266054636,2.487520876086136,0.0,2.487520876086136,2.487520876086136,2.487520876086136,2.487520876086136,2.487520876086136,7.09334501278287,0.0,7.09334501278287,7.09334501278287,7.09334501278287,7.09334501278287,7.09334501278287,3.314703536466477,0.0,3.314703536466477,3.314703536466477,3.314703536466477,3.314703536466477,3.314703536466477,1.6517008734942096,0.0,1.6517008734942096,1.6517008734942096,1.6517008734942096,1.6517008734942096,1.6517008734942096,1.6630026629722676,0.0,1.6630026629722676,1.6630026629722676,1.6630026629722676,1.6630026629722676,1.6630026629722676,4.9664044099606866,0.0,4.9664044099606866,4.9664044099606866,4.9664044099606866,4.9664044099606866,4.9664044099606866,3.1110601303840957,0.0,3.1110601303840957,3.1110601303840957,3.1110601303840957,3.1110601303840957,3.1110601303840957,1.604575270145033,0.0,1.604575270145033,1.604575270145033,1.604575270145033,1.604575270145033,1.604575270145033,3.2008790745656883,0.0,3.2008790745656883,3.2008790745656883,3.2008790745656883,3.2008790745656883,3.2008790745656883,1.2281302048061398,0.0,1.2281302048061398,1.2281302048061398,1.2281302048061398,1.2281302048061398,1.2281302048061398,10.369099582678365,0.0,10.369099582678365,10.369099582678365,10.369099582678365,10.369099582678365,10.369099582678365,0.7806101707823656,0.0,0.7806101707823656,0.7806101707823656,0.7806101707823656,0.7806101707823656,0.7806101707823656,1.6206821703937297,0.0,1.6206821703937297,1.6206821703937297,1.6206821703937297,1.6206821703937297,1.6206821703937297,0.2089286246489535,0.0,0.2089286246489535,0.2089286246489535,0.2089286246489535,0.2089286246489535,0.2089286246489535,423.748448775241,0.0,423.748448775241,423.748448775241,423.748448775241,423.748448775241,423.748448775241,0.7990859288505513,0.0,0.7990859288505513,0.7990859288505513,0.7990859288505513,0.7990859288505513,0.7990859288505513,0.9659258262890683,-0.25881904510252063,0.9749279121818236,-0.22252093395631434
user_01_vpn_s48,user_01,vpn,2026-01-28T07:27:34.292928890,2026-01-28T07:27:43.306848720,9.013919,1,9.013919830866149,0.0,1.0000000921759058,0.35068375662023926,14573.950856316145,33.75604998551625,1616.82735958867,3.7448805547860204,0.0,0.0,0.0,0.0,0.0,0.0,0.0,0.0,7,2,1,0,9.013919830866149,0.0,9.013919830866149,9.013919830866149,9.013919830866149,9.013919830866149,9.013919830866149,3783.8967190072412,0.0,3783.8967190072412,3783.8967190072412,3783.8967190072412,3783.8967190072412,3783.8967190072412,10790.054137308904,0.0,10790.054137308904,10790.054137308904,10790.054137308904,10790.054137308904,10790.054137308904,8.764226533087509,0.0,8.764226533087509,8.764226533087509,8.764226533087509,8.764226533087509,8.764226533087509,24.99182345242874,0.0,24.99182345242874,24.99182345242874,24.99182345242874,24.99182345242874,24.99182345242874,3.5139930719559604,0.0,3.5139930719559604,3.5139930719559604,3.5139930719559604,3.5139930719559604,3.5139930719559604,2.086381946814795,0.0,2.086381946814795,2.086381946814795,2.086381946814795,2.086381946814795,2.086381946814795,1.4276111251411656,0.0,1.4276111251411656,1.4276111251411656,1.4276111251411656,1.4276111251411656,1.4276111251411656,5.600375018770755,0.0,5.600375018770755,5.600375018770755,5.600375018770755,5.600375018770755,5.600375018770755,4.165544753182482,0.0,4.165544753182482,4.165544753182482,4.165544753182482,4.165544753182482,4.165544753182482,1.8698401772233428,0.0,1.8698401772233428,1.8698401772233428,1.8698401772233428,1.8698401772233428,1.8698401772233428,3.265525340375403,0.0,3.265525340375403,3.265525340375403,3.265525340375403,3.265525340375403,3.265525340375403,1.5199068126946085,0.0,1.5199068126946085,1.5199068126946085,1.5199068126946085,1.5199068126946085,1.5199068126946085,5.090526640057553,0.0,5.090526640057553,5.090526640057553,5.090526640057553,5.090526640057553,5.090526640057553,0.6545215850492567,0.0,0.6545215850492567,0.6545215850492567,0.6545215850492567,0.6545215850492567,0.6545215850492567,3.9233931908085955,0.0,3.9233931908085955,3.9233931908085955,3.9233931908085955,3.9233931908085955,3.9233931908085955,0.9261106996216405,0.0,0.9261106996216405,0.9261106996216405,0.9261106996216405,0.9261106996216405,0.9261106996216405,1616.8272105561573,0.0,1616.8272105561573,1616.8272105561573,1616.8272105561573,1616.8272105561573,1616.8272105561573,3.744880209598295,0.0,3.744880209598295,3.744880209598295,3.744880209598295,3.744880209598295,3.744880209598295,0.9659258262890683,-0.25881904510252063,0.9749279121818236,-0.22252093395631434
user_01_vpn_s5,user_01,vpn,2026-01-07T07:46:00.842696601,2026-01-07T07:50:39.968953832,279.126257,21,223.1013905571181,56.024866684,0.7992848575228022,0.3506837566202394,87157.10292641587,165.50914515256352,312.24974627312065,0.5929544104213869,0.0,0.0,-0.0480670431235582,2.8012433342,2.5442989239583023,1.885699513,0.5535621905,4.12253520125,7,2,1,0,10.623875740815148,3.564055295381756,4.706756296443184,18.796376083914446,9.326451538002976,8.26120648664562,13.8001786326042,1077.5699316862995,331.8874772344828,431.46688756056454,1894.0779787003744,1021.1147939832953,866.0346195985516,1136.1938981367846,3072.7683029049326,946.401054993513,1230.3589185848905,5401.0998312405445,2911.7824099536947,2469.5601186238955,3239.938767301349,2.071265141556581,0.8608745105775049,1.0,4.436092005707496,1.8609803141838719,1.5017808866915379,2.7832265882506695,5.810122722851206,2.601846698886433,1.0,12.649835990297682,5.306719456068665,4.282436406992865,7.936571157656062,5.081514556014403,2.558919521509269,2.413196582668859,12.121412513504504,3.939641185064106,3.1537890012275707,6.596099632661904,2.5132116943072327,1.2361856419648978,1.110823020180342,5.982888828324466,2.01706249910565,1.5619337635628188,3.133426447433954,2.56830286170717,1.330753964228611,1.1000703541645096,6.138523685180038,2.031187228305974,1.6554252598773587,3.416082298076765,7.594726250321635,3.7923003579110954,3.6929657668760862,18.10430134182897,6.0198801158131285,4.652152742577782,9.683106909840742,4.831735716574958,2.5024884927526614,1.9296894814949983,12.96914716368184,4.174548181881662,3.0823241647156494,5.736136848087376,2.5233212754787266,1.535443251758019,0.9655073078941703,7.367611034902264,2.1923690502588014,1.4491068080969245,2.7627674469184718,4.935970159096619,2.6805223125913513,2.2334947516738293,13.028890042952787,4.251376683344545,2.7083546028838574,6.496223027995314,2.283717230480773,1.015189104855189,0.949178204767211,5.441993828783956,2.2223686526980195,1.5459309684687395,2.6101739798815644,8.557728657620183,2.727962749380948,4.45115165783487,13.776528169169136,8.012636975334939,6.4566249140294785,10.450277598994525,1.1918347777255827,0.6340925646979693,0.3552619012440007,2.5087938567669625,1.1855810631280792,0.7109159788184077,1.593789340253865,2.066147083194962,1.3145571343645306,0.25560463860831373,5.019847914745309,2.1845164869864657,0.8694926313195044,2.613648191679803,0.33327106367162107,0.2812107190739433,0.03962356503640072,1.1422273255740658,0.2657338580299592,0.13848072648422885,0.4064489505400703,420.0027760400905,135.53735595325728,144.10498977938042,678.3723073817187,415.3034043499106,352.84225972960155,503.12221563784937,0.7831606432669712,0.3804852203189956,0.17342971717791136,2.1544776171751154,0.6879864030235178,0.5805668055028015,0.8597485239814707,0.9659258262890683,-0.25881904510252063,0.9749279121818236,-0.22252093395631434
user_01_vpn_s50,user_01,vpn,2026-01-28T07:27:51.704582747,2026-01-28T07:28:04.829515773,13.124933,1,13.124933026422202,0.0,1.0000000020131303,0.35068375662023926,5734.344520975683,14.047223659910212,436.9046699877007,1.070270123276836,0.0,0.0,0.0,0.0,0.0,0.0,0.0,0.0,7,2,1,0,13.124933026422202,0.0,13.124933026422202,13.124933026422202,13.124933026422202,13.124933026422202,13.124933026422202,1488.8322070314487,0.0,1488.8322070314487,1488.8322070314487,1488.8322070314487,1488.8322070314487,1488.8322070314487,4245.512313944234,0.0,4245.512313944234,4245.512313944234,4245.512313944234,4245.512313944234,4245.512313944234,3.6471403013452095,0.0,3.6471403013452095,3.6471403013452095,3.6471403013452095,3.6471403013452095,3.6471403013452095,10.400083358565002,0.0,10.400083358565002,10.400083358565002,10.400083358565002,10.400083358565002,10.400083358565002,10.889413724526694,0.0,10.889413724526694,10.889413724526694,10.889413724526694,10.889413724526694,10.889413724526694,5.565628401531793,0.0,5.565628401531793,5.565628401531793,5.565628401531793,5.565628401531793,5.565628401531793,5.323785322994901,0.0,5.323785322994901,5.323785322994901,5.323785322994901,5.323785322994901,5.323785322994901,16.455042126058487,0.0,16.455042126058487,16.455042126058487,16.455042126058487,16.455042126058487,16.455042126058487,12.44463309676743,0.0,12.44463309676743,12.44463309676743,12.44463309676743,12.44463309676743,12.44463309676743,6.093146334741891,0.0,6.093146334741891,6.093146334741891,6.093146334741891,6.093146334741891,6.093146334741891,9.589072408866253,0.0,9.589072408866253,9.589072408866253,9.589072408866253,9.589072408866253,9.589072408866253,5.195115164669564,0.0,5.195115164669564,5.195115164669564,5.195115164669564,5.195115164669564,5.195115164669564,11.952778951971304,0.0,11.952778951971304,11.952778951971304,11.952778951971304,11.952778951971304,11.952778951971304,2.133285973250183,0.0,2.133285973250183,2.133285973250183,2.133285973250183,2.133285973250183,2.133285973250183,1.1721540744508978,0.0,1.1721540744508978,1.1721540744508978,1.1721540744508978,1.1721540744508978,1.1721540744508978,0.17306899223286049,0.0,0.17306899223286049,0.17306899223286049,0.17306899223286049,0.17306899223286049,0.17306899223286049,436.9046691081546,0.0,436.9046691081546,436.9046691081546,436.9046691081546,436.9046691081546,436.9046691081546,1.0702701211222425,0.0,1.0702701211222425,1.0702701211222425,1.0702701211222425,1.0702701211222425,1.0702701211222425,0.9659258262890683,-0.25881904510252063,0.9749279121818236,-0.22252093395631434
user_01_vpn_s52,user_01,vpn,2026-01-28T07:28:06.332253022,2026-01-28T07:29:23.524059672,77.191806,7,62.7550212666134,14.436785386,0.812975165610368,0.3506837566202392,32761.81274749365,67.60837409102717,424.42086077755,0.8758491036085769,0.0,0.0,0.09225821623156709,2.406130897666667,2.8952244892755665,1.501180424,0.0,3.30832715275,7,2,1,0,8.965003038087628,1.3689376236773234,6.623199945328901,11.484131728276704,8.81314256051876,8.469938296751092,9.447335219493425,1215.1554998578179,415.3909349940528,755.6740894522842,1974.7035494594536,1166.3778986109464,836.992272272587,1467.6742084684342,3465.1034640698463,1184.5171815125896,2154.8591150476786,5631.0094556158465,3326.010619516759,2386.7437726206936,4185.178756533627,2.5194263895367084,1.8695836098325538,1.0,6.93590471289977,1.7443132673422912,1.6747966545366122,2.303086718720837,7.138912766324316,5.369185570467912,2.5336802347443843,19.778232045149345,4.974034965729063,4.775803335397353,6.567417723926359,4.661249401191936,2.748781389838692,2.175598318016572,10.408276827048638,4.026884440753071,2.3140705244869144,5.694922586775721,2.345179006216735,1.3636016516054184,1.0179075252676189,5.185116121692009,2.0797534584831086,1.208618980968747,2.8581189880684574,2.3160703949752013,1.3878642922385034,1.0788339418695267,5.223160705356629,1.9471309822699627,1.1448799689578806,2.836803598707264,7.006428407408672,4.111477823495881,3.193505843284191,15.593392948740647,6.10663789923618,3.522689505455661,8.55304157484418,4.626238828167109,2.8488695095716228,1.9809981827523215,10.699199195388207,3.8996920766047873,2.4574592668765085,5.444431904335712,2.4364846032566314,1.6254376415028418,0.8016387514665453,6.025392828555308,2.0507212507791053,1.3452897521988623,2.743529943798869,4.228938239603553,2.669409744812886,1.7938873033411666,9.778911041222651,3.5030156398059358,2.090039281062127,5.1733375653654345,2.4363616671436006,1.8000254229687414,0.7609181739987101,6.420552514081354,1.7856550048893705,1.211207263859176,2.832495724658709,6.114802270101805,1.9705984816857158,3.998308249714016,10.098560170853451,5.329334627156609,5.008173464387934,6.680532957106347,0.6566288070605112,0.3982045521194645,0.20764258599910693,1.322152578079207,0.43910782908126217,0.3417216537831683,0.972027674348833,2.850200767985823,1.2963660958212166,0.5679636170707374,4.374410032245438,3.507337822191623,2.005231626519069,3.7456153256774125,0.372621325288882,0.25063607021270434,0.0682147755203065,0.7444918353885549,0.33359419111583266,0.19028856612556486,0.5407356713731749,540.6844697712869,221.29226711882853,323.15007159298835,878.2583540750722,391.1822525569226,364.68590541926164,731.4143996677512,1.100692298974745,0.8027220099974988,0.3590933890725038,2.950498398694394,0.8134541346604042,0.6598838356469354,1.1310162495510212,0.9659258262890683,-0.25881904510252063,0.9749279121818236,-0.22252093395631434
user_01_vpn_s53,user_01,vpn,2026-01-30T07:25:03.590782005,2026-01-30T07:28:31.245514147,207.654732,17,178.79532937443537,28.859402778,0.8610221768239569,0.35068375662023926,99135.483014874,214.04239242605945,477.40536447237815,1.030760967325606,0.0,0.0,0.029308123946242097,1.803712673625,1.9126317568193907,1.262582837,0.37219558175,2.6081041330000003,7,4,1,0,10.517372316143257,3.0399424989147543,5.015913770815909,17.417345332844857,10.865011169654135,8.734828716470183,12.0937462277961,1514.0568370135331,553.3602820754347,488.65025048872434,2815.004185020962,1463.7966813690575,1241.4609691781009,1898.1394394808297,4317.442163861408,1577.946715891597,1393.421398236848,8027.187264534103,4174.121708620297,3540.115405238166,5412.681379298539,3.2818937580660013,2.171563265054975,1.0,8.165845321914919,2.318945143786592,1.4563805917711536,4.073903818379409,9.30883520817279,6.246250756317288,2.23120395427878,23.285496313300406,6.61263916565663,4.152974194776549,11.617030277199582,4.202673238653814,1.9078177126783802,2.210518357011919,9.798450556700955,3.6023275853634136,2.580863634682711,5.482827801637016,2.0695142163919393,0.9727020487216769,0.9063424213762322,4.997332558219661,1.8732353917708404,1.208358790166701,2.666794425462803,2.1331590222618755,0.9483969154716733,1.027375086427924,4.801117998481294,1.840728148094307,1.4232250687406998,2.8160333761742127,6.272187455045753,2.8761743152175674,3.1168607783881512,14.795783114920615,5.539885534252871,3.7385022006247226,8.149622227099819,3.961167031355307,1.94641869839224,1.675752908309519,9.240714467411376,3.5577781732392313,2.336363924249956,4.906223846094977,2.0116719013377686,0.836410156435631,0.8249335716913315,4.2260811878507,1.947175823654099,1.4232486988786326,2.3003305377335312,4.43901662560423,2.0307198260271666,1.7934739815177618,10.492623574828709,3.792114682315316,3.0443487261464766,5.317214871822063,1.9535893957778871,1.0664334970135094,0.6410825303055209,5.122812040979928,1.6329805823511343,1.1895491504464142,2.514384567426851,7.950954268103125,2.2569822699657296,3.0108023323255186,12.501610685819259,7.72468077605475,7.05738855380065,9.70993226889034,1.100012910422246,0.527055031869588,0.38026077656399493,2.339969734060638,1.0060355317509122,0.6520738101713668,1.3449442889091947,2.566418048040133,1.9055681600575478,0.5727656131878147,7.383022945665022,1.756951012883409,1.2864879052566902,3.2706670472128083,0.35729150625970424,0.32599676388516885,0.043230758683649555,1.2401894850293465,0.2535677614584386,0.17679820003021401,0.3249558251946603,588.9383659994368,271.9418815592699,251.8089491846088,1410.0274991032607,530.9923855134371,406.53393121152214,668.7907973034701,1.2572643444103175,0.908740339999297,0.3220556680339702,3.9229062985054606,0.9347317139053352,0.6441904908889968,1.38460880132195,0.9659258262890683,-0.25881904510252063,-0.433883739117558,-0.9009688679024191
user_01_vpn_s6,user_01,vpn,2026-01-07T21:15:00.647885906,2026-01-07T21:18:51.578037140,230.930151,17,164.22611996886417,66.704031274,0.7111506196038653,0.35068375662023926,73668.40235625589,174.11717956555546,319.0072930591722,0.753982010627774,0.0,0.0,-0.04604350209685729,4.169001954625,3.8019895887821034,3.302333797,0.96700408825,6.7887344775,21,2,1,0,9.660359998168481,3.622454398398351,3.197009239617051,17.63975492554475,9.121880967710148,7.907827971794958,11.083546654297582,1125.108234380804,445.59310817427394,590.8393187863297,2248.4118569962507,1089.6443181152076,750.7650253012504,1381.8342844138385,3208.32719834013,1270.6408545087347,1684.8208895690555,6411.5084162027215,3107.199285808952,2140.860564905677,3940.400028023675,2.677736364811434,1.9269818519552402,1.0,7.960201501922786,1.9347563806236354,1.7432194193914758,2.421713207077716,7.5644506684565345,5.560225836251625,2.1344598951671245,22.69908814323273,5.517097225346573,4.970915779481723,6.905689702931481,6.29790940281296,3.7568453020575543,2.2213429400867892,15.084021934824483,4.8380427791998715,2.826386805811963,8.736843299747742,3.1433433487542195,1.8561208903160642,1.1064628648797559,7.474546145594009,2.5818067864693424,1.4999927769796593,4.354414105751375,3.15456605405874,1.9064458992654403,1.1148800752070334,7.609475789230474,2.256235992730529,1.3989508649940077,4.382429193996367,9.441252751567179,5.6110254677102676,3.327805804966545,22.558568080418492,7.419849565669214,4.318326049085513,13.091257405499118,5.966163944612049,3.8396498683845595,1.8119216137654515,13.768208236028707,4.736825208962424,2.637410858474385,7.313044958806036,3.034908903759595,1.5571226885242249,1.0218790171258567,5.89607098275829,3.250478006662173,1.4056386148065452,4.4866148269027875,5.9626668835203605,3.6518974161292186,2.27242212145697,17.190039644288774,5.175682362663952,2.98309254750881,7.923101026080113,3.076633060267486,1.7228610378421567,1.0428307539694235,6.850399705035798,2.7048025325792016,1.6111514149960506,4.28909123377793,7.738836049705121,3.465045740873717,2.760875259921206,16.24860072006645,7.795064104438122,5.47176007346395,9.161405523855231,1.045910573010985,0.69597659223258,0.3424555901521586,2.7655136329420804,0.7325277260929726,0.5974049687771843,1.585781708708687,1.9215239484633595,0.8789160854135989,0.4361339796958452,3.377082869537788,1.7791571401407467,1.3421452310353539,2.582817113252247,0.3021525330491522,0.18609265406581968,0.04648905888849191,0.7022980199409765,0.27107864219580524,0.1689720891108663,0.45338928842243764,504.6006535898784,242.0146700512363,146.1493349676854,989.9198073656842,461.7329543500478,320.8598070767136,597.6639808456491,1.1014390674460492,0.7145085144938342,0.3963743149632084,3.35487931785969,0.8843237581201356,0.6120066298440429,1.3380529577361293,-0.7071067811865477,0.7071067811865474,0.9749279121818236,-0.22252093395631434
user_01_vpn_s8,user_01,vpn,2026-01-08T21:36:01.560556981,2026-01-08T21:40:46.929789572,285.369232,22,229.43055758868758,55.938675014000005,0.8039779060297838,0.35068375662023943,111433.55113040912,227.13139972904514,390.4890178574301,0.7959211234413847,0.0,0.0,-0.03420784874297263,2.6637464292380955,2.487532266772082,1.834816989,0.468878092,3.900574828,21,3,1,0,10.428661708576708,3.644320038434892,4.07871861158812,16.194912754168406,9.758089455467053,7.961852909099022,13.74433753190924,1315.0893569278542,696.7794680553467,677.8329242331375,3140.8035853443,1106.698161051443,932.0608434951877,1251.7708425551764,3750.0720580907423,1986.9168585698133,1932.8894236957003,8956.227729548145,3155.8295477309584,2657.8386534866804,3569.514752035515,2.685669202798206,1.9936149174767133,1.0,10.605854395372871,2.029342954888423,1.6093986155508873,2.7599160038427075,7.6384853303402105,5.702461529966913,2.4139059599120563,30.243357997496616,5.7868176571577825,4.589316115070962,7.870099346607212,4.92849916896758,2.4363684150314597,2.2985192140592754,11.062872340450989,4.00280602585484,2.784619902162029,5.893419814376509,2.4811874518740593,1.219481292447167,1.0458238300202678,5.479976286297079,2.086448765301802,1.483503197439949,2.9176484363791713,2.44731171709352,1.2237131630791667,1.1293667969066212,5.58289605415391,1.9711537176105183,1.3715597208302266,3.0035508156191213,7.409686620841639,3.6535705066810773,3.344343044079543,16.542848626748068,6.089254791156641,4.204356097470789,8.797905726400277,4.703754235001218,2.485076163605373,1.734113178861561,11.432881278705974,4.05409886568728,2.607090718928819,6.286517474806162,2.472847991604957,1.2089020654944307,0.862362494372399,4.742160966632338,2.0031481073381525,1.5841761157094874,3.3836994267839944,4.560539762263918,2.744450101500395,1.7844481440289501,13.082666697631174,3.7350896377704093,2.57314565947239,5.609610901954683,2.4676362701462033,1.2985640956848425,0.8133064412515577,5.478580136381238,2.2106247282365574,1.3845360973637453,3.1221029844967276,7.840104145710419,3.0002280175238085,3.7700809361710004,14.180271490050464,7.188247044451482,5.899763312722755,9.466218190183898,1.2312662655964668,0.7137071783908904,0.4367214035267872,2.7643917687349027,1.0487494233320145,0.5729246648369084,1.702088201972032,2.5885575628662902,1.625429307178772,0.27783429810836324,6.368594826235245,2.413600201585761,1.2988697966874343,3.673167598650832,0.37254732708181576,0.24987218842971406,0.04138889546128502,0.8678035705367263,0.39802499585315365,0.16057368407369688,0.5667651757447765,535.8805288401866,271.8079163734491,178.66863569787176,1216.446595512313,453.81796814805534,334.08878125220366,741.576373417867,1.0932866661704614,0.7729516251488542,0.23363569118800312,4.1272734092524335,0.9961481253924875,0.5590700916283393,1.3493304030334272,-0.7071067811865477,0.7071067811865474,0.43388373911755823,-0.900968867902419
user_02_direct_s54,user_02,direct,2026-01-01T09:39:03.403053279,2026-01-01T09:42:07.339720943,183.936667,19,163.94005531196478,19.996612361,0.891285342861871,1.2301841921290633,114769.48840377407,205.02037972892384,623.961987980211,1.1146248492635993,0.0,0.0,0.04419478684441664,1.1109229089444446,1.2136572328121407,0.4635940705,0.0,2.2060275385,9,3,0,0,8.62842396378762,1.74755291948091,5.744482693285637,12.567597848655803,8.367064141683827,7.380614228787396,9.753052409138906,3331.9789853976804,1262.6136725260028,1219.5706523122822,5902.7255475973925,3574.622198689972,2426.218592873878,4080.9156760132405,2708.520404274639,1026.3614835928058,991.37239782084,4798.245324045032,2905.761772554906,1972.2400990008284,3317.3208549773794,5.952135940797337,3.0267076902641357,2.2941100356376634,12.624176535319611,5.030829296481909,3.771881298152186,7.542865266919394,4.8384103607249696,2.4603695199707074,1.864850849422214,10.262021424182924,4.089492718789631,3.0661110118999675,6.131492596946037,2.5815511626146814,1.3166060209671318,1.1013457845478785,5.484297747856607,1.8394145984686618,1.4877796084361103,3.6813843073837527,1.2610078839542909,0.59324741776968,0.6457199720929404,2.5544572763162297,0.9783790219222495,0.757288796169042,1.686083293849797,1.3205432786603903,0.7398488053545197,0.3754749818076427,2.929840471540377,1.0365644492200168,0.7234143151845036,1.988471652973287,3.842559046568971,1.9035260889964405,1.827216587288114,8.038755024172836,2.7644750356986076,2.2131692793997697,5.36746760123355,2.2202159313128673,1.0191362245164899,0.8301632297210042,4.407582804068246,1.8790720307881394,1.5081231687188486,2.8162122809746513,1.3354186209787613,0.6749842603503606,0.5583113983636033,2.8983392591927903,1.0992002363235023,0.7696627302282772,1.850207148659941,2.368518363917438,1.2688288906448388,0.8976810096903379,5.747708623203441,1.8468734907064959,1.3414034323730388,3.123452623741799,1.270540508754919,0.6580739753973825,0.6101914576481982,2.618901943320492,0.9005404085025751,0.7346023573353726,1.629660376807899,6.798360782474894,1.6422779005540613,4.694605503266049,10.314852081927475,6.113034159527442,5.465785143174696,7.607700844539602,0.9362149529411719,0.432690160615514,0.3530846046873857,2.0450575122796284,0.8216741061863069,0.5726795878293001,1.1783435687028196,1.830063181312725,1.0171917019706456,0.41958693436684147,4.193082605377995,1.606572290711882,0.9770806734142972,2.2533878744423563,0.2972424543730997,0.1780036400282555,0.08019162184661252,0.7344887910942609,0.21494531041743903,0.1597601097331332,0.380943993462874,720.8183709961676,307.2084147404659,235.72843727676587,1666.4177403679332,690.9330946601192,558.4999448028557,894.7996248956799,1.2665690520842776,0.6821281167353351,0.5081682677901029,3.479310268977395,1.0064758302371772,0.8677296930918352,1.4342189823821636,0.7071067811865476,-0.7071067811865475,0.43388373911755823,-0.900968867902419
user_02_direct_s60,user_02,direct,2026-01-07T09:42:02.759794083,2026-01-07T09:44:15.738888477,132.979094,13,115.86651250605786,17.112581894,0.8713137457987031,1.2301841921290628,81580.09606041023,190.7015869604179,613.480612677435,1.4340719373559419,0.0,0.0,-0.22406941530580732,1.4260484911666669,0.903963962923446,1.213983974,0.8989961712500001,1.854324349,9,2,0,0,8.912808654312142,1.9477062199418562,3.8473376125638863,11.018034247546549,9.626668516606484,8.29792844789891,10.207428330268517,3461.547288683777,1298.2625382766378,1670.0947930147722,6399.783968481399,3087.0452961849683,2831.775806881777,3771.8407703776047,2813.8447159631637,1055.339961757883,1357.5973449344701,5202.2973546793655,2509.4171392677877,2301.9120429281897,3066.0780674231637,8.091711007568636,3.895173082389685,3.6302462796811366,16.775576030624695,6.141953919020681,5.622417103670756,8.73032512398828,6.577641835540433,3.1663332266108553,2.950977831537827,13.636637617324144,4.992710813809827,4.570386402007095,7.096762566001457,2.727602003208306,0.9884588714975006,1.1988056787757695,4.496457899408154,2.78274840663711,2.0547259041057413,3.2794348624302208,1.3567764900996742,0.5137226180362839,0.6888956085328096,2.2880421174049093,1.2367616364352796,0.9325778981744393,1.5177450974051225,1.3708255131086315,0.49591978637335593,0.5099100702429599,2.2084157820032444,1.5167916076759014,1.046120659737022,1.7616897650250982,4.08437849330798,1.4953218059440374,1.887701287308579,6.7845000168130625,3.991129593722727,3.048581744162359,4.7971799598353435,2.5313976988569378,1.0617045125621858,0.8481172219252197,4.73919820149469,2.6492437013487184,1.6639858523769158,3.2229827323234272,1.303518170922326,0.6860872955339916,0.6700416527409979,2.655162296929959,1.0212767009209887,0.7400541955113636,1.5003588172455418,2.6609425806979123,1.1240063215080982,1.1385474127967896,4.9330622092901955,2.337321671931307,1.8553945358512984,3.114653920308335,1.3860814172282825,0.4815583443676282,0.7544948146959816,2.496608044526594,1.3944795864123354,0.9025587725121601,1.7048653550592634,6.690193932645894,1.7865800482680005,3.2105844033890336,9.305107343013502,6.360865947286766,5.691921759180263,8.269881345108383,1.0662705798192205,0.4576495856777753,0.2906831212575669,2.115659014503737,1.0577280471097228,0.8063466743086117,1.3578462754840936,2.22261472166625,1.0778730624983202,0.6367532091748527,4.210141979079308,1.957895439244055,1.595209951575157,2.9357252530455993,0.34416907998625734,0.2137595364698192,0.03650574856013211,0.8202574933917918,0.3616831899965173,0.17813708076337784,0.41127905121400293,746.2011222578483,311.6473182204775,289.153229730673,1334.3481562536567,672.4685556193846,543.6653711550347,1103.3942602656612,1.6839580795544333,0.7151229028896136,0.7931165172779205,2.993965955953494,1.5505460511593314,1.0124990497939124,2.3053269807244616,0.7071067811865476,-0.7071067811865475,0.9749279121818236,-0.22252093395631434
user_02_direct_s61,user_02,direct,2026-01-08T09:14:01.767119479,2026-01-08T09:47:52.508969449,2030.741849,46,450.0616460127015,1673.3946703529998,0.2216242533408792,1.230184192129063,292279.77632910025,557.2728383118979,143.9275880747855,0.27441835533468534,0.0,0.0,0.734795990732237,37.18654823006666,243.25075234272597,0.020775469,0.0,0.932574726,9,3,0,0,9.783948826363076,1.9339393907225793,6.272538353358685,14.349768264479156,9.616705978829241,8.528542888694483,10.916465427102047,3504.8573253165146,1925.2817820194605,946.5751487115188,10320.211811021243,2881.036046371202,2302.342797704572,4227.821328752659,2849.050855750882,1565.0353779033703,769.4580655221182,8389.159832366397,2341.955021698849,1871.5431497456802,3436.7384622587488,6.6825074731074325,4.209453090026563,1.4311910182852807,21.99739105841709,5.63619502072386,3.5547773548382766,9.344102514296889,5.432119446716435,3.4218071707955526,1.1633957154077372,17.881380039802412,4.581586283407993,2.889630168866071,7.5956938595716945,2.5994938271291947,1.3181476408030348,1.040067814765444,7.354927042684693,2.3344568074819936,1.5135279708654321,3.1954442306047555,1.2861900131661423,0.6505355770374435,0.47290446947968207,3.7012269080465154,1.1771572393951062,0.8095539908991691,1.5707736781513257,1.3133038139630522,0.6775890079995532,0.47541232801241706,3.6537001346381777,1.1778213444610623,0.7763683628781495,1.6269852376537834,3.885683840295338,1.9652716392728702,1.512972284245126,11.056153950731208,3.5223336004351955,2.291145506183979,4.833695315405283,2.3945163302538055,1.2643379422847594,0.8851071248351133,7.457541442997263,2.0430004150629464,1.4838315542045315,3.181829091830897,1.3125513167756926,0.734353345945774,0.4669115861991132,4.373016312347919,1.0959073732819458,0.8007568835180962,1.6242947110526818,2.4134486117856544,1.4118223839262545,0.8634637051649507,8.618851022760625,2.1033232445575125,1.3974459674017816,2.9656595950567275,1.275784509456454,0.6764295308776567,0.33831756549475267,3.4796121591098146,1.1289945028029256,0.7713886165328352,1.652886034348573,7.407501832222077,1.8509764454667315,3.9685196004507715,12.123119652511187,7.142506347267566,6.379599983637233,8.833537873955846,1.1314513666222326,0.5348566493135217,0.2568983063102704,2.235669974087421,1.1301707795644467,0.6484574914908512,1.5570633722080995,2.3764469941409976,1.224502412837851,0.4864968359128685,4.737697704691204,2.290879218423998,1.4019276439545358,3.2918032174503633,0.365343050953941,0.25514399793745934,0.02952923684272167,1.130551409298832,0.29613712709654927,0.16214747653814304,0.5652237385857393,675.0475915922653,385.49633874694877,183.9922158665547,2157.855577484377,592.3773166584065,420.73610894101773,931.7921728654367,1.319124427464167,0.9365578368376527,0.23461204964430807,4.599439803630652,1.2163517933955794,0.644492705455042,1.688396593627318,0.7071067811865476,-0.7071067811865475,0.43388373911755823,-0.900968867902419
user_02_direct_s63,user_02,direct,2026-01-10T09:20:00.683602468,2026-01-10T09:22:59.875899821,179.192297,17,156.4966044311288,22.695692933000004,0.8733444855117226,1.2301841921290635,109750.76287304569,277.8459372869733,612.4747810618538,1.55054621174354,0.0,0.0,-0.08239242255792621,1.4184808083125002,1.2025294255919923,0.946901292,0.63141882325,2.12244165275,9,5,0,0,9.205682613595812,1.4788518695890127,6.98399878450858,12.02648500572681,9.068899362814172,8.396725631972656,10.342383691649495,3561.131699003545,1414.2215013202733,1918.1160255661152,6335.7416196843715,3168.271050845332,2463.9190875230247,4255.848752012363,2894.7955288226726,1149.601425842336,1559.21043193252,5150.238200280552,2575.444450608691,2002.886318396559,3459.521573470085,9.015390406502542,6.770987872225666,2.5589652766380553,27.737538692741015,6.204660429156233,3.7846604936398074,12.954167402205305,7.328488257437065,5.504043959878243,2.080148072955878,22.547467989111478,5.043684083127349,3.07649904612231,10.530266512192538,2.5672457364951318,1.2448106240235188,1.0394375977844592,5.27037078916883,2.082787518559713,1.7587912064966402,3.2692448551680533,1.2563413429212456,0.6574541378025182,0.4218222960158555,2.675613332889407,1.0315626697325082,0.8447045341920518,1.6129688728968332,1.3109043935738862,0.5972502713645734,0.6176153017686037,2.5947574562794227,1.0191618663995359,0.9294594708368034,1.5682505532154847,3.8235870794163778,1.8991816604384884,1.4612598938003147,7.945984122058237,3.020648917787484,2.5160609494619233,4.965485547742684,2.3575153039974808,1.1588762867685243,0.9488155006490976,4.496644696856186,2.058128969030171,1.442430391545271,3.5091499719997077,1.2787286630420625,0.7680035817440252,0.5309484215982266,3.2485555928056464,1.0527919568910682,0.7234781250806254,1.490957851476788,2.2255920097226287,1.037712392485989,0.7526010716691205,4.569734603371619,1.931088891107939,1.5224360946049296,2.4893433343670885,1.256670730974064,0.7060374710704074,0.3954715083264183,3.2586948312654282,1.0240080008699797,0.8631580482337128,1.4071992214338602,6.623566162639677,1.7478754799127723,4.043707242141745,10.479792665988636,6.633831071720528,5.222191490773785,7.789778262346861,0.9413460005064607,0.45033041342702207,0.3567123799054441,2.185562496385427,1.015198370084913,0.5827340472763316,1.1969050345412062,2.5821164509561325,1.0857872048242059,0.46327929464768847,4.106652122978277,2.917640583687989,1.7840507396262097,3.489216750644241,0.42328338532217175,0.24473793155580942,0.025635281768977003,0.9099877312466343,0.33954143729168634,0.2771436139688344,0.5738668294434598,731.527196958989,333.70158939840496,314.16794988889137,1444.8951713344215,618.5995598057956,428.3748501433016,1040.5329221767404,1.829734038776481,1.3808954867720233,0.5042173290279933,4.6060672721290725,1.3182511590333337,0.7071172041172606,2.4529823866248224,0.7071067811865476,-0.7071067811865475,-0.9749279121818236,-0.2225209339563146
user_02_direct_s65,user_02,direct,2026-01-12T09:32:00.629177500,2026-01-12T09:34:31.611210238,150.982032,14,130.74589246122332,20.236140284,0.8659698821726238,1.230184192129063,101976.95021068517,220.44029057896373,675.4244121624033,1.4600432095056433,0.0,0.0,0.09632006230304033,1.5566261756923079,1.8884567806902148,1.09826489,0.076461785,2.389104003,9,0,0,0,9.338992318658809,1.815752969358693,6.22254158103513,12.403441014868612,9.78352300767331,7.765446149330913,10.571596352119679,4017.939496831911,1482.0044836926184,2002.2916748266769,7556.999362291505,3583.5030692539503,2914.880550365862,5019.301731952499,3266.128375359887,1204.7012904041082,1627.6356724770924,6142.98201085864,2912.9809114617465,2369.4667587307536,4080.122118351774,8.6854504707233,3.500998355063577,4.154839783582607,15.866730968619791,9.066003993152487,5.4282588995901655,10.855654765147657,7.060284570631253,2.8459139513119944,3.3774127566961187,12.897849826178835,7.369631353709784,4.412557838347402,8.8244141280664,2.8067575799198865,1.7407800418857355,1.170842353765009,8.122754196544403,2.3145242685472245,1.5914849147473566,3.5658054207293874,1.3883550448529907,0.8649596740019425,0.5013294654157546,3.9416298385091633,1.186494920725673,0.8170275421680712,1.8321327730160606,1.4184025350668963,0.884683228916866,0.484012264411528,4.181124358035239,1.1470630531963673,0.8194112777655598,1.749935027521531,4.195112624772877,2.602744007432872,1.7593891859576325,12.064384035053566,3.542920301801274,2.4094709435587247,5.381675813937244,2.8516387642101018,1.8886000271167631,1.0564678119844053,8.788213662485873,2.4593159387082686,1.644781607118352,2.8441712707469433,1.4646473196630565,1.0632565472814843,0.44228643829872133,4.909022017218012,1.4326234088140066,0.8532328942822878,1.6896132063345544,2.774620870143008,1.757645671852793,1.1422170153367024,7.89141920626096,2.125142301841598,1.5239890402194955,3.5788766844569624,1.4438998184730845,1.0091479321327546,0.42849285346698246,4.657802785164862,1.104789596577675,0.901801137624101,1.7183919833648271,7.19593886654925,1.884573409603093,4.0602999836293785,10.735395619133623,7.381678207922905,6.281504469356539,8.376166976392891,1.2023241146723787,0.4865040166410606,0.677052698721019,2.093359243320296,0.9622898746202998,0.8029716917438625,1.6496829196875493,2.1430534521095597,1.2648826747160247,0.5009547472971931,4.63547678135291,2.2270032498289254,0.840496077486192,2.8336992298760943,0.2850771697362053,0.2232018577981325,0.04403203301655556,0.7931694313774137,0.20498467666582632,0.11629519981747169,0.4199837173384031,812.0378745180099,326.7851124099025,365.57122579553817,1603.3784950061367,864.5921031722639,494.38555690688486,1008.894906036119,1.7233590985042788,0.7430410721413256,0.81287006528482,3.366465180356796,1.6896284176212188,1.0732148275908493,1.9800791970979785,0.7071067811865476,-0.7071067811865475,0.0,1.0
user_02_direct_s66,user_02,direct,2026-01-12T18:02:00.477809244,2026-01-12T18:05:56.495395372,236.017586,22,204.02442570002611,31.993160438999997,0.8644458625215585,1.2301841921290633,120529.01547532078,239.52355613207834,510.6781130933217,1.0148546987175708,0.0,0.0,0.0031109658493783006,1.5234838304285714,1.5329924236745218,0.942757277,0.595454625,1.784074357,18,0,0,0,9.27383753181937,1.6848828896895176,6.8221844495735535,13.211132723671062,8.652781775336784,8.00065201005906,10.092754560584233,3022.026979041684,1357.2114561568774,1477.7079090446498,6469.268377481528,2693.765106264951,1925.712783917436,4129.260402402,2456.564633472897,1103.2587354321063,1201.208663303664,5258.780285808462,2189.725021261156,1565.385733484862,3356.619625598948,6.005580033094677,4.105466413653592,1.9674618676014906,16.327753018255713,4.641524196222157,3.03713096202112,7.94826462531812,4.8818543365452465,3.337277815729624,1.5993229958486384,13.272608380699062,3.7730318971089467,2.468842455831592,6.461036222195445,2.76800671518378,1.5028638700972803,1.2217058053578245,6.816517192959586,2.1686266851567995,1.7564968625126396,3.190648477614391,1.3920853496327423,0.7387491352289219,0.6161966992257718,3.4872142218994844,1.165531695474614,0.8622975357487531,1.567513855453619,1.375921365551037,0.7727505904833021,0.5577864101261653,3.329302971060102,1.067010534778727,0.8459962547985527,1.6270167310259824,4.160092064816522,2.238650646840238,1.8856252005894838,10.30373141485907,3.347343464201429,2.600753575407804,4.75816233306801,2.8073382171349666,1.6838637243458348,1.0249865517165149,8.074136443226454,2.1556580550148468,1.740999394978685,3.110668529148409,1.4726231150038886,0.8061525234406405,0.5295906267998143,3.58719078922992,1.2851818779469757,0.916922962359235,1.67715815316347,2.659050202551912,1.7121382348160838,0.9420362847123622,7.81439699320029,1.9107683028578084,1.5396621652339375,3.1796843722622103,1.39063345218521,0.6917524935223578,0.627041263747207,3.0883932130569733,1.0976560817979824,0.8928840694293315,1.6014152475666719,6.892015245938402,1.8199061650637514,4.357908691423721,10.82901230166499,6.810237156718929,5.372616639216193,7.569937402909559,0.956913502380252,0.5653183550963923,0.2871715775895337,2.349796852904507,0.9749627281018416,0.38027984481380545,1.3043405364723384,2.381822285880967,1.0647065014535793,0.678410944286961,4.999025989845715,2.4123692273366593,1.8484201802660958,3.1720172814664416,0.4119083805367574,0.25133311167929134,0.045258714858866914,0.9584507802451788,0.38653601393171744,0.24555591893150927,0.5910725633307918,624.1322262473913,327.52937757019487,261.12483870306494,1336.0850263531606,472.35041371729614,335.4189405956253,837.4664115407413,1.2524824135947277,0.948445938410274,0.3368936860219447,3.7743673606972576,0.9670012663638834,0.5258461833094445,1.7653985956684555,-1.0,-1.8369701987210297e-16,0.0,1.0
user_02_direct_s67,user_02,direct,2026-01-13T09:42:02.643561722,2026-01-13T09:44:08.194856939,125.551295,12,109.1049171405725,16.446378084,0.8690067047143759,1.230184192129063,61695.98209322497,104.59192536421133,491.400603181552,0.8330613026668608,0.0,0.0,0.056525203570422566,1.4951252803636363,1.6742763528791125,0.723307343,0.2099650865,2.3485824209999997,9,1,0,0,9.092076428381041,1.123534843223789,6.306042057233859,10.95732040296911,8.959783387655285,8.712798702736585,10.022005604971687,2835.9922824919613,1705.4562744388345,1336.580756472373,7185.1360193607825,2039.0855206190954,1933.5154517619799,3052.050040119988,2305.33955861012,1386.342212288734,1086.4883202239582,5840.699356513079,1657.5448893470802,1571.728416063997,2480.9699715274714,4.807799196642524,2.2922110392127184,2.0273369843739832,8.40221333695671,4.31328783377853,2.6736072717910604,6.4605276762654205,3.9081945837084207,1.8633071810536113,1.6479946640066139,6.83004495645088,3.5062130219000616,2.173338991752027,5.251675088658287,2.791531843286606,1.5389773693050597,0.99709193417133,5.80657928801807,2.27411367837258,1.539922321294355,3.750189233588875,1.447483226811365,0.7445632173700447,0.5787725282252604,2.859009911855873,1.2319299114039224,0.8646812162146934,1.9007724451296981,1.3440486164752408,0.8023771903099279,0.3345520663991052,2.947569376162197,1.0421837669686576,0.7520640008435816,1.7989392107455697,4.239015070097971,2.280754765479501,1.6596318019435548,8.665589199873942,3.5060435897765023,2.404603537509048,5.674524126889418,2.727910394865471,1.4754392065017359,0.8209668035203211,5.279703373281161,2.230774467902265,1.5279213748433436,4.004333476979082,1.5864858365462668,0.827673376554891,0.5717563339210096,3.1826505488294607,1.4051637272624344,1.058893666423608,1.8989773946126436,2.774930678274529,1.6233027591413003,0.9314203078031101,5.786972797032194,2.0855225217704714,1.6977181383722444,3.741103030096963,1.450456693885554,0.8747157801017759,0.6055283066301343,3.431721466512844,1.1310722506071906,0.8036744389702186,1.8465561479010637,6.568715442604046,1.023646669731958,4.490509032001657,8.328285571390744,6.743277961168367,6.347838373247185,7.116729823422774,0.8853855528305657,0.34808932702737516,0.3403710550459595,1.5418749132457457,0.7865047782430677,0.6345836515716765,1.1990811721423524,2.523360985776995,0.7924171126086743,1.2187339409388294,3.8747226976666136,2.648872484439633,1.9248379105654283,3.03729322446802,0.47441900050656777,0.16580386174306963,0.21877799906297268,0.8476382067133854,0.4971969995920995,0.3611044705248402,0.5502599255798454,576.8972682791706,353.9904146730768,241.4936805151598,1494.8044258161278,407.6688069634679,370.57316764052734,643.7628902364007,0.991814510443635,0.5155192561907888,0.3576165148239132,1.7480066694480674,0.7886629953324884,0.5388138032428424,1.469318522180916,0.7071067811865476,-0.7071067811865475,0.7818314824680298,0.6234898018587336
user_02_direct_s68,user_02,direct,2026-01-14T09:13:00.951335151,2026-01-14T09:16:06.758372668,185.807037,18,165.68312066033428,20.123916866,0.8916945414738747,1.230184192129063,98517.01307592244,172.63608232662293,530.2114207650942,0.9291148769926454,0.0,0.0,-0.12477999852920307,1.1837598156470588,0.9211137012984408,0.86424563,0.506160979,1.768684236,9,2,0,0,9.204617814463015,1.7511920502775642,6.92597144320729,12.0234440178693,9.348843552358986,7.428214682467896,10.387402741493261,3019.034944126523,1432.8887861522858,1362.0861549302017,7203.648304575661,2730.9842978990573,1997.1647360413945,3180.6954177750545,2454.1324489802787,1164.775807818181,1107.2213117719043,5855.74774140806,2219.979995981398,1623.4680536618894,2585.5440495217777,5.290399585699152,3.1082419067239764,1.6313751688461466,13.170239051254642,4.096958156947247,3.028956266910801,6.546863218196066,4.300493876891011,2.5266475757135067,1.3261226890119175,10.705908217257358,3.330361569560325,2.462197357347461,5.321856076581099,2.3982232108510737,0.8260705925577281,1.0167834128921505,3.991619591661424,2.185654299942473,1.8641646985963123,2.755328663536459,1.2012580254929166,0.4117578278184746,0.4787285300212752,1.9305326961834726,1.1518445637235932,0.9718393422754148,1.4477890533272662,1.1969651853581569,0.4440807907253361,0.5380548828708753,2.123162728374561,1.1182183290731125,0.8767252596046184,1.3178118521838034,3.5994812363439905,1.2274634481831583,1.4955119429134256,5.860076454948286,3.3418765776719064,2.824846080786539,4.2031177168637255,2.238790099624315,0.9266060805654728,1.2087900810770207,4.441000895953749,1.8745216019879174,1.6199745536329286,2.846572273542598,1.2329235981438094,0.41306873777405956,0.5637233872593649,2.0872200072422196,1.2443482918497328,0.9411051683303817,1.5284142128448717,2.2033092178193616,0.843870985246727,0.7664128225966066,4.333478296432757,2.0505927606959355,1.6642330106747796,2.620012708471649,1.1753079225294676,0.4662569558090669,0.3384329352730695,2.1629367143503995,1.1179403579326368,0.9143661528656565,1.271112569778135,6.638416642655441,1.1062953053049365,5.004392442139568,8.791348006793939,6.839895007644648,5.5176138651755675,7.551866063678568,0.9211389766501584,0.3994656851167506,0.38735424111656275,1.7408474793138835,0.7700580341161569,0.6906413417797013,1.2375202626917319,2.566201171807573,1.113375669528541,1.0288612474481393,4.688308188233425,2.020028022597383,1.7912604822610891,3.579663546534884,0.42449436979986666,0.20710915058125903,0.06143653340851626,0.8527295795519316,0.39782679958039113,0.3002007680997601,0.5619518806907988,616.6657721522962,303.2841809809535,251.5812290114919,1345.630324305904,506.892005046573,382.2325607596945,711.8601724078592,1.105382043940472,0.7526452242732622,0.30131968412686444,3.087555472549853,0.8444742724822534,0.6245471442291091,1.2671235695047462,0.7071067811865476,-0.7071067811865475,0.9749279121818236,-0.22252093395631434
user_02_direct_s69,user_02,direct,2026-01-14T18:54:04.152559285,2026-01-14T18:55:45.545212990,101.392653,9,87.58296101185425,13.809692697,0.8637998752419888,1.230184192129063,51546.46035159425,127.77497337621705,508.3845705427419,1.260199527240076,0.0,0.0,-0.059623073072191037,1.726211587125,1.5319499818188558,1.0415494165,0.59786269625,2.74972189725,18,2,0,0,9.73144011242825,1.4400859537271071,7.881483582076808,12.15382422576031,9.653031977495539,8.947639414095768,10.217407340598747,3159.2627544963416,1188.3284690168564,1466.1860674035238,5355.44479782695,3085.18179674762,2335.6121370329583,3906.206836290389,2568.121729014131,965.9760518953121,1191.8427149238646,4353.368245253058,2507.902325917664,1898.5873432422713,3175.302415104172,7.8312790362483,5.738495242765883,2.101315612707851,20.88208015900458,6.240209965577896,3.5824421311598487,9.187574254158463,6.365940227775818,4.664744742683082,1.7081308849133654,16.97475897724246,5.072581817831725,2.912118489313185,7.468454165597471,3.353371918142403,1.6407549762279645,1.195531560413095,5.6473973638356725,2.829800343332767,1.8337325731614054,5.208780028680539,1.6952176965195584,0.8576791846562241,0.6220943267370869,2.905892461742403,1.4420941470049926,0.8855722890560949,2.5670755870456454,1.6581542216228446,0.7877630149251812,0.5734372336760081,2.7415049020932694,1.3877061963277746,1.0487081142112165,2.496550821883088,5.048589614661961,2.496960228745099,1.8176258871501818,8.553289825578076,4.271894490337759,2.636097660666324,7.775855615726185,3.197051953254034,1.8253839643690344,0.9519236949767264,6.214194332169606,2.810214099897104,1.8000825314685522,4.0280884647825665,1.5911902653565793,0.9790252331842255,0.6345955018896691,3.451526213425551,1.1615916874121337,0.8869303498115199,2.039562189628358,3.3516072337511558,1.7157129082384326,1.1111685518942584,5.736391168831692,2.7744484869949293,2.05239300297851,4.85074529192147,1.624115234310061,0.8675260517555214,0.5600004382382335,2.7833552924759317,1.1001432252441472,1.013186760870237,2.557717827127803,7.666870215395479,1.3729631157989504,5.717220868609356,9.655667729062687,7.417823159784843,6.474821362197939,9.303751464267906,1.2725045804477324,0.6848306680827204,0.49018051964028503,2.3350587540432457,1.4140583356313434,0.6574363029956451,1.5958486758665658,2.0645698970327704,1.4189443701200244,0.4636604222919649,4.418727989158493,2.4728180518978293,0.642460697794311,3.230874870901564,0.33859172138896887,0.25481538961923816,0.045895658854482616,0.6774550795602717,0.1706248849739781,0.12345384939662672,0.5984625761809577,602.5753915151357,268.1515378687746,337.2498026097499,1222.6648467467917,541.2136041917121,363.1451625836203,733.6046609918975,1.5401274406513836,1.3205345884810376,0.4833412970984594,4.767444404939706,1.17194181162805,0.6110034035285602,1.4109155073148725,-1.0,-1.8369701987210297e-16,0.9749279121818236,-0.22252093395631434
user_02_direct_s71,user_02,direct,2026-01-16T09:11:00.092498674,2026-01-16T09:11:13.090416272,12.997917,1,12.99791759858508,0.0,1.0000000460523852,1.2301841921290633,5852.640514370408,15.326612407443099,450.2752644420185,1.1791591227612161,0.0,0.0,0.0,0.0,0.0,0.0,0.0,0.0,9,4,0,0,12.99791759858508,0.0,12.99791759858508,12.99791759858508,12.99791759858508,12.99791759858508,12.99791759858508,3228.3548006495434,0.0,3228.3548006495434,3228.3548006495434,3228.3548006495434,3228.3548006495434,3228.3548006495434,2624.2857137208644,0.0,2624.2857137208644,2624.2857137208644,2624.2857137208644,2624.2857137208644,2624.2857137208644,8.45425968360309,0.0,8.45425968360309,8.45425968360309,8.45425968360309,8.45425968360309,8.45425968360309,6.8723527238400095,0.0,6.8723527238400095,6.8723527238400095,6.8723527238400095,6.8723527238400095,6.8723527238400095,1.4093813757569462,0.0,1.4093813757569462,1.4093813757569462,1.4093813757569462,1.4093813757569462,1.4093813757569462,0.7293087161110167,0.0,0.7293087161110167,0.7293087161110167,0.7293087161110167,0.7293087161110167,0.7293087161110167,0.6800726596459296,0.0,0.6800726596459296,0.6800726596459296,0.6800726596459296,0.6800726596459296,0.6800726596459296,2.138690091867963,0.0,2.138690091867963,2.138690091867963,2.138690091867963,2.138690091867963,2.138690091867963,1.2631827270567868,0.0,1.2631827270567868,1.2631827270567868,1.2631827270567868,1.2631827270567868,1.2631827270567868,0.7711153074250269,0.0,0.7711153074250269,0.7711153074250269,0.7711153074250269,0.7711153074250269,0.7711153074250269,1.1225956695896804,0.0,1.1225956695896804,1.1225956695896804,1.1225956695896804,1.1225956695896804,1.1225956695896804,0.5549815181957392,0.0,0.5549815181957392,0.5549815181957392,0.5549815181957392,0.5549815181957392,0.5549815181957392,8.552209442950456,0.0,8.552209442950456,8.552209442950456,8.552209442950456,8.552209442950456,8.552209442950456,1.5659448626957069,0.0,1.5659448626957069,1.5659448626957069,1.5659448626957069,1.5659448626957069,1.5659448626957069,4.445708155634623,0.0,4.445708155634623,4.445708155634623,4.445708155634623,4.445708155634623,4.445708155634623,0.5766484686421982,0.0,0.5766484686421982,0.5766484686421982,0.5766484686421982,0.5766484686421982,0.5766484686421982,450.2752437057696,0.0,450.2752437057696,450.2752437057696,450.2752437057696,450.2752437057696,450.2752437057696,1.1791590684581286,0.0,1.1791590684581286,1.1791590684581286,1.1791590684581286,1.1791590684581286,1.1791590684581286,0.7071067811865476,-0.7071067811865475,-0.433883739117558,-0.9009688679024191
user_02_direct_s73,user_02,direct,2026-01-16T09:11:13.446283939,2026-01-16T09:11:24.570519339,11.124235,1,11.124235400421258,0.0,1.000000035995397,1.2301841921290635,4577.881910438035,16.721898695891557,411.52330119222,1.5031953834031335,0.0,0.0,0.0,0.0,0.0,0.0,0.0,0.0,9,4,0,0,11.124235400421258,0.0,11.124235400421258,11.124235400421258,11.124235400421258,11.124235400421258,11.124235400421258,2525.189614171814,0.0,2525.189614171814,2525.189614171814,2525.189614171814,2525.189614171814,2525.189614171814,2052.6922962662215,0.0,2052.6922962662215,2052.6922962662215,2052.6922962662215,2052.6922962662215,2052.6922962662215,9.223908729453914,0.0,9.223908729453914,9.223908729453914,9.223908729453914,9.223908729453914,9.223908729453914,7.497989966437643,0.0,7.497989966437643,7.497989966437643,7.497989966437643,7.497989966437643,7.497989966437643,1.3896839460866683,0.0,1.3896839460866683,1.3896839460866683,1.3896839460866683,1.3896839460866683,1.3896839460866683,0.6052938819954643,0.0,0.6052938819954643,0.6052938819954643,0.6052938819954643,0.6052938819954643,0.6052938819954643,0.784390064091204,0.0,0.784390064091204,0.784390064091204,0.784390064091204,0.784390064091204,0.784390064091204,1.9949778280821326,0.0,1.9949778280821326,1.9949778280821326,1.9949778280821326,1.9949778280821326,1.9949778280821326,1.4447396891947326,0.0,1.4447396891947326,1.4447396891947326,1.4447396891947326,1.4447396891947326,1.4447396891947326,0.6691271183176193,0.0,0.6691271183176193,0.6691271183176193,0.6691271183176193,0.6691271183176193,0.6691271183176193,1.4956258890979168,0.0,1.4956258890979168,1.4956258890979168,1.4956258890979168,1.4956258890979168,1.4956258890979168,0.4889385786396897,0.0,0.4889385786396897,0.4889385786396897,0.4889385786396897,0.4889385786396897,0.4889385786396897,8.113403958894166,0.0,8.113403958894166,8.113403958894166,8.113403958894166,8.113403958894166,8.113403958894166,1.7006999943640981,0.0,1.7006999943640981,1.7006999943640981,1.7006999943640981,1.7006999943640981,1.7006999943640981,3.010831441527092,0.0,3.010831441527092,3.010831441527092,3.010831441527092,3.010831441527092,3.010831441527092,0.6722361417964675,0.0,0.6722361417964675,0.6722361417964675,0.6722361417964675,0.6722361417964675,0.6722361417964675,411.5232863792758,0.0,411.5232863792758,411.5232863792758,411.5232863792758,411.5232863792758,411.5232863792758,1.5031953292950206,0.0,1.5031953292950206,1.5031953292950206,1.5031953292950206,1.5031953292950206,1.5031953292950206,0.7071067811865476,-0.7071067811865475,-0.433883739117558,-0.9009688679024191
user_02_direct_s75,user_02,direct,2026-01-16T09:11:24.570519339,2026-01-16T09:11:39.952296892,15.381777,2,15.24061491074221,0.141162643,0.9908227710453876,1.2301841921290633,6483.982132191044,12.718367058959585,421.53660998927785,0.8268464078603912,0.0,0.0,-1.0,0.141162643,0.0,0.141162643,0.141162643,0.141162643,9,4,0,0,7.620307455371105,2.314223607323747,5.306083848047358,9.934531062694852,7.620307455371105,6.463195651709231,8.777419259032978,1788.3034839050442,414.7172647442776,1373.5862191607666,2203.020748649322,1788.3034839050442,1580.9448515329054,1995.662116277183,1453.6875821904778,337.1180245996593,1116.5695575908185,1790.805606790137,1453.6875821904778,1285.1285698906481,1622.2465944903074,3.5077672420165817,0.0007641005178462557,3.5070031414987355,3.508531342534428,3.5077672420165817,3.507385191757659,3.5081492922755046,2.8514162874632105,0.0006211269196394476,2.850795160543571,2.85203741438285,2.8514162874632105,2.851105724003391,2.85172685092303,1.517877029878478,0.08553901069113512,1.432338019187343,1.6034160405696132,1.517877029878478,1.4751075245329104,1.5606465352240457,0.8324688158197842,0.13658260259211263,0.6958862132276715,0.9690514184118968,0.8324688158197842,0.7641775145237278,0.9007601171158405,0.6854082140586939,0.051043591900977514,0.6343646221577164,0.7364518059596714,0.6854082140586939,0.6598864181082051,0.7109300100091827,2.3503458456982624,0.22212161328324775,2.1282242324150147,2.57246745898151,2.3503458456982624,2.2392850390566386,2.4614066523398863,1.3730831192896722,0.2432034960428623,1.1298796232468098,1.6162866153325344,1.3730831192896722,1.2514813712682409,1.4946848673111033,0.7048905989430878,0.16440362564473426,0.5404869732983536,0.8692942245878221,0.7048905989430878,0.6226887861207208,0.787092411765455,1.4270841124774767,0.2238445983488213,1.2032395141286554,1.650928710826298,1.4270841124774767,1.315161813303066,1.5390064116518873,0.8651376353079343,0.2892936288212801,0.5758440064866542,1.1544312641292145,0.8651376353079343,0.7204908208972943,1.0097844497185744,6.7801144774733535,2.2021754832669513,4.577938994206402,8.982289960740305,6.7801144774733535,5.679026735839878,7.881202219106829,1.35876610696277,0.62644560112452,0.73232050583825,1.98521170808729,1.35876610696277,1.04554330640051,1.67198890752503,0.8401929778977513,0.11204812405679565,0.7281448538409556,0.9522411019545469,0.8401929778977513,0.7841689158693534,0.8962170399261491,0.0752311765049996,0.03538081079826466,0.03985036570673493,0.11061198730326426,0.0752311765049996,0.057540771105867264,0.09292158190413193,501.67236737008335,251.01576757320248,250.65659979688087,752.6881349432858,501.67236737008335,376.16448358348214,627.1802511566846,0.919228840315422,0.2789803256369744,0.6402485146784476,1.1982091659523963,0.919228840315422,0.7797386774969348,1.058719003133909,0.7071067811865476,-0.7071067811865475,-0.433883739117558,-0.9009688679024191
user_02_direct_s77,user_02,direct,2026-01-16T09:11:42.417752021,2026-01-16T09:11:55.130822910,12.71307,2,12.174499754088949,0.538571136,0.9576364917434537,1.2301841921290633,15204.516696129653,17.617466047242317,1195.9752204722897,1.3857759020631772,0.0,0.0,-1.0,0.538571136,0.0,0.538571136,0.538571136,0.538571136,9,4,0,0,6.087249877044474,3.0156692553448714,3.071580621699603,9.102919132389346,6.087249877044474,4.579415249372039,7.59508450471691,4193.455445194607,1021.4087597989783,3172.0466853956286,5214.864204993585,4193.455445194607,3682.7510652951178,4704.159825094096,3408.8029028702194,830.2892902820022,2578.5136125882173,4239.092193152222,3408.8029028702194,2993.6582577292183,3823.9475480112205,4.858954770008917,0.9696160910801028,3.889338678928814,5.82857086108902,4.858954770008917,4.374146724468865,5.343762815548969,3.949778253612241,0.7881877342302714,3.1615905193819698,4.737965987842513,3.949778253612241,3.5556843864971057,4.343872120727377,3.0618514698864985,1.040055336047627,2.0217961338388712,4.101906805934125,3.0618514698864985,2.5418238018626846,3.581879137910312,1.5294210336202405,0.38761687187286464,1.1418041617473758,1.917037905493105,1.5294210336202405,1.335612597683808,1.7232294695566728,1.532430436266258,0.6524384641747624,0.8799919720914955,2.1848689004410202,1.532430436266258,1.2062112041788766,1.858649668353639,4.5912725035067385,1.4276722079204918,3.163600295586247,6.01894471142723,4.5912725035067385,3.8774363995464927,5.305108607466984,3.206601345482408,1.6107687262059536,1.5958326192764545,4.817370071688361,3.206601345482408,2.401216982379431,4.011985708585385,1.589153525707002,0.7459141516830063,0.8432393740239956,2.3350676773900085,1.589153525707002,1.216196449865499,1.9621106015485053,2.9448634062695347,0.5689093981514639,2.375954008118071,3.5137728044209986,2.9448634062695347,2.6604087071938025,3.229318105345267,1.7166781781080207,0.5367684391031546,1.179909739004866,2.2534466172111753,1.7166781781080207,1.4482939585564434,1.985062397659598,4.815803584168666,3.015615352120916,1.80018823204775,7.831418936289582,4.815803584168666,3.307995908108208,6.323611260229124,1.0449560667955455,0.7504449209244917,0.29451114587105376,1.7954009877200372,1.0449560667955455,0.6697336063332996,1.4201785272577914,1.2714462928758081,5.3903223955376056e-05,1.2713923896518529,1.2715001960997636,1.2714462928758081,1.2714193412638306,1.2714732444877859,0.162020333893662,0.0007457894980255481,0.16127454439563643,0.16276612339168753,0.162020333893662,0.1616474391446492,0.16239322864267475,1455.3729586054094,416.80980532994795,1038.5631532754614,1872.1827639353573,1455.3729586054094,1246.9680559404355,1663.7778612703833,1.7281616306057677,0.5673760962891498,1.160785534316618,2.2955377268949175,1.7281616306057677,1.444473582461193,2.011849678750343,0.7071067811865476,-0.7071067811865475,-0.433883739117558,-0.9009688679024191
user_02_direct_s79,user_02,direct,2026-01-16T09:11:59.056135077,2026-01-16T09:14:21.582096020,142.52596,12,122.55183989036533,19.974121058999998,0.859856266818798,1.2301841921290633,69892.85468912871,152.75329595301585,490.38683681996395,1.071757706126069,0.0,0.0,-0.09740317831039802,1.815829187181818,1.4934908932967803,1.391181266,0.481163073,3.0245996555,9,4,0,0,10.212653324197111,1.681852199730464,6.9502926665194185,13.170073240764149,10.282175957403037,9.23385966690386,11.34356071254939,3212.7796620562717,1143.659844255323,1673.3981958461782,6093.476868545717,3067.4991231247054,2420.574313164406,3513.0926063551833,2611.624895371121,929.6655342936948,1360.282636171784,4953.304478738113,2493.528321003561,1967.6519407838841,2855.7452037122357,7.021643124075261,3.0534222136766074,3.188597635737046,13.65984521061527,6.891199285536409,4.5923266694239695,7.801787527124703,5.707798205342726,2.4820853927508932,2.5919676550375623,11.103902405845712,5.601762182954003,3.733039896632139,6.34196698107643,3.1837612274440406,1.442964272919534,1.1842327514550088,5.156721479256181,3.0653404242894613,2.067348934504014,4.506347747941225,1.6033487095210675,0.7002735475795292,0.5652311785931373,2.5577285658828655,1.5707452067407308,1.1037977460309254,2.2321160773637905,1.5804125179229727,0.748306825783294,0.5963258445327058,2.7085204747391494,1.4945952175487305,0.9572035161365418,2.246849780235976,4.787109936965107,2.1412834383167882,1.749463930048146,7.6281199633507555,4.636085631030192,3.1774943528714865,6.753556982371439,2.9950870140804025,1.1558167408337467,1.2799486694021953,4.833760503759828,2.7929686498744246,2.3595608794166494,4.032878488693424,1.5618574052610958,0.7646228307674562,0.48153705084889514,2.9855712941934547,1.4925223995154013,1.1229611374859103,2.0434621535040223,2.9274334953191534,1.1599849349851925,1.3954693024308034,5.06805513592467,2.8143543254872583,2.0810390319949588,3.923610710796477,1.7090401227279461,0.8233795193705863,0.4658238347336037,3.1040320501990353,1.7228824738698094,1.0815253360615167,2.3776963358411574,7.860397128175312,1.9863919317887913,5.485279724099585,11.373114810455837,7.836301685704717,5.939950839383504,9.206342611516643,1.019919059006406,0.47774627805341874,0.3422768787701505,1.876988231723023,0.9195543984439625,0.6855424578350677,1.3975008262438968,2.352256196021799,1.247882541247901,0.951221211492495,4.583974787379316,2.05636625843331,1.368641363713686,3.1552523981976233,0.3688751256853587,0.2752213932787914,0.09448687555820068,1.035669468729383,0.2561546834069123,0.17171880368789072,0.48704694983039104,616.6867044412473,349.204719422579,268.55170129871385,1589.3980120431186,496.00944353158656,433.1551194716051,626.512470202344,1.2944889139045708,0.6641934638609663,0.4895704711048259,3.0986571312603273,1.1680450696884304,0.873789691648105,1.562262956585718,0.7071067811865476,-0.7071067811865475,-0.433883739117558,-0.9009688679024191
user_02_direct_s81,user_02,direct,2026-01-16T18:01:00.652650332,2026-01-16T18:03:06.148312304,125.495661,11,111.77648035728753,13.71918162,0.8906800399839124,1.2301841921290635,73582.51392403999,173.7199194408308,586.3351237620876,1.384270325018096,0.0,0.0,-0.044320903963592805,1.371918162,1.2554699459906602,1.280590202,0.23090206025,1.82646782025,18,4,0,0,10.161498214298867,1.7848000879903192,6.10670185920449,12.818252379885347,10.081216240343212,9.393718464064825,11.454635313058834,3689.8723745020684,2438.599375058168,1680.0936998239274,10735.59475790728,2919.1027418165863,2280.411881949769,4107.590618405573,2999.44707313793,1982.3042684670795,1365.7253203003786,8726.818980926206,2372.8989207417258,1853.71580657616,3339.0045528845735,8.71136765328733,8.996104130296908,2.4297463873983887,36.04694560220417,5.719021953142593,3.8750519980496563,8.884150359982602,7.081352295879108,7.312810705791524,1.975107795193872,29.302071862765693,4.648915170373599,3.149977070785763,7.2218050084084755,2.5147489741071465,1.2342344439264317,1.0759947553581632,5.211154265131662,2.337690621600895,1.5711602625476329,3.13199700171907,1.2398098422107837,0.5978830055606414,0.566378945345061,2.5113302748736746,1.216036311249569,0.7321267881379432,1.5373360134360619,1.2749391318963625,0.6438506061869032,0.41651893002412965,2.6998239902579875,1.1216543103513261,0.8602509153794036,1.594660988283008,3.75455881631793,1.829495531215637,1.6625910189263213,7.722484540005336,3.5537269328504637,2.282069609715862,4.669333015155132,2.3332873202011686,0.9943383894509078,0.7784570527746424,4.20311252836393,2.3541575887197372,1.6816035461509597,2.894604715342372,1.275800765203599,0.576169944285787,0.5465017476765176,2.262141432308886,1.0602133015083646,0.7517108472505961,1.7973939161027452,2.3410020889179672,1.2380896459468533,0.7812284323159507,5.209729960652897,1.6999147221058617,1.4579831908064977,3.149580730116978,1.244002144794294,0.6444944438668402,0.6133084516488901,2.744914570297192,1.0764179397829274,0.7395827911940818,1.5419324080004737,7.479890621356469,1.747190959285259,4.3678649699278145,10.640050782020552,6.953822931589955,6.418609579506764,8.66242564057759,1.2095318811306814,0.4040300027766037,0.6152578465981096,2.0042001089389903,1.1402868501232584,0.962108242674378,1.4745771039215523,2.6816075929423975,0.8893724042522299,1.1392538581101928,4.09089780074284,2.4476502028136,2.0593039621578213,3.2991023093631067,0.38819146264324994,0.21075983640315962,0.12438244760580638,0.80721463767061,0.323250244522072,0.23563510441696506,0.49170121086231666,677.877720284495,470.69320855970875,256.71593506634656,2066.235373980938,526.9607409848769,481.57524108943244,690.3772775679963,1.6082385030700983,1.7457062708350137,0.5003414351929004,6.937806037470042,1.1067190729956806,0.7115570857034428,1.647945315479959,-1.0,-1.8369701987210297e-16,-0.433883739117558,-0.9009688679024191
user_02_direct_s84,user_02,direct,2026-01-19T18:10:00.723134297,2026-01-19T18:50:52.121706734,2451.398572,35,323.4462412758354,2127.952331179,0.13194355457747872,1.2301841921290635,244449.61604903455,480.50817217133226,99.71842965120017,0.19601389087018373,0.0,0.0,0.6873698886804622,62.58683326997058,337.80219519441107,1.0368632495,0.07223959025,1.8936134677499998,18,0,0,0,9.241321179309583,2.1312378466939514,6.047651701227037,16.20400111890178,9.457779312835157,7.518798957811047,10.392650942047288,3852.5716459635737,1501.1830040241643,1495.3291511567436,8264.066059992048,3584.1381802168275,3071.1606336166606,4292.430589392563,3131.703098294556,1220.291248765022,1215.532731378053,6717.74691372805,2913.497184526333,2496.5047130880816,3489.2584515849703,7.5728986188700915,4.061365717195859,2.048082399799895,18.68292848806399,6.025604419040107,4.405932181142165,9.800742121717494,6.155906300310831,3.301428959322674,1.6648583300808846,15.187098491104567,4.89813188756041,3.581522351963309,7.966889986413725,2.385714669477936,1.1070788950251114,1.1169857504910965,5.242384051951684,2.0078223578316887,1.3923039150223464,3.1612982868931523,1.156397126754415,0.5746714188851059,0.42089936017947827,2.6241644921587444,1.0089397760667096,0.6727403219884867,1.562910087301653,1.229317542723521,0.5500458201525259,0.5286854624586297,2.61821955979294,1.091864380247379,0.7938086554537531,1.482550389793671,3.542111796232351,1.676064269268819,1.5378851106705747,7.866548544110429,2.9237803354159984,2.0617433269773278,4.746831082117477,2.338493610334395,1.3029879897428844,0.8908883939494109,5.71705687865077,1.9413416185455865,1.3671235985798185,3.2399101850521155,1.0360809802550572,0.46759821263008045,0.4103890212805614,1.9965467230736498,0.9024215704062554,0.6578195006676897,1.4584109616137955,2.230272842256579,1.0560706770053385,0.9434867252113189,4.567706385470266,1.9374868067867106,1.3151407607518195,3.1746655929167424,1.1032839640073557,0.5962390104523223,0.4726932913875822,3.1362128238168916,0.9792523631485169,0.5878203006772831,1.430493913016437,7.153325355710501,2.146648050491891,3.658610312792208,13.480382978713383,6.537603727296233,5.710194596465204,8.191671784896414,1.0418388161083534,0.4870505811737526,0.29545171448833873,2.32744205473584,0.9346305237721625,0.6203866314167541,1.3691050899529993,2.0879958235990803,1.1748932068917337,0.4454488143438029,4.755289105514458,1.8060464827791094,1.2800152464751413,2.737350800982434,0.2998638006492051,0.19788924242512207,0.03627639739115056,0.8038073927960575,0.26993107561490787,0.12583606591600927,0.4011364167044844,787.3667947324033,335.45309603885073,294.4743166638885,1515.9386300706062,641.7208868745886,538.4396210055097,1021.7023211185042,1.4995172010539397,0.6987186866780372,0.39248331556994803,3.0617432440214376,1.5249721122585536,0.9007096864894285,1.9314338997871143,-1.0,-1.8369701987210297e-16,0.0,1.0
user_02_direct_s88,user_02,direct,2026-01-22T18:50:03.355734108,2026-01-22T18:52:27.321831453,143.966097,14,126.26525697471575,17.700840377,0.8770485524429809,1.2301841921290633,80573.46464664987,169.33950664638706,559.6697161738703,1.1762457285091716,0.0,0.0,-0.05792847518682762,1.3616031059230769,1.2124898273116034,1.13350157,0.621926668,1.881664629,18,3,0,0,9.01894692676541,2.099226322724455,6.018167928128229,12.235118623218778,8.829075975651694,7.1729468031289265,10.571844244352828,3174.6321627732177,1209.0888310628857,1427.0995240162256,5197.250055749517,3244.1964075934675,2225.568616076106,3790.3348788404373,2580.6153119874875,982.8518678738116,1160.069795358339,4224.773890773793,2637.1631405690396,1809.1344615836297,3081.1116766835994,6.672055702027227,2.944838141001199,1.9053732661021232,12.67681728116735,6.27399043636416,5.843789958635533,7.9128585670325995,5.423623344143278,2.3938188767526003,1.5488520160582773,10.30481237059936,5.100041503139339,4.7503373852672945,6.432255118916721,2.8371659679399692,1.2060587773176483,1.6306098908061304,6.125249548731425,2.6434782422353473,1.8228326313040897,3.332381737373915,1.4135032696435952,0.617610880182105,0.7742202523931437,2.99021385205535,1.3220520219365164,0.8799553732282144,1.6889203313117598,1.4236626982963734,0.5964546008998848,0.8563896384129867,3.135035696676075,1.3214262202988312,0.9516449790792989,1.6926564728806541,4.250669237583565,1.8210666809301272,2.4048301431992742,9.115463400786775,3.965530264171864,2.7027880045323043,5.004175213716993,2.6266967813289996,1.0839352755956246,1.4930727183912125,5.726496006220027,2.3180848661896967,1.9129234198612004,3.235304983716952,1.5022403519675207,0.7270881975757512,0.7998576021456354,3.6690166083001836,1.4484489874627402,0.9804563989658048,1.779165801345915,2.75875743335079,1.1914961431096525,1.4499418938946278,6.140109992481345,2.8254225199936327,1.8541126654162907,3.231600169305938,1.4378568754030845,0.7186175418485891,0.6453159937695564,3.6129806606940655,1.4897380064256271,0.9136111317316264,1.6710631069570416,6.79192913052914,1.6304609883075898,3.985402614329562,9.720543836711963,6.584184748231598,6.03381656692106,7.6106566589072395,1.1478989919669709,0.44952194221640973,0.40192445269777954,1.9960419216639504,1.2521892850212453,0.7965747283095134,1.4555012165937948,2.227017796236271,1.4451191025370353,0.3635034139372646,5.359758611460535,1.9474913030750778,1.1059248119603566,3.1792498276942034,0.36396333432583877,0.2892749628129154,0.04171428419545401,1.0964537756423853,0.2921576104643543,0.17570164255494222,0.44709359648920244,660.5030891073827,261.4565422230457,270.68125767769294,1167.1115893464232,671.8546220830921,424.5696874006308,861.3051040278439,1.3922166891447014,0.7527992692910912,0.45536678878828646,3.553560810499027,1.2716221193957138,0.9494722397547304,1.5476231607842743,-1.0,-1.8369701987210297e-16,0.43388373911755823,-0.900968867902419
user_02_direct_s93,user_02,direct,2026-01-29T09:21:00.516885280,2026-01-29T09:24:38.076108582,217.559223,20,190.99158157175282,26.567641742000003,0.8778831756158314,1.2301841921290635,105850.67398275956,214.0161353175655,486.5372863680413,0.9837143760968732,0.0,0.0,0.041642475817667265,1.3982969337894737,1.519814310722319,0.783845232,0.1549508795,2.2464107285,9,3,0,0,9.54957907858764,1.5209667709093848,7.388485720443418,13.48479815098869,9.398916504114116,8.40127828671314,10.67971128080171,2919.3962166749634,1195.3178210795518,1321.3167182829043,5432.2303905422405,2838.6471919198216,2017.4354243404753,3653.122757983893,2373.1374824630147,971.6576011359983,1074.0803911616836,4415.786209332403,2307.4976983788197,1639.94582051077,2969.5738096434825,5.9026350257841695,3.908288882473578,1.7751607128784914,19.47614040246046,5.28423754711107,3.2003295117880635,7.308760864946414,4.798171740094105,3.176994882131882,1.4430040023569517,15.831889669101798,4.29548483952286,2.601504337532818,5.941192312264426,2.6087983780105137,1.5180961251877698,0.9093440334992938,6.227527465086997,1.9963053799000625,1.5026261005412145,3.123970065363607,1.3211798222978846,0.7507658187628841,0.41630642244437993,3.086226499567782,1.0391151877059293,0.7694836608045169,1.6258492111529605,1.2876185557126294,0.782329703365311,0.41730288643338576,3.1413009655192146,1.0444010905422418,0.6786442903117375,1.6469616277732628,3.9299782003083976,2.2637337641820854,1.3256504559436737,9.31375396465478,2.9674710703917757,2.2568903958833264,4.637143195258329,2.3317557317212434,1.3552702147389724,0.7332421653925448,5.512942405482615,1.7428533873844247,1.3395123064320291,2.6915341079086366,1.2538977267083975,0.7431652923212511,0.30255834547951055,3.3248513298667732,0.9879038194785095,0.8009424034703316,1.541339769715916,2.540288599138542,1.4801880070370004,0.6588950121009775,6.484321430504678,1.9917671470181695,1.680843459172595,3.0742980907847888,1.2793036546021832,0.7617478539965948,0.31359826983414835,3.6585311353774723,0.9606847991815353,0.7983942083625306,1.5725000884976457,7.339180507287137,1.5613224176996574,5.084234772657558,10.930171808908272,7.112097528679431,6.037727805288233,8.425528117423498,1.2371953637348307,0.554274216222307,0.4751637516298114,2.228415922001983,1.0586145357750807,0.7361942689493635,1.760710917516381,2.210398571300505,1.1851288367985828,0.7136662652234822,4.584734531653522,2.145482403107638,1.1062821529972426,3.177049288563585,0.3136642604494553,0.23186013815048181,0.0630922248212385,0.8117302379504405,0.2195651227421417,0.12368539122874524,0.4233664170749821,568.6313410627205,248.84576903359377,235.06421441001993,1051.1301234951843,567.9043359979919,341.3048734075206,745.943841629241,1.1618201758490205,0.8563313163159162,0.34264195902814365,4.237913362067602,0.9678289300575507,0.5747778181756337,1.3661891831486979,0.7071067811865476,-0.7071067811865475,0.43388373911755823,-0.900968867902419
user_02_vpn_s55,user_02,vpn,2026-01-01T09:51:00,2026-01-01T09:52:46.191997093,106.191997,8,92.8521759938161,13.339821102,0.8743801662738869,1.2301841921290633,48581.280532054145,108.68637703939228,457.48532756243526,1.0234893410978256,0.0,0.0,-0.10754169831972298,1.905688728857143,1.53560604451041,2.345045948,0.5252581005,2.4733999765,9,3,1,0,11.606521999227013,1.7367863483337993,8.404295761497734,14.259256399685263,11.674524166649627,10.59025985744266,12.528077304262487,3349.719025161903,1038.3003762269914,2033.6246335245905,5464.785661452691,3101.500133923012,2747.725462516515,3955.189856062744,2722.941041344865,844.0202555602821,1653.1058084928109,4442.249946322964,2521.1672802877483,2233.5886610289335,3215.1200457368504,7.4940145866381185,3.1469838581828258,2.8184776811194006,13.392724871442379,6.522640493303462,5.787440152222202,9.611939080675016,6.091782543285918,2.558140381186644,2.291102177342646,10.886763914811628,5.302165752930718,4.704531393958134,7.813414561960645,3.224437157048283,1.6783654901663438,1.4030173356979028,6.750367057823777,3.018568551981051,1.8556072363839335,4.002897897919855,1.6110792217045493,0.7759157964027228,0.7240668485195879,3.2237912072376615,1.618334581726315,0.9124269812661129,1.945464779588364,1.6133579353437333,0.9081910468200799,0.6789504871783149,3.526575850586115,1.4313525988852027,0.8952608544740185,2.0576813870439032,4.835516378752832,2.4521625365894923,2.1270841842174906,9.974158265061439,4.637730772172767,2.7680342176500465,5.948114408795806,2.7014522710470317,1.2965205746312862,1.0012934217937293,5.485635309309327,2.6054417016132794,1.857268763397458,3.2173815796093095,1.619984805495827,0.8849843443438947,0.5225733902272397,2.95472409861661,1.494093664400842,0.8272801835475344,2.413123806304124,3.247196513233564,1.6287281330728627,1.3408097608588716,6.298907039476267,2.8852211028669794,1.8075122589012118,4.328363963819027,1.6103174306052692,0.8652937279884418,0.7844917640223534,3.565337056888003,1.4676335252223252,0.9527276912193459,1.882648385671695,8.331790868342264,1.3722603914793685,5.981819251215281,10.42753811514834,8.06193645908932,7.658586450136805,9.193262312582217,1.4155369199119694,0.5154307956724903,0.7852848683972983,2.5262721428501242,1.2997162607408326,1.140769874977029,1.5715382741356685,3.2747311308847493,1.6939444489078253,0.6360090980080049,5.988453091281755,3.3612313219455325,2.6764287480294215,4.325944256373793,0.4886767702815844,0.23522578111671613,0.057967409872454606,0.7286887609603695,0.5258119393547913,0.39427210289867787,0.7125593524213729,538.2557393561398,196.55081813561586,302.6062056650267,947.1205503707134,510.8364417412055,377.5379099132587,635.5605284943464,1.2087403122963765,0.5449311827203919,0.4193934430057108,2.163786393751363,1.1593347071924247,0.8112490309673471,1.5663899782598771,0.7071067811865476,-0.7071067811865475,0.43388373911755823,-0.900968867902419
user_02_vpn_s56,user_02,vpn,2026-01-01T18:29:04.090396190,2026-01-01T18:31:52.592127789,168.501731,14,146.19109186427292,22.310639742,0.8675940062851515,1.230184192129063,94761.3027569701,167.41099448888235,562.375841450377,0.9935268527827904,0.0,0.0,-0.08166289824182552,1.716203057076923,1.457064806444147,1.007823535,0.857656748,3.01922584,18,3,1,0,10.442220847448066,1.650123996324462,6.853963892525803,13.004171175855499,10.347800086221579,9.483448784484656,11.640342002515174,3733.639614950774,1708.173604136586,1280.6626362900338,7395.701800866982,3573.7023244632874,2443.383879700727,4215.637647462731,3035.024867689947,1388.5510926459494,1041.0332407812916,6011.865416728644,2905.014019305783,1986.193527224566,3426.8345134290694,6.5960714217388885,4.00488994778688,2.10080693836617,16.301710345525454,5.645479581052216,3.7498509646931946,8.559558480745219,5.361856756038422,3.2555205744073734,1.7077173904586855,13.251438646201674,4.589133576234353,3.048202853430736,6.957948684035116,3.4500676091120037,1.5858004663593765,1.6686390448794461,6.88101494313085,2.738656965000942,2.2093152925677058,4.733670499828357,1.6601960110433382,0.769114308547975,0.839978985138125,3.239784657786369,1.3589233577363964,1.0697766303097178,2.2691897406654804,1.7898715980686652,0.8268302064380341,0.7997403303139032,3.641230285344481,1.3942325460892355,1.2759994350707462,2.464480759162877,5.110263620155342,2.351372298713951,2.537537759444989,10.12079960091722,4.1438153822439965,3.239812893292624,7.002860240493838,3.403612398653864,1.5095416824534156,1.5692525002635942,6.59382002117112,2.5758263569175974,2.3146835667147005,4.7425721903716305,1.7140110479611432,0.9596817176808754,0.6215571340308345,4.1450172098878335,1.4912786182805067,1.0271345072532068,2.305711637680349,3.4001451991991227,1.5481718721230544,1.5174888811181155,7.103999555083251,2.63501100215293,2.4600639828588795,4.380615233574464,1.8117230083008695,0.9865989987695074,0.76299987936924,3.6576018483692794,1.3535127489280665,1.051910134836806,2.6222805220078307,8.243669793118432,2.0808603462407036,4.7963553377963475,11.823012142691793,7.622765414398975,6.791809229844256,10.137204376857278,1.3133577248100967,0.7015602768402793,0.4110071844084538,2.6736491832846876,1.2395807457921202,0.6658901669635275,1.64590020547008,2.1985510543296316,1.2995160240494528,0.5035587070011767,4.769617965270392,2.1170203491363,1.035214281872422,2.8482842024954826,0.3324579652243417,0.23582876314137022,0.06271845271943476,0.8597371675892357,0.2970051445612825,0.11245440785075325,0.4700948784481246,679.9189127274973,389.1014502660422,248.30060064361882,1639.5116372785133,617.1997234123146,412.7591730867614,701.9952195626294,1.2063947249433598,0.8347280622209686,0.2928694399144824,2.962057511796384,0.9189916927226383,0.6039343856133034,1.5182937802784564,-1.0,-1.8369701987210297e-16,0.43388373911755823,-0.900968867902419
user_02_vpn_s57,user_02,vpn,2026-01-02T09:15:02.298695193,2026-01-02T09:19:11.564819807,249.266124,20,208.42425137832086,40.841873246000006,0.8361515316791337,1.2301841921290633,130965.80663722535,280.37245233968406,525.4055566621053,1.12479163971629,0.0,0.0,-0.01646347056205642,2.1495722761052636,2.0799398280860486,1.465584931,0.6133569905,3.4990110315000003,9,4,1,0,10.421212568916044,1.5010074000756584,7.458401465933264,13.08110956298595,10.562916749537163,9.464635527322471,11.603130935526861,3612.0797915068006,1453.7253125485474,1323.8539193600716,6976.88465895462,3276.068889145613,2693.9560398895346,4301.404701360578,2936.210540354467,1181.7135367611938,1076.1428474128704,5671.414657734968,2663.0718473757697,2189.8802286079945,3496.553385161124,7.732763957210809,4.200566982721487,3.4753348413216756,19.700286902234055,6.355728076034625,4.906653603805667,9.362073336861602,6.285858659773394,3.414583775013091,2.825052429999901,16.014095310507145,5.166484918843617,3.988551986929525,7.610302096841928,3.6704294024547566,1.996394207458335,1.41370525833795,8.554934979388605,2.96692966426988,2.2673703259309232,4.754616567615778,1.848977168795562,1.014586329852945,0.6970719402105556,4.363270214109212,1.4165047530132007,1.178145488571682,2.4111218859739463,1.8214522336591945,0.9962737067778736,0.6096672321106302,4.191664765279393,1.4523613342188848,1.1477121886348511,2.3434946816418316,5.519406571250318,3.0062250757018174,2.207341320484942,12.918205193497817,4.3584836009375785,3.2889687449591984,7.165738453589723,3.4700910407964853,2.09976165665497,1.431419687802589,9.52126113089194,2.6078601511015433,2.0661215933600228,4.1405691472103126,1.9095541504517466,1.2253813246640464,0.5920086631714112,4.6461497920330626,1.427897831621267,1.0562857952697429,2.3413142377072944,3.3137080330837896,1.765865550891367,1.0608851369517016,7.553881651770042,2.568167352027455,2.0281095272805256,4.513057427410645,1.9923110315415422,1.140439046327464,0.5112911663096228,4.804199563624978,1.5489421729215165,1.2667618010597306,2.886697995320067,8.11227808642072,1.8147962689470403,4.9138881003836765,11.88480087108765,7.956623019972174,6.98939958925619,8.950651141866043,1.152298483540989,0.5827141525532333,0.3271750212072016,2.276058302313665,0.9947486466280587,0.6580458948251955,1.7121979053885228,2.3089344824953266,1.234046990131291,0.6206626641032571,4.55179212212824,2.4226391406651677,1.117497735371981,2.886830207555486,0.3367467305221648,0.2331201984118584,0.049390246769965826,0.9419276728564687,0.24196854853283248,0.15976301373469218,0.5359713277748661,648.6027612887372,320.12147435971497,241.35100579825203,1695.8458691800813,584.3179217566947,490.1306408651588,731.0241250521001,1.3653292430228499,0.7118230676551395,0.5172806667366558,2.9363628781166526,1.0223195923458286,0.8490753417496676,1.680558134556526,0.7071067811865476,-0.7071067811865475,-0.433883739117558,-0.9009688679024191
user_02_vpn_s58,user_02,vpn,2026-01-05T09:35:00.414573126,2026-01-05T09:37:10.059606145,129.645033,11,112.8153567819034,16.829676243,0.8701864943943004,1.2301841921290633,71314.35899407821,125.96723212207041,550.0739777209837,0.971631764111398,0.0,0.0,-0.05399862574902832,1.6829676243000002,1.5105234926433309,1.376516016,0.71977213625,1.8538655447499999,9,0,1,0,10.255941525627582,1.4468548461370516,8.59541435255594,13.817565451092868,10.479518105440041,9.01099877768877,10.901203953458523,3576.133365451681,2406.49661076982,1242.5057898830119,9510.55845645482,2774.9559515827173,2014.2136009747883,4198.556925340418,2906.9901794645198,1956.208367955801,1010.0160592477,7731.00363124893,2255.723955272209,1637.3268441117061,3412.9498267036197,6.316759038425056,4.762919841103318,2.3882700321737267,19.601216426058336,4.352011749067677,3.7484772596981197,6.958097046132851,5.134807518126799,3.8717127659234487,1.9413922300857887,15.933562267724135,3.5376911660161303,3.0470861873218196,5.656142462772641,3.0284013630483533,1.5520307713821675,1.1899841897946661,6.603472294088576,2.7876606819759733,1.9254103094732076,3.3467594504710103,1.496141112476401,0.7629363764519717,0.5635963699137077,3.2280077320902065,1.4148672789866983,0.9406757029003668,1.6519880698369327,1.5322602505719525,0.7934945291946569,0.6263878198809585,3.375464561998369,1.372793402989275,1.0070678962596575,1.713508926141091,4.524542475524755,2.3134626194947976,1.7535805597083738,9.831480026178783,4.202527960962671,2.8197870700372265,4.9800099748009306,2.7483815788770065,1.6455681888492235,1.1641664460748962,6.211100086595145,2.1531840625732106,1.414539335789529,3.010173935764745,1.4985054059880503,0.9217684591192173,0.5398864196268831,3.9450646528189677,1.2514342052977137,1.0384039306854111,1.5502418121609538,3.096671436838567,1.6196309501162414,1.3026227522445668,7.266271869821398,2.808041519855678,2.005075135418457,3.4818339768771596,1.5662020559607455,0.8488614079555746,0.7167536015396306,3.2661887113602095,1.1924812639227096,1.0337348487294962,1.6900534435717764,6.784108161261787,0.7346543644663329,6.012102896282572,7.9887982070530255,6.729098595761169,6.081594024157729,7.308076619060822,0.9302876477983903,0.33412448636052516,0.5036697461400448,1.5195354978183309,0.8249245090703669,0.768633128903633,1.1236700837037779,3.4718333643657955,1.1701239400921908,1.4684300763359204,5.828767244039843,3.054753775736879,2.8161428782015125,4.4185485856070414,0.5121564612157257,0.2905487645831336,0.16297288986952627,1.0314489268720475,0.4351663438496009,0.30217405790526214,0.6829465265692003,644.1733565155143,441.7156102167054,202.29387672554319,1643.993489625066,480.04878241905425,375.10157396779186,678.0546743263988,1.1223384325673813,0.8489353211418383,0.47294184607003603,3.3882628807461024,0.8194939969237067,0.6295019132081564,1.0185872978470942,0.7071067811865476,-0.7071067811865475,0.0,1.0
user_02_vpn_s59,user_02,vpn,2026-01-06T09:46:04.701301849,2026-01-06T09:49:23.020303015,198.319001,18,180.69127250536866,17.62772867,0.9111142734395312,1.2301841921290633,163428.54468765442,365.8755156168498,824.0690194262042,1.8448838173446114,0.0,0.0,-0.23617997284064113,1.036925215882353,0.6407030237979633,0.995222732,0.596849872,1.312370723,9,1,1,0,10.038404028076037,1.398529766629853,7.680725031562726,12.249098932862314,10.077793136687532,9.023043676728676,11.118723180655518,5008.236363190734,1948.182890780812,2159.3454012325315,8161.400970791752,4611.656446831092,3409.8282289391427,6946.452133686709,4071.127230567844,1583.651377773858,1755.302510834074,6634.291858901977,3748.7528098127805,2771.8029956455534,5646.6764718091345,11.212184904513117,5.588529844823418,3.6740528001282935,21.21661294250333,10.337246962795357,6.487183409451247,15.955121152658188,9.114232629756314,4.542839910136892,2.986587556266399,17.24669612749943,8.403007475575526,5.273343171662746,12.969701004729115,2.787804967247613,0.9981793053438792,1.6685632642352428,5.788070970558074,2.559030365496339,2.094342079284808,2.9981067307103717,1.3867757426704233,0.5322630811650494,0.8317371608539087,2.939517582842738,1.225655156292277,1.028702937348716,1.486486579745763,1.4010292245771894,0.47855972440183064,0.7885112283783442,2.848553387715336,1.3303716711056326,1.0833539033583583,1.487846925340927,4.174580709918036,1.52653608426288,2.548615300092141,8.727588553400812,3.7610004036048155,3.111099127107013,4.485637991175343,2.6301106457418775,0.98087733831925,1.5358497034068772,5.28429195965001,2.4309638743174773,1.8098387346400537,2.989537802647861,1.4097663989615046,0.5950244531646788,0.6788147266351622,2.7990018753369497,1.2168577500796955,1.0412144887618717,1.631511255584972,2.7273130411996287,0.8473363849809848,1.4293180595451527,4.6091681988637765,2.5779103040845044,2.0629704505946376,3.0332290768421477,1.3529940916882988,0.6233706253965493,0.6152758051707832,2.862207880206189,1.0636908988391554,0.976037132707998,1.587767390350183,7.725476478697838,1.4212541435444113,5.452729985842305,10.344392612847688,7.458794142327269,6.8808162934572845,8.653148430843041,1.212145447431157,0.4954828802559366,0.4601444026057703,2.1888923351855922,1.1263988132414369,0.8364921125557772,1.560843136272912,2.3129275493781964,1.0455102670586511,0.38899391736990285,4.621611971913027,2.2072961158511597,1.6367822829347822,2.7676986926733025,0.36961313952974334,0.2551623741628531,0.03668132417015341,1.0561178926650312,0.2947859872005803,0.2009816751762784,0.5334382265818729,925.9529551138351,379.53018238630983,329.07369708022776,1653.857144965349,872.9437820470287,576.7411917358811,1249.0137667176095,2.1106103861590064,1.1746350239607057,0.6033815075544768,4.539059069294326,1.7429279165650082,1.1395840549999536,3.1575611226620968,0.7071067811865476,-0.7071067811865475,0.7818314824680298,0.6234898018587336
user_02_vpn_s62,user_02,vpn,2026-01-08T18:44:02.021595497,2026-01-08T18:45:42.357524157,100.335928,8,85.82633881543813,14.509589848,0.8553898939912943,1.2301841921290633,56933.396093873824,100.5272468819375,567.4278120383142,1.001906783400035,0.0,0.0,-0.2069504884639956,2.072798549714286,1.3619712598612446,2.620364044,1.1549995475,2.9829187404999997,18,3,1,0,10.728292351929767,1.8466653488323725,7.260487485104465,12.791206370434907,11.156114028411253,10.016644292383532,12.206936087094318,3925.6042239746157,1068.3438358608198,1786.5971622194709,5370.942426120727,4183.595577079448,3493.7974875120244,4517.39631219044,3191.0702877596123,868.4421753232347,1452.300536497247,4365.966056534436,3400.787950167817,2840.060464006903,3672.130028245804,6.931435889290576,3.277067110111644,3.226190148414296,14.654587506115599,6.0736293656209215,5.123362934545737,7.472948397697634,5.634469970951612,2.663883287623837,2.622526097356829,11.912514889947575,4.937170713524918,4.1647120547686445,6.074658124783982,3.6211217877409307,1.2533519921419287,1.5046300489083526,5.240252437370154,3.983234262925187,3.151712346137092,4.422986237378781,1.7721747972599808,0.6312045141021375,0.7187509979391246,2.659148154743491,1.9299192396652725,1.5675237164403812,2.1458647984364747,1.8489469904809495,0.6295229406480798,0.785879050969228,2.5811042826266632,2.098423018913104,1.516526636216927,2.2771214389423067,5.393296585000911,1.882105623193318,2.2233810468474773,7.899400592113645,5.8680455069372695,4.786898056057257,6.568851035815255,3.750149266625296,1.433853119981813,1.4239275155357465,5.806167388797257,4.276684489311416,2.9434757034998618,4.608803565550642,1.5823114455452167,0.5690104083078038,0.5309321385001519,2.181019648076674,1.6826542121375212,1.2634718666073264,2.1229483908303646,3.2426384100452106,1.1983474921928805,1.2910586679890874,4.478410398700484,3.7036816615933335,2.4194622093396343,4.254688938389252,1.8669940093646875,0.858199162959353,0.7015588630859039,3.2955358932107273,1.8772799654010757,1.1661563427613004,2.416395808722619,7.383957837204074,1.5332832969717032,4.906403712564363,9.624342693210068,7.348822143370654,6.467362326151683,8.288659553566582,1.342108467372122,0.5629474307759391,0.2474208770894131,2.1268460944838257,1.44773438254258,1.0657354815042828,1.696626344714473,3.3443345147256927,0.9723617220970693,1.6801459448985163,4.747678949870308,3.483945921188255,2.65766351703551,3.9577595534267846,0.41356060001850853,0.18439787974675786,0.20105329355337553,0.7402410861677546,0.3327398322216255,0.2938301139137543,0.5621142062060811,707.0056133505132,285.0862961592719,261.5558046686268,1225.7430381141346,677.7367126078125,557.955436639014,871.8246342384499,1.2033720230783227,0.5297239343724996,0.47231059028114547,2.1869200844412755,1.1247655066686608,0.8837898401294281,1.4409411019155085,-1.0,-1.8369701987210297e-16,0.43388373911755823,-0.900968867902419
user_02_vpn_s64,user_02,vpn,2026-01-11T09:10:02.186207750,2026-01-11T09:13:49.223926869,227.037719,19,198.1804049565029,28.857314174,0.8728963884476962,1.2301841921290633,95500.54239892232,203.6986034057118,420.63734087692416,0.8972015940915605,0.0,0.0,-0.0957714906800849,1.6031841207777777,1.3229444277625202,1.6224521840000001,0.63680626825,2.10154498925,9,6,1,0,10.430547629289627,1.238362091877504,8.35476709418865,12.086153599959363,10.760474991116629,9.412605538975154,11.462174714983538,2772.564422765394,987.2960523695702,1054.649061538574,4835.357123956652,2827.922358658629,2103.1010429386165,3355.4341132204786,2253.779914019992,802.5595343254008,857.3098795175599,3930.5960480504673,2298.779627272223,1709.5822368671538,2727.5867587058437,5.913762231951966,2.9109943773677345,1.4862811205741149,12.5969397363491,5.630309589153597,3.383884296796052,8.153490468971858,4.807216894664444,2.3663077415502434,1.20817771036533,10.239881000704248,4.576802096122935,2.750713526028658,6.627861519550761,3.158884529629984,1.3373084337164933,1.2364507223352903,6.57213555232417,3.2631005898275545,2.1600312926223806,3.746184069472405,1.596690292830637,0.6769415096959113,0.6617996219460507,3.400749079325661,1.6529392138087733,1.0585337125807994,1.8613066488799095,1.5621942367993469,0.6727805480247375,0.5697800181221506,3.171386472998509,1.566114554738459,0.9946452264471839,1.886732578698767,4.755574822460622,2.0101377174404775,1.90312142654843,9.97288463164983,4.75925146114189,3.230366324328516,5.62026692964537,3.0927802503515425,1.4400671331977954,1.2438622916654938,6.759808906721645,2.9792454453235395,1.9280973294920174,3.857741128744717,1.6496523453884122,0.8091635441629446,0.4821326675069684,3.9463068554265166,1.5746091754541478,1.2454949505213135,1.9569573318204978,3.025922766231143,1.191271219803266,1.1260774251879035,5.42962767658173,3.397952558206394,1.915312645762699,3.966328114362563,1.7829378936508518,0.7685822109716411,0.649777183708488,3.7354553282776486,1.647836336800623,1.2859603062486296,2.1862982919466116,7.783881611159479,1.4936707946007661,5.747405156937919,10.692188959698042,7.725608723962302,6.460452652019518,8.86820217692533,1.312558660130585,0.5792153352408855,0.5276437563795652,2.496848384444452,1.182521851867949,0.8943839803089437,1.7363010524095834,2.6466660181301496,1.195918742557295,0.5974596193523354,4.985869694923973,2.539725288940242,1.5023852372391202,3.5061415030120044,0.4760966638184014,0.26230815180139955,0.10704479421014566,1.056198015676068,0.33784784141151664,0.2824554812651395,0.5667177779068611,486.30684375106455,184.9800579123286,210.234006198222,971.3701278189664,472.5935977225698,346.13335738121066,547.3701482853332,1.0197195211549481,0.4784023801872054,0.296275648185034,2.1045805041205834,0.9856023584505748,0.6421530041495692,1.3092550961566451,0.7071067811865476,-0.7071067811865475,-0.7818314824680299,0.6234898018587334
user_02_vpn_s70,user_02,vpn,2026-01-16T09:08:00.433587416,2026-01-16T09:11:07.737954647,187.304367,16,166.3411410171222,20.96322622,0.8880793527740983,1.230184192129063,121981.82173450281,256.9749355265635,651.2492137169594,1.3719644642698774,0.0,0.0,-0.048861686888903376,1.3975484146666666,1.26733758915339,1.041479787,0.312140031,2.674535465,9,4,1,0,10.396321313570137,1.504439730604886,8.631464168216462,13.562983732134137,10.357129108227879,8.928697103914988,11.546465929923517,4205.373186060549,1699.6214456609737,1597.698372701947,7836.529115689881,3884.333462501258,3082.7211522746306,5106.097418834149,3418.490672345876,1381.5991593254516,1298.7472794109244,6370.207945955885,3157.5218470160103,2505.9021014888895,4150.677151847558,8.859315986485038,4.299604255766689,2.3225976946766287,19.304217514145474,8.110210841683124,5.638063222071108,11.72254832129109,7.201617483925182,3.4950898274228526,1.8880080800395747,15.692135891240742,6.592680099105233,4.583104918876732,9.529100110612731,2.947973753239654,1.3102140886710163,1.6686635118193305,5.136885314131673,2.493468256473747,1.814120274538615,4.0745539350856,1.5289564766366408,0.7003843362556762,0.7283152687303647,2.717851561154687,1.2295334279331938,0.9944508681009083,2.055343493857866,1.4190172766030134,0.622971518183773,0.678031041086562,2.446708528925117,1.1440151715395812,0.9241926540360474,1.990265386883346,4.476930229876295,2.006565433964329,2.396978780549695,7.827062099338229,3.786872876462006,2.8674315738425413,6.129897428943465,2.781148256882293,1.492748218404119,1.2623720352903234,5.742882099435478,2.2237053562928564,1.467650473426986,3.8186892243186676,1.5407819424926692,0.8194778395315103,0.7196013652447784,3.1392730094206125,1.1575363447794924,0.9126235199399245,2.435997549309147,2.8088047318433462,1.3117257618364564,1.3921601348330626,5.768661703274131,2.361187108441806,1.9332928545769155,3.1553130986459137,1.4909735623876292,0.7453154702069651,0.6723342950080061,3.294658945888458,1.1593121603872563,1.04616086043602,1.722591431941142,7.6188558145943315,1.1913385545015922,5.134561139214638,10.327152593247956,7.708772024482278,6.812689985753655,8.088376203514036,0.9454029423770607,0.4460381249512252,0.4174875617271088,2.173535649356748,0.8641359560274091,0.6517925442167388,1.0488840508699164,2.777465498975806,1.7133275921775188,0.8862279480352289,5.533521712753988,2.432779080514272,1.0677489687754536,4.435109717190784,0.40244021440023836,0.27892432147493396,0.06254216259583033,1.0000553045047287,0.3480978124761997,0.16580339035645658,0.600145134266086,755.8342479859956,345.22136339947536,268.7711957658516,1602.6335462104528,695.5859278663781,544.9493545787321,827.0074776346977,1.5917954250714295,0.86768941801123,0.39071665237134345,4.054509492636588,1.6121334625426855,0.9779332778493055,1.9412043935375127,0.7071067811865476,-0.7071067811865475,-0.433883739117558,-0.9009688679024191
user_02_vpn_s72,user_02,vpn,2026-01-16T09:11:11.355465665,2026-01-16T09:11:20.024940557,8.669474,1,8.669474892643258,0.0,1.0000001029639467,1.2301841921290635,7934.746052814288,10.017383206093985,915.2511505097413,1.1554776225286547,0.0,0.0,0.0,0.0,0.0,0.0,0.0,0.0,9,4,1,0,8.669474892643258,0.0,8.669474892643258,8.669474892643258,8.669474892643258,8.669474892643258,8.669474892643258,4376.857838550103,0.0,4376.857838550103,4376.857838550103,4376.857838550103,4376.857838550103,4376.857838550103,3557.888214264185,0.0,3557.888214264185,3557.888214264185,3557.888214264185,3557.888214264185,3557.888214264185,5.525654118672372,0.0,5.525654118672372,5.525654118672372,5.525654118672372,5.525654118672372,5.525654118672372,4.491729087421613,0.0,4.491729087421613,4.491729087421613,4.491729087421613,4.491729087421613,4.491729087421613,4.857512864585418,0.0,4.857512864585418,4.857512864585418,4.857512864585418,4.857512864585418,4.857512864585418,2.5638382989969,0.0,2.5638382989969,2.5638382989969,2.5638382989969,2.5638382989969,2.5638382989969,2.293674565588518,0.0,2.293674565588518,2.293674565588518,2.293674565588518,2.293674565588518,2.293674565588518,7.421351163582319,0.0,7.421351163582319,7.421351163582319,7.421351163582319,7.421351163582319,7.421351163582319,4.7748717937135705,0.0,4.7748717937135705,4.7748717937135705,4.7748717937135705,4.7748717937135705,4.7748717937135705,2.7253902009699513,0.0,2.7253902009699513,2.7253902009699513,2.7253902009699513,2.7253902009699513,2.7253902009699513,5.569050505151544,0.0,5.569050505151544,5.569050505151544,5.569050505151544,5.569050505151544,5.569050505151544,1.8340389536719754,0.0,1.8340389536719754,1.8340389536719754,1.8340389536719754,1.8340389536719754,1.8340389536719754,7.274053017179729,0.0,7.274053017179729,7.274053017179729,7.274053017179729,7.274053017179729,7.274053017179729,1.7152573533358848,0.0,1.7152573533358848,1.7152573533358848,1.7152573533358848,1.7152573533358848,1.7152573533358848,1.395421875463529,0.0,1.395421875463529,1.395421875463529,1.395421875463529,1.395421875463529,1.395421875463529,0.24894659633222632,0.0,0.24894659633222632,0.24894659633222632,0.24894659633222632,0.24894659633222632,0.24894659633222632,915.2510562718803,0.0,915.2510562718803,915.2510562718803,915.2510562718803,915.2510562718803,915.2510562718803,1.1554775035561307,0.0,1.1554775035561307,1.1554775035561307,1.1554775035561307,1.1554775035561307,1.1554775035561307,0.7071067811865476,-0.7071067811865475,-0.433883739117558,-0.9009688679024191
user_02_vpn_s74,user_02,vpn,2026-01-16T09:11:23.549845282,2026-01-16T09:11:37.568453250,14.018607,1,14.018607968291313,0.0,1.0000000690718638,1.230184192129063,2568.8143618284125,4.735742282606611,183.2431968332098,0.33781832122168853,0.0,0.0,0.0,0.0,0.0,0.0,0.0,0.0,9,4,1,0,14.018607968291313,0.0,14.018607968291313,14.018607968291313,14.018607968291313,14.018607968291313,14.018607968291313,1416.9748093401163,0.0,1416.9748093401163,1416.9748093401163,1416.9748093401163,1416.9748093401163,1416.9748093401163,1151.8395524882962,0.0,1151.8395524882962,1151.8395524882962,1151.8395524882962,1151.8395524882962,1151.8395524882962,2.61226642831603,0.0,2.61226642831603,2.61226642831603,2.61226642831603,2.61226642831603,2.61226642831603,2.123475854290581,0.0,2.123475854290581,2.123475854290581,2.123475854290581,2.123475854290581,2.123475854290581,5.406135180207713,0.0,5.406135180207713,5.406135180207713,5.406135180207713,5.406135180207713,5.406135180207713,2.7504717568484947,0.0,2.7504717568484947,2.7504717568484947,2.7504717568484947,2.7504717568484947,2.7504717568484947,2.655663423359218,0.0,2.655663423359218,2.655663423359218,2.655663423359218,2.655663423359218,2.655663423359218,8.156606937056207,0.0,8.156606937056207,8.156606937056207,8.156606937056207,8.156606937056207,8.156606937056207,4.181217123676679,0.0,4.181217123676679,4.181217123676679,4.181217123676679,4.181217123676679,4.181217123676679,2.49769724142804,0.0,2.49769724142804,2.49769724142804,2.49769724142804,2.49769724142804,2.49769724142804,4.27498891797357,0.0,4.27498891797357,4.27498891797357,4.27498891797357,4.27498891797357,4.27498891797357,3.1965396822553815,0.0,3.1965396822553815,3.1965396822553815,3.1965396822553815,3.1965396822553815,3.1965396822553815,12.616641511856335,0.0,12.616641511856335,12.616641511856335,12.616641511856335,12.616641511856335,12.616641511856335,2.094968446567784,0.0,2.094968446567784,2.094968446567784,2.094968446567784,2.094968446567784,2.094968446567784,1.4019664564349785,0.0,1.4019664564349785,1.4019664564349785,1.4019664564349785,1.4019664564349785,1.4019664564349785,0.10185795931832965,0.0,0.10185795931832965,0.10185795931832965,0.10185795931832965,0.10185795931832965,0.10185795931832965,183.24318417626154,0.0,183.24318417626154,183.24318417626154,183.24318417626154,183.24318417626154,183.24318417626154,0.33781829788794904,0.0,0.33781829788794904,0.33781829788794904,0.33781829788794904,0.33781829788794904,0.33781829788794904,0.7071067811865476,-0.7071067811865475,-0.433883739117558,-0.9009688679024191
user_02_vpn_s76,user_02,vpn,2026-01-16T09:11:40.635861537,2026-01-16T09:11:53.429725798,12.793864,1,12.793864261303991,0.0,1.0000000204241652,1.230184192129063,13389.152882033957,31.473781170210525,1046.5292488675789,2.46006844923555,0.0,0.0,0.0,0.0,0.0,0.0,0.0,0.0,9,4,1,0,12.793864261303991,0.0,12.793864261303991,12.793864261303991,12.793864261303991,12.793864261303991,12.793864261303991,7385.5443328890115,0.0,7385.5443328890115,7385.5443328890115,7385.5443328890115,7385.5443328890115,7385.5443328890115,6003.608549144946,0.0,6003.608549144946,6003.608549144946,6003.608549144946,6003.608549144946,6003.608549144946,17.36114362157656,0.0,17.36114362157656,17.36114362157656,17.36114362157656,17.36114362157656,17.36114362157656,14.112637548633966,0.0,14.112637548633966,14.112637548633966,14.112637548633966,14.112637548633966,14.112637548633966,4.352511968457633,0.0,4.352511968457633,4.352511968457633,4.352511968457633,4.352511968457633,4.352511968457633,2.35350827734903,0.0,2.35350827734903,2.35350827734903,2.35350827734903,2.35350827734903,2.35350827734903,1.9990036911086029,0.0,1.9990036911086029,1.9990036911086029,1.9990036911086029,1.9990036911086029,1.9990036911086029,6.706020245806663,0.0,6.706020245806663,6.706020245806663,6.706020245806663,6.706020245806663,6.706020245806663,3.4201446574416505,0.0,3.4201446574416505,3.4201446574416505,3.4201446574416505,3.4201446574416505,3.4201446574416505,2.994012655046469,0.0,2.994012655046469,2.994012655046469,2.994012655046469,2.994012655046469,2.994012655046469,3.727126449611086,0.0,3.727126449611086,3.727126449611086,3.727126449611086,3.727126449611086,3.727126449611086,2.2574251083661285,0.0,2.2574251083661285,2.2574251083661285,2.2574251083661285,2.2574251083661285,2.2574251083661285,9.296529713270054,0.0,9.296529713270054,9.296529713270054,9.296529713270054,9.296529713270054,9.296529713270054,0.749429706383993,0.0,0.749429706383993,0.749429706383993,0.749429706383993,0.749429706383993,0.749429706383993,3.497334548033937,0.0,3.497334548033937,3.497334548033937,3.497334548033937,3.497334548033937,3.497334548033937,0.38789238565769474,0.0,0.38789238565769474,0.38789238565769474,0.38789238565769474,0.38789238565769474,0.38789238565769474,1046.529227493093,0.0,1046.529227493093,1046.529227493093,1046.529227493093,1046.529227493093,1046.529227493093,2.4600683989907064,0.0,2.4600683989907064,2.4600683989907064,2.4600683989907064,2.4600683989907064,2.4600683989907064,0.7071067811865476,-0.7071067811865475,-0.433883739117558,-0.9009688679024191
user_02_vpn_s78,user_02,vpn,2026-01-16T09:11:53.625524645,2026-01-16T09:12:02.598808425,8.973283,1,8.973283780912258,0.0,1.0000000870263712,1.2301841921290633,5534.239694741399,11.563970945558077,616.7463674935248,1.288711271622446,0.0,0.0,0.0,0.0,0.0,0.0,0.0,0.0,9,4,1,0,8.973283780912258,0.0,8.973283780912258,8.973283780912258,8.973283780912258,8.973283780912258,8.973283780912258,3052.722825294803,0.0,3052.722825294803,3052.722825294803,3052.722825294803,3052.722825294803,3052.722825294803,2481.516869446596,0.0,2481.516869446596,2481.516869446596,2481.516869446596,2481.516869446596,2481.516869446596,6.378762034845443,0.0,6.378762034845443,6.378762034845443,6.378762034845443,6.378762034845443,6.378762034845443,5.1852089107126345,0.0,5.1852089107126345,5.1852089107126345,5.1852089107126345,5.1852089107126345,5.1852089107126345,2.09527316660106,0.0,2.09527316660106,2.09527316660106,2.09527316660106,2.09527316660106,2.09527316660106,1.021697731853656,0.0,1.021697731853656,1.021697731853656,1.021697731853656,1.021697731853656,1.021697731853656,1.0735754347474042,0.0,1.0735754347474042,1.0735754347474042,1.0735754347474042,1.0735754347474042,1.0735754347474042,3.116970898454716,0.0,3.116970898454716,3.116970898454716,3.116970898454716,3.116970898454716,3.116970898454716,1.8304623714954475,0.0,1.8304623714954475,1.8304623714954475,1.8304623714954475,1.8304623714954475,1.8304623714954475,1.2677079730913599,0.0,1.2677079730913599,1.2677079730913599,1.2677079730913599,1.2677079730913599,1.2677079730913599,2.362492235421427,0.0,2.362492235421427,2.362492235421427,2.362492235421427,2.362492235421427,2.362492235421427,1.178890448638224,0.0,1.178890448638224,1.178890448638224,1.178890448638224,1.178890448638224,1.178890448638224,7.339664507556835,0.0,7.339664507556835,7.339664507556835,7.339664507556835,7.339664507556835,7.339664507556835,1.5640897133215992,0.0,1.5640897133215992,1.5640897133215992,1.5640897133215992,1.5640897133215992,1.5640897133215992,1.6336192733554231,0.0,1.6336192733554231,1.6336192733554231,1.6336192733554231,1.6336192733554231,1.6336192733554231,0.31285710232779407,0.0,0.31285710232779407,0.31285710232779407,0.31285710232779407,0.31285710232779407,0.31285710232779407,616.7463138203311,0.0,616.7463138203311,616.7463138203311,616.7463138203311,616.7463138203311,616.7463138203311,1.2887111594705902,0.0,1.2887111594705902,1.2887111594705902,1.2887111594705902,1.2887111594705902,1.2887111594705902,0.7071067811865476,-0.7071067811865475,-0.433883739117558,-0.9009688679024191
user_02_vpn_s80,user_02,vpn,2026-01-16T09:18:04.332488450,2026-01-16T09:21:59.978972430,235.646483,19,208.96704532536103,26.679438664,0.8867819399000367,1.230184192129063,109502.89171591442,234.10971579336672,464.6913899237547,0.9934785056536012,0.0,0.0,-0.01067328857770908,1.4821910368888889,1.4508854649641143,1.08560143,0.1394897985,2.69025363525,9,4,1,0,10.998265543440054,1.979830291014236,6.853741562116113,15.453195296806172,10.980945155475634,9.718959083450173,11.98992086919338,3179.0795542633655,1356.4534720496292,1435.3277848145665,6484.348549969658,3025.2508953892607,2042.4955805957238,3820.3362493703144,2584.2305360479195,1102.6425804594621,1166.758436661801,5271.038752942584,2459.185311228475,1660.316880727271,3105.4993827863373,6.796655314490975,3.4601791256458143,2.0124257338065514,14.560779715901589,6.032542536404331,4.168338860782217,8.345432334438343,5.52490867463359,2.8127325548358155,1.6358735112045895,11.836259813013399,4.903771788811471,3.3883859729721695,6.783888451691949,3.140815756760872,1.5774768446939316,1.2080609241772349,6.424065530851962,2.6113313121887693,1.7439924136193439,4.323776646428531,1.572853951319744,0.8225096191463258,0.4268722261937602,3.335354306077927,1.28010509405376,0.8756209457271682,2.2061246110504102,1.5679618054411293,0.7776435443471562,0.5184627395418142,3.088711224774035,1.2996429502282985,0.9060062431233314,2.1176520353781205,4.713669708080618,2.392735057669926,1.634933150370995,9.75941983692989,3.8598531383358186,2.453123788466455,6.529901257478942,3.057360533712357,1.5059405993319444,1.123106926740621,5.582701877390165,2.5070680403074865,1.8470786923612312,4.481047553684289,1.5674200227647777,0.9048251251964207,0.3035293019984153,4.076929599023796,1.3798507612595008,0.8687824876349644,1.9649608383369424,2.81106072405031,1.2947559751818918,1.161755191885972,4.7381647858319855,2.5775796783758995,1.6205061212219323,4.140745579955273,1.6002886145609103,0.9354365298940076,0.5252032988472775,3.705700873343019,1.4437585046637444,0.8564744299886438,2.0618081586715977,8.018938209521878,2.1196803187350706,5.141719151057431,14.327742918357053,8.45354381502689,6.38802081046169,9.190026563942418,1.2874584854222828,0.47203856987341236,0.39085140973010163,2.105805451887869,1.2720734494144568,0.9650289199346123,1.565839345904032,2.9793273339181763,1.3162253032473508,0.5402665902714681,5.450199066925524,2.8739577446136106,2.114154355109778,3.6127270792317487,0.4197121459564676,0.27695349685750403,0.0621967822331505,1.011186593482504,0.373387565918826,0.20827308909050807,0.5841654172629094,536.9716507561183,248.93246924359724,245.0877455993602,1328.7552590687544,545.011714568411,339.4405983235012,615.8249471806084,1.1495819374765899,0.6330906035887657,0.33239139720793903,2.9837558043878456,0.9195835689062738,0.7755429346392322,1.486590119023262,0.7071067811865476,-0.7071067811865475,-0.433883739117558,-0.9009688679024191
user_02_vpn_s82,user_02,vpn,2026-01-18T18:05:00,2026-01-18T18:07:29.795439135,149.795439,12,123.99771561634334,25.797723524000002,0.8277803145684787,1.2301841921290635,69014.49344972895,103.96062064068818,460.7249320169819,0.6940172633740083,0.0,0.0,-0.0464013198993688,2.3452475930909094,2.1372536203373174,2.067399714,0.415932232,3.8797646025,18,6,1,0,10.333142968028612,2.140500492986271,6.753353083528555,13.341232524406433,10.840155604096516,8.718941850396394,11.646146616126133,3172.403844836704,2214.964121480892,952.5959858668418,9994.08805513936,2564.6469633203533,2253.070435901404,3013.230530389428,2578.803942640709,1800.514212142072,774.3523221658352,8124.058266301345,2084.7666387923205,1831.4903169110353,2449.4141199900077,4.778779878640468,3.3658810328108193,1.3109330125774883,15.120158973448772,3.978893601400541,3.042527091206577,5.222979155237273,3.8846051747502126,2.7360789175688676,1.0656396180060437,12.290971604244495,3.2343884979649453,2.473228895862266,4.2456887258467635,3.618818130132031,2.022932870420667,1.2852504192875063,7.558609216536974,3.094972382861977,1.9135773069911997,5.234861612145224,1.8328467296571038,1.0405844308540848,0.5910557987492965,3.9157329036387125,1.5507828964586512,0.9913654052668064,2.622513896759649,1.7859714004749276,0.9859616423481136,0.6764987615285597,3.6428763128982613,1.5441894864033254,0.9450023929317142,2.6123477153855754,5.451664859789136,3.06235633977283,1.8763062180368029,11.474342120175686,4.645755279320628,2.882152221050685,7.857375508904873,3.44176594258167,1.9554017321780686,1.0809066406080818,7.299530301283292,2.957305535905953,2.0030475169005943,4.666569304467163,1.8524485352347073,1.2944070549132745,0.611491551353069,5.034307056921894,1.2356085354753292,1.008527561385947,2.4128472431019383,3.587987739988247,2.154702802302897,1.3133284205263964,8.073488815558582,3.185724610022392,1.7613186777224188,5.0465971245963175,1.7954776078255879,0.9369563264418025,0.5262390487480065,3.6598069394041928,1.64387335704177,0.9524429795181549,2.563932283843868,8.197858660211795,2.283875034656287,5.069847944863127,12.03883953741701,8.475004299390129,5.956313106705593,9.734190635315557,1.082559690690491,0.574430100917615,0.4837311529088775,2.4228941616224677,0.9333195691638202,0.7287727250716443,1.089343675129987,2.135284307816819,0.7596365628514454,1.1462068228875966,3.560745548039298,2.0921868757192073,1.5005576869680763,2.8301214722364225,0.34487217401590914,0.17271912009030368,0.14111358612609973,0.7064428503920163,0.30810944017903275,0.22533222546908377,0.46169690859778983,624.9750099117734,631.4527425226307,151.62734711628053,2680.226871757792,427.54683232640764,407.3181166443781,499.78750615018373,0.9448527112924214,0.9591454241906783,0.2086648462657532,4.054942898471592,0.7297701365358562,0.5052865543485457,0.8135041612158792,-1.0,-1.8369701987210297e-16,-0.7818314824680299,0.6234898018587334
user_02_vpn_s83,user_02,vpn,2026-01-19T09:05:00.999400395,2026-01-19T09:07:35.684322150,154.684921,12,115.70429249916954,38.980629262,0.7479998163438926,1.2301841921290633,91521.44718433515,201.91981145530542,591.6636643873978,1.3053619586831313,0.0,0.0,-0.03229861633015591,3.5436935692727274,3.321943007613591,2.09931558,1.154887643,4.179653812,9,0,1,0,9.642024374930795,1.26871253846256,7.80881868413198,12.640823469626786,9.580263625504358,8.870705767580978,10.185329166837526,4206.985756464238,1503.4128327629558,2516.954496982141,7219.383375439231,4229.934220610803,2885.6735393277295,4676.893590277151,3419.8015088970246,1222.1038462224255,2045.9980814954888,5868.538566525343,3438.4560033161474,2345.724776656034,3801.783196533289,9.281690760740185,6.590164160928097,3.782062947867392,23.168664304412136,5.518613721009171,4.822606858044037,11.519652271629807,7.544960193868601,5.357054824060605,3.074387536489008,18.833492132844302,4.486006043906466,3.9202315302862214,9.364168671110054,4.918753018876888,3.246233164532559,2.2032371604929066,13.408091377735268,3.584553276784823,2.685091380654753,5.609295824908048,2.443509801899291,1.641498630091875,1.033405953261996,6.721876449183489,1.7820508643562398,1.3014315283063895,2.889762600701834,2.475243216977597,1.6090672226502454,1.1698312072309107,6.686214928551779,1.8025024124285836,1.410231860104536,2.7195332242062134,7.362262820776178,4.886307163411012,3.2366431137549023,20.129967826918758,5.366604141141063,3.9924521062970486,8.499058425609881,4.593805749128959,3.413426259196302,1.5885450544028465,14.514921351130104,3.562298443000724,2.5731598028335436,4.718866932792843,2.391073396883959,1.534846005461459,1.044481802317626,5.967898204860176,1.9250527030680056,1.1748431616426038,2.8307053260666395,4.246965222660649,3.3305968970727324,1.8529610807283385,14.091233016195345,2.9020256503701596,2.201560645752263,4.490540500660132,2.3773730097629753,1.3280276198265994,0.9178315130666787,4.917968773605413,1.858889451013437,1.3763079245616574,3.0340812558785677,6.613449961340231,1.6279948750494442,4.865239789949719,10.056298676233695,5.96589142269395,5.7522886306810825,6.753498563386826,1.0077837264394087,0.22729215868356722,0.5045380280622271,1.3887305327317911,1.0456402224943113,0.9866871168783065,1.128713490923372,3.0285744135905666,1.2042648131470772,0.7200074274972099,4.3221499933490986,3.3152537735147125,2.5897935106867895,4.137465489416416,0.4712159309373703,0.2743345732029995,0.1249049717000141,0.8993160201048512,0.3864654620905387,0.24227929028570547,0.7666146709402462,794.8068411761797,256.96341397126616,414.6120082550147,1234.3445661990743,831.7576151424626,603.2313873167367,908.1382802111739,1.7051437020427505,1.099400279898066,0.6717124389904566,3.857762223515018,1.1242507168618778,0.8948804553598404,2.0756006000029794,0.7071067811865476,-0.7071067811865475,0.0,1.0
user_02_vpn_s85,user_02,vpn,2026-01-20T18:57:03.031595681,2026-01-20T19:01:05.681499252,242.649903,20,204.25127351102375,38.398630069,0.8417529575976124,1.230184192129063,119276.63924857142,241.62314170522785,491.5585696672272,0.99576854850516,0.0,0.0,-0.0742027288357695,2.0209805299473684,1.741773884459538,1.724454018,0.433879565,3.1513747385000004,18,1,1,0,10.212563675551188,1.5067355352848704,7.904493551621183,13.537455624331539,10.426343249657426,8.899250834782928,11.028783199587616,3289.688730906895,956.0436972857834,1280.2423236944933,4891.678469269975,3419.5989989632435,2898.181484925384,3752.4674594414346,2674.143231521676,777.1549198914445,1040.691574388381,3976.378903718485,2779.7455217214174,2355.8923155316606,3050.32976642879,6.664045293374814,2.4007494665735334,1.9210942023115318,10.517543926171514,6.7474744283444155,4.717454405832359,8.295499305782968,5.417111791886578,1.9515365925964214,1.5616313513074165,8.549568425171307,5.484930201116186,3.8347545318948724,6.743298571757825,3.542306372345679,1.7808024703039753,1.3560619932147608,7.691800265219952,3.248154561703225,1.9168392606118352,4.633828751848881,1.7672423727059516,0.879163385283337,0.5968827479093783,3.8837810931457706,1.6236412674457754,1.0885495482068182,2.294888900558048,1.7750639996397264,0.9089522931157035,0.6448849372104583,3.808019172074182,1.6245132942574494,0.8787719212986032,2.446158999890139,5.3095487450516305,2.657475704755718,1.9529447411241392,11.575581358365723,4.871795829149001,2.975225671116623,6.821498503807622,3.259886196708135,1.821833994118819,1.0027736272986705,8.91951164140842,3.1906454749230297,1.7876781646361433,4.013836561634647,1.7661244428621408,0.8667243117028495,0.5144530853100009,3.6614530761420405,1.7282139137688008,0.9805949384938368,2.4426687911881637,3.2767933421169486,1.6189074884739603,1.2607806498753218,6.300723212256622,3.112924931106979,1.8053098900816038,4.3581171847311815,1.8832442137778003,1.0061804241349752,0.5632997181096623,4.4778352017838445,1.6721746882415798,1.2537678004839135,2.5825909387279147,7.699458519202392,1.3486378292103498,4.6882015953719405,10.72891748383054,7.747850403564309,6.986448899383956,8.63113043894678,1.215012147452768,0.4471436104746194,0.6698477498038256,2.206002007711568,1.1044431176398648,0.8549576939310506,1.5045404581873152,2.5131051563487925,1.2455411957249174,0.42775468414969975,4.77012764529608,2.3474570290122587,1.4389976506542945,3.412888002291548,0.30686589384025864,0.21348709728927953,0.04784430413765562,0.9013519494470584,0.2507715008298008,0.15897401789257112,0.3867517679496899,597.2717270216683,203.94510330079487,218.5164211588298,996.8710109186055,594.1144941610751,469.2627477422868,768.5268157790736,1.2227585379010009,0.507059416405206,0.3278993531370458,2.092637232928006,1.131218675106953,0.8356736731327024,1.7047164619246764,-1.0,-1.8369701987210297e-16,0.7818314824680298,0.6234898018587336
user_02_vpn_s86,user_02,vpn,2026-01-21T09:46:01.909971481,2026-01-21T09:48:36.813442346,154.90347,14,138.5493578070861,16.354113066,0.894423848652881,1.2301841921290633,80601.71791308526,195.88676967146523,520.3351346040554,1.264573154310005,0.0,0.0,-0.031027649167316748,1.2580086973846154,1.1822919063879684,0.864266583,0.391602293,1.643422105,9,2,1,0,9.89638270050615,1.452119383508982,6.557635990240595,12.729400534554859,9.897158649686427,9.351766680279898,10.540337016810195,3175.745354674826,915.403301415761,1589.6320318111962,5342.0187471102545,3228.51002544294,2458.4938138252555,3703.8135551035666,2581.5202105455496,744.1188947741922,1292.1902605983269,4342.4543912118515,2624.411893844451,1998.4761871881747,3010.779669257029,7.718030271975392,3.4431907266319732,1.8344585864631837,13.1408740637127,8.295128027757864,4.574793993263605,10.241269714049714,6.273881847414982,2.798922916309703,1.4912064373777316,10.682037818231079,6.742996764900383,3.7187878226154663,8.324988875304344,2.7582899536532524,1.1304840862895753,1.3463539216781748,5.26470095321729,2.671650046924123,1.838986466355297,3.2312046244505,1.3767688860662872,0.5748040408879201,0.5821948183151319,2.6117675411605674,1.2911984340775602,0.8829254031283367,1.7054125443476933,1.381521067586964,0.5671286062409513,0.6917625153814454,2.652933412056723,1.3588522092412418,0.9256992997063671,1.4922919105992247,4.135058839719539,1.7015149289775013,1.9285487399933068,7.876468494377858,3.9501922779726137,2.7324239674720694,4.918066975327736,2.6272774113531314,1.4755302728396664,1.1772400118890718,6.264810085279628,2.273611715368882,1.6913305420317815,2.5440925703340467,1.514484386381813,0.7727576257400361,0.49109106657053503,3.1547462743464187,1.3169105684432387,1.0227843807121224,1.7444028016814646,2.573000577761712,1.1941351587794906,1.2256337564226452,5.918245988217444,2.472533481713916,1.5486180213917133,2.988025024740846,1.4119768850600194,0.6314102591500765,0.6245172975198651,2.8236531960280216,1.1511779181666564,0.9804174113095853,1.6429593319095395,7.744380802821359,1.680886275007062,4.56981235256523,10.438933749876421,8.159609462805236,6.860884066201192,9.01737111395246,1.1795335780653355,0.5017996618997822,0.37743747642128694,2.2538286660417475,1.0913972823091584,0.9292593818913657,1.4988425220145334,2.15200189768479,0.6403913429742835,1.3029514360918508,3.368271927045778,2.0454276459988914,1.6411924571299172,2.483701053386587,0.385586384203088,0.16521994612166094,0.18302632916392722,0.7061914626817024,0.332724363238632,0.2941627441437526,0.5322807218884922,596.4205958557217,205.0233395665086,311.6599285962857,1069.0144064376461,575.2231740911402,433.1545020606461,654.0924119186634,1.4404574949292115,0.6588281386735818,0.35966011040840934,2.450758397366526,1.548737149124947,0.8831586747681053,2.03358075717406,0.7071067811865476,-0.7071067811865475,0.9749279121818236,-0.22252093395631434
user_02_vpn_s87,user_02,vpn,2026-01-22T09:05:00.648412229,2026-01-22T09:09:02.279339215,241.630926,19,203.7149284884895,37.915998508,0.8430830103613869,1.230184192129063,125001.39737485061,267.54259735795034,517.3236697973447,1.1072365685423493,0.0,0.0,0.10009580088129773,2.1064443615555555,2.5750414313065,1.2650645045,0.55540661325,1.969803518,9,3,1,0,10.721838341499447,2.176836485802317,5.140712165941511,15.286201213199673,10.940662754472736,9.451577326372693,11.315889384659606,3629.030981936927,1645.6425031799781,1866.0511871122071,8761.700514547885,3352.082225991551,2701.1800185187294,3716.103271396084,2949.9899325288943,1337.7204110645303,1516.887632804529,7122.267194300493,2724.8620551611443,2195.7525025938057,3020.769812498301,7.767276168028028,4.598571924731402,2.8422123477504675,24.515621168215254,6.282158998100494,4.915174665395263,9.379309815576296,6.313913166600937,3.73811657973975,2.3103957650695293,19.92841504960846,5.106681615887167,3.995478642014278,7.6243133959831235,3.4806017314472206,2.5861967734739464,1.099620440804133,11.656023411051063,2.550380048210484,1.9705257026472098,3.4892763405820855,1.7350535666667743,1.2812021524621544,0.49162870887415233,5.782002613511143,1.1754080294519833,0.9727361721264163,1.7509581160129346,1.7455481647804463,1.309247061029209,0.6079917319299807,5.87402079753992,1.2885900865001763,0.9760476626727004,1.7383182245691509,5.215655298113996,3.8659614000126536,1.5912491496782852,17.438026024562205,3.646602670076914,2.93976471436502,5.2402344565950205,3.122107805576202,2.0021040072919765,1.0618919810719119,9.067609839750476,2.500276999530869,1.7018659760294121,3.4099577930480516,1.8287416253336282,1.2827977410440212,0.527531642378688,5.050222678860212,1.3531596055795696,1.0847737916954276,1.650105277668799,3.4159481715175954,2.879481628185713,0.8642023155968087,13.531511151565633,2.3785230078274027,1.808262701685405,3.427924893259493,1.8523797810303713,1.5949970183294673,0.6360326394476938,7.079885414315861,1.2356080460090548,1.0119002929616001,1.7754926198744476,7.685633255274065,1.747754970272623,3.8623100353301685,10.892609073338717,8.267629181285532,6.41860377567448,8.753895411068253,1.1025326904540924,0.5454485026335922,0.32963746824424844,2.384896834375546,1.0969094966808108,0.6628828443437838,1.3951531370517443,3.036205086225381,1.2319919749747412,0.850173505216695,6.35649766751353,2.8740492175073964,2.1758181146272126,3.776020868520177,0.4476034349979428,0.2836755156510765,0.07878554698500975,1.2843627314327362,0.448723154982749,0.20813732982820882,0.5841651207358675,650.2769134161815,345.59693121210256,229.82862099866188,1704.7985940352607,617.508817392378,405.5639824880476,714.7870122279503,1.37456829747319,0.7918325567657342,0.3385829474640943,4.022279069203013,1.232483121913741,0.9145298250290725,1.7075942216020086,0.7071067811865476,-0.7071067811865475,0.43388373911755823,-0.900968867902419
user_02_vpn_s89,user_02,vpn,2026-01-25T09:04:00.386860675,2026-01-25T09:06:39.574920077,159.188059,12,134.85390546081496,24.334153949,0.847135810989535,1.2301841921290633,80442.57342586509,166.288218334198,505.33044960278767,1.044602336248085,0.0,0.0,-0.09262170091028034,2.2121958135454545,1.837139490160191,1.891122904,0.4570806535,3.851152227,9,6,1,0,11.237825455067913,1.5833059021663338,8.749183849424757,13.808114019689494,11.246025807983909,9.79576322382557,12.87489729651166,3697.720818753261,1491.9091839615994,1710.4729264585442,6472.303935098625,3430.464462977935,2508.215447792835,4188.504545582159,3005.8269667354975,1212.7526865546631,1390.4201804920378,5261.247849313601,2788.5779096550377,2038.8942272554327,3404.778383904585,7.643805769272466,4.0206849894502,4.347958612216645,19.00633913751468,6.808281185175058,4.838462948569186,7.288048542299144,6.213545758577368,3.268360148972207,3.534396426190204,15.449994609848353,5.5343591868076745,3.9331207306406073,5.9243555468598705,3.571899806087087,1.8612342055796087,1.4221087089192868,6.397351630056775,2.765675762011069,1.9344321182748732,5.556285407916667,1.7545184048425602,0.9574754956037684,0.6657841065297244,3.163537509116845,1.3799115077119883,0.9448343443078261,2.8454045817075695,1.8173814012445264,0.9136487081846744,0.7563246023895623,3.2338141209399303,1.4918760218269909,0.9818306033031344,2.6379093946634877,5.326418210929647,2.815519529933144,2.087892815449011,9.56088913917362,4.145587269723057,2.8906740197147522,8.474661421169845,3.2853036699082327,1.8606972462990332,1.1198466002901621,6.333112829563367,2.526524636109883,1.5770060864076798,4.978796756815095,1.7148711886832047,0.9180280772874582,0.5058149727797855,3.289290523448101,1.6443997560807513,0.862370513509322,2.395142555141878,3.168418259584671,1.7244126456990863,1.1130107788706889,6.444582307405167,2.554367289494278,1.770243647526442,4.503664924113616,1.6911012437784987,1.0675112936040738,0.48007245467383386,3.2907306042126834,1.3644559491499098,0.6794277975139763,2.6693375059110647,8.231587764871675,1.3940848890021502,6.040746129177344,11.389950037973788,7.780018107977792,7.467043430462786,8.628151351696024,1.1624090992903195,0.523054452564347,0.39888140747399187,1.972882914469097,0.9989319894416728,0.8022562479475452,1.5846135846987806,3.006237690196239,1.3268567936893862,1.3597427922100174,5.490963664452918,2.7276349407744624,1.8218260505327644,3.847826032654449,0.5716801538682882,0.345597679638834,0.2049661587967968,1.1839033173805333,0.4444766874823795,0.24562200530510786,0.912409251075583,597.2065148044163,235.72606409829743,315.8951874171001,1155.5609959996589,519.5342527670514,444.1032916825754,711.0433856550674,1.2905873626042865,0.8497489025897751,0.6796059991000403,3.9382340502112636,1.1153224330613694,0.7313708478647689,1.3077013250238687,0.7071067811865476,-0.7071067811865475,-0.7818314824680299,0.6234898018587334
user_02_vpn_s90,user_02,vpn,2026-01-26T09:34:00.302773703,2026-01-26T09:38:02.154142324,241.851368,20,217.45357743021782,24.397791203000004,0.8991207253796382,1.230184192129063,138214.7212674845,229.21572565620062,571.4862082875815,0.9477545136573328,0.0,0.0,-0.014998798810853212,1.2840942738421055,1.246143742885634,1.187033219,0.14160782,1.8752836240000001,9,0,1,0,10.87267887151089,1.272450364047428,8.83975107076468,13.969260932160932,10.854618761373484,10.140061136253864,11.455693929004706,3812.007228435782,1997.9917573479615,708.6123302597158,10714.458726191797,3606.1738911386733,2601.2631554125232,4247.259109692886,3098.7288349384435,1624.1403280349944,576.0213265570661,8709.637788182294,2931.409714261989,2114.531443385362,3452.539170042668,6.3189980490835875,4.237691607407603,1.1032130856910596,21.36913007275524,5.30620263321741,4.324102644441955,6.722577188133964,5.141788233726443,3.438477817859995,1.0,17.370675228537912,4.3133399593064485,3.5150042344132943,5.464691573136937,2.6989304883928553,1.2435646450290168,1.280802734464072,6.318234201983535,2.3388184359602273,1.760480297103352,3.485705002044951,1.3562106754681094,0.5914094432765715,0.5500949494526737,3.0464197837538878,1.2122303774175736,0.994927868371736,1.7456396153299791,1.3427198129247462,0.6685682097978785,0.5732763042158722,3.2718144182296474,1.1495252532893656,0.8144365231546558,1.77715638075281,4.055141163860965,1.8290579161889209,1.8308976839167457,9.364653985737423,3.528111618631089,2.724457932096209,5.182395195580891,2.4835346320400022,1.1303623082773497,1.2470944399001391,5.599085970243338,2.1221283569244216,1.6065683883200523,2.93883797740539,1.3419321718617787,0.6271900069102107,0.538417157808141,2.8920797654346817,1.131687460879787,0.8999671575855155,1.6161897591987133,2.607920175455928,1.365975270383732,0.9672833175315143,7.213608206413991,2.2961441826008127,1.7976643643419186,3.1267506518353483,1.4323518256888996,0.5967094000067645,0.5373849395623157,3.2264081172850525,1.3900344414097898,1.0700376635751845,1.6086816202134184,8.48605660434426,1.402273097177607,5.589635103796809,12.918763749699032,8.421554394827872,7.81152627118706,8.847603138623311,1.3245445953441342,0.353115847326519,0.6340465031184492,2.0251389094022474,1.2527504266331144,1.1063216652098544,1.5862818997201955,2.3866222671666293,1.1396262984642065,0.6214089799520917,4.4803523420258475,2.3760195991201343,1.2879358784748787,3.3491913182148916,0.2911616636777301,0.1505107563540021,0.062443543362428605,0.6039120006104605,0.25385960631693466,0.17483283673780858,0.43876291511093185,645.4510193989825,351.7783744088464,117.56725334923279,1866.5445674460173,608.020650916932,444.13578131318866,751.47670677118,1.06237721005803,0.7190952747650677,0.18303623406622382,3.7226736942711907,0.9095134921614892,0.696486293711109,1.136723775141149,0.7071067811865476,-0.7071067811865475,0.0,1.0
user_02_vpn_s91,user_02,vpn,2026-01-27T09:30:02.066713510,2026-01-27T09:33:36.105302591,214.038589,17,178.82825027654508,35.21033881299999,0.8354953707742162,1.2301841921290635,92429.20689150307,225.67948280813752,431.83431232348045,1.05438689286135,0.0,0.0,-0.20094648742138,2.2006461758124995,1.4642068361441467,2.1460217110000004,1.22874728775,3.18084682875,9,1,1,0,10.51930883979677,2.2064598165913223,6.257679691026326,14.47556482404848,10.411563102504163,9.196243528110958,12.036837969555279,2999.0914865515424,1211.4629830238423,1536.4614530167669,6696.649783735008,2958.8865222972186,2421.6139174792847,3264.892281009441,2437.920683536873,984.7817837158021,1248.9686201849445,5443.615538698482,2405.2386148584087,1968.4970209934413,2653.9865346171746,7.322722311939053,6.042339271559988,2.1275701849827238,29.435540827819136,5.431933872798965,4.010174882265245,7.857245426542699,5.952541382657272,4.9117354215896665,1.7294728696688635,23.927750832885796,4.415545174091362,3.259816625772836,6.387047953318495,3.6896751120714897,1.5014955127428504,1.0570292411319144,7.400901503175258,3.53367088211606,2.6360488962568867,4.709406766838011,1.8114795152659142,0.7703653539898453,0.48995790036843223,3.6314425749275516,1.8430551013517107,1.2327652637891973,2.2886585653582543,1.8781955968055748,0.7477812838775413,0.5670713407634822,3.7694589282477065,1.7241868954165604,1.4032836324676894,2.3200080448636395,5.501154627337405,2.2664347019740245,1.5469871415003467,11.03234407810281,5.376725983467771,3.868814160046084,6.998065332196266,3.2581750229859416,1.3067697587068698,0.9273457275354482,5.717071541411137,3.3670680358553295,2.0893949028386745,3.8789857848826808,1.7139086018332501,0.8966462204694619,0.5040200586762771,4.176488360299034,1.5808074400703171,1.1844877690141,1.898228237946359,3.4743872128027156,1.4368761078047794,1.0766002991527643,5.861898824637889,3.307457450160253,2.630780528755488,4.947714335994886,1.8175339330137894,0.7820186925359267,0.3957918920939697,3.4219108607560145,2.0674417959190485,1.1934058966446262,2.244818226640623,7.313112410784613,1.7184798459998805,3.835357731070055,9.726968482246471,7.653212565555643,6.602617263943271,8.62797498896852,1.0167347089365304,0.5401319601921692,0.37024659720636044,2.1444071349213174,0.9329615741206808,0.5146372651616324,1.3754195040314847,3.206196429012156,1.6303930251724565,0.8984521606266576,6.092058217400824,2.4223219599562715,1.7993292197793753,4.1417682232146955,0.46515998893713084,0.30536543907143787,0.16899908376879527,1.3376568703735463,0.4116959809657539,0.24898967841303637,0.5069897796403875,546.0998418107076,270.3690578028853,192.42289382547847,1249.8210982558264,464.51336326909586,403.8193378234781,557.8650368287607,1.3487371524691307,1.1772214605135873,0.2664519900628556,5.493666408318615,1.004127951471558,0.698261292417228,1.3583630902461505,0.7071067811865476,-0.7071067811865475,0.7818314824680298,0.6234898018587336
user_02_vpn_s92,user_02,vpn,2026-01-27T18:44:01.193335796,2026-01-27T18:46:07.856145420,126.662809,11,106.4917921609785,20.171017468000002,0.8407502802261279,1.230184192129063,76621.06046589767,185.40773874854708,604.9215319857439,1.4637898860157688,0.0,0.0,0.014574400558399758,2.0171017468000003,2.0767674361053516,1.0529124109999999,0.48421654575,3.1678847725,18,1,1,0,9.68107201463441,1.0730124928170803,7.897875736774703,11.640492516734398,9.900771154239544,8.848674468675565,10.1533847902753,3842.2434793411,1482.9839491907826,1723.8370613738662,7282.204467016274,3809.1109998524767,2829.829694359096,4433.447557993481,3123.3074721041417,1205.4974845874115,1401.2837040203258,5919.604977538413,3096.3745301100803,2300.3300745244887,3603.889227612796,9.297465617081201,3.8565967078592656,5.846650803620099,20.26539962099445,7.896802203473714,6.894063111990688,9.955077604371438,7.557783360059442,3.1349750163710897,4.752662927249437,16.47346775438676,6.4192031193368075,5.604090148532331,8.092347201391295,3.5739316323285264,2.0405587756327686,1.6684248482989164,8.152295939877995,2.60322333942839,2.062483900266697,4.48010908454165,1.766744155469184,1.084452444478092,0.7352594856424959,4.154188329687836,1.3682555422294056,0.9361451827528697,2.1877663574847834,1.8071874768593423,0.9627136678364816,0.9331653626564205,3.998107610190159,1.2349677971989845,1.0796574658850893,2.2923427270568664,5.340675787797711,3.1229820422240113,2.4036843339414125,12.30648426956583,3.971478881657796,2.9885522285075155,6.667875442026434,2.9583522668742153,1.590537225701578,1.3976201228358418,6.918173255149499,2.6082479102845313,1.717704490128893,3.3636968015431976,1.6345030484955752,1.2272780730490183,0.7693842940823847,5.089705949642996,1.0731450749173364,0.934301472007222,1.7102384284943433,3.502536486460232,2.072482859996888,1.2521569954495444,7.753643627688054,2.8647456427131273,1.9210804669680102,4.261450686663755,1.5358212594385718,0.8043250426859389,0.6318761737310985,3.0422389737818265,1.584910871196535,0.843821387657232,1.9437177323249575,8.05566770060286,1.2117676740955108,5.84199592409209,10.555071544320223,7.908227559225619,7.512457329862884,8.735130409072484,1.2558508192422801,0.5913445912320778,0.47188240768179096,2.560700115297596,1.0814838116095984,0.8580337874986457,1.5911088482555893,1.6254043140315488,0.6591420128622676,0.742564610864342,2.847337841215757,1.4099344345654394,1.0922393324638144,2.1284190108830456,0.2357158764512045,0.11142090956383616,0.0479804637341971,0.41948215564275354,0.21405363360998453,0.1601900481711468,0.3295797378498344,711.0206004146844,237.55640157774064,315.43408928382826,1295.111981342469,679.8184170033691,589.4097226431,736.1986370162592,1.754320604016362,0.6974625739861244,1.0698418156357823,3.604123171042568,1.6151719918351906,1.1668424566133386,2.0667980094159297,-1.0,-1.8369701987210297e-16,0.7818314824680298,0.6234898018587336
user_03_direct_s101,user_03,direct,2026-01-09T07:36:00.452656603,2026-01-09T07:43:55.339981944,474.887325,30,95.92167538783512,378.96564996199993,0.201988282984464,1.4129403841365984,120801.63066229757,230.83263809332735,254.37956395719252,0.4860787516140326,0.36666666666666664,0.0,0.599234440858827,13.06778103317241,52.146311021924454,2.422010978,0.518073566,5.536167074,7,4,0,0,3.197389179594504,2.6423349981214064,0.2,8.83856792006982,2.5625411680131425,0.7298484394387511,4.866089721718583,2357.918490298565,1103.0706985164177,766.0970529973157,4847.0004168807,2151.0790111877727,1458.4094834839063,3314.7244621980662,1668.802531778021,780.6916065963167,542.2005497177805,3430.435191250156,1522.413143072718,1032.1804796987897,2345.9761639013423,4.5022655602597625,2.53433161804129,1.1711357590313436,10.973736215758226,4.0065275488993075,2.753623415598725,5.431765513559763,3.1921557095178152,1.786408233627844,1.0,7.766595348935347,2.835595608902895,1.9488602962405763,3.8442991470435866,5.489794036373684,3.2606377981597747,2.153997969614616,14.725305389251938,4.371354868407612,2.757274270102127,7.118116833074007,2.7608998942097167,1.6385288859203844,0.9686319067795712,7.250727381555539,2.1903807022835036,1.449841366802708,3.688777535063535,2.728894142163967,1.6269288676326985,1.116271274009375,7.474578007696399,2.1486531181953183,1.4483751846807686,3.4293392980104724,8.250693930583402,4.897568170146366,3.1226298763941873,21.97603277080748,6.594056618619905,4.148092846826534,10.806894368137542,5.507706186628643,3.3537416747193283,1.7884237224690094,16.22216497617567,4.633842315269915,2.920594545405285,6.845087130643378,2.8143308961998565,1.7995185414166879,0.8461482698876591,8.772343875204697,2.3655519121000825,1.4453969924860393,3.5942665217841463,5.271466467028181,3.446523664738431,1.670711347487135,15.468664054058372,4.2153123518060305,2.7387364985868246,6.1549256278043,2.6236679242569845,1.449022169369795,0.9296735992319453,6.712570717929582,2.3657861646058365,1.4719979187684458,3.601335685149918,2.2969647266195867,1.904793542350902,0.11070894927118202,7.5537193885662,2.1792358551396958,0.6127633754590903,3.22855573076379,0.3686442274278482,0.38251252808811,0.006908084295684498,1.2792450162625286,0.21827912329083654,0.04116105148548291,0.5597198818166264,0.900424452974917,0.9736218900257441,0.01535617116191354,3.655050446999086,0.6357085523403752,0.133386735861955,1.0071256572782175,0.11635752463207169,0.13033399639030965,0.003724097800817116,0.5269295063250726,0.07678859428413642,0.023871853903989645,0.14329660337755007,4979.8550504607465,7732.585287466622,249.5776725093676,29165.778885064923,1705.2308107122046,777.3054499254158,4458.251656786453,8.296805804264418,10.734010952578323,0.35586929917017646,38.53793882742481,3.095490138879726,1.522030493771338,9.322380513244568,0.9659258262890683,-0.25881904510252063,-0.433883739117558,-0.9009688679024191
user_03_direct_s104,user_03,direct,2026-01-11T20:12:01.824326838,2026-01-11T20:12:58.294107677,56.46978,9,30.55288975787163,25.916891086,0.5410484998856314,1.4129403841365988,47937.30438746061,110.96475003977653,848.9019151032749,1.9650289064305995,0.3333333333333333,0.0,0.09373468581962298,3.23961138575,3.9097549974926213,1.603313501,0.08610182475,4.8610800554999996,20,6,0,0,3.394765528652403,2.702695947034908,0.2,8.793721752933447,3.0456284578054853,0.8959927899017059,4.880711133828482,3118.9495199847356,1384.917608724441,1082.3981970242942,5407.568197281752,2883.5133783375536,2266.094369033453,3338.941813475258,2207.4176341775546,980.1670504100699,766.0607688594819,3827.1736429885814,2040.7891307456498,1603.814566046386,2363.115847605684,7.219710375753166,4.175161765649065,2.1253239307787837,13.260249532248231,5.148909759110141,3.7218846116517783,11.488890954727577,5.109706295333115,2.954945454546103,1.5041851408879503,9.384861301385435,3.644109699827477,2.6341412938848796,8.131192995625263,5.540712035474365,3.6873375261576378,2.1627914207855072,13.93716339113142,4.371892690000663,2.635624944676333,6.779433644799569,2.7856397197886857,1.8546275584126113,1.0179243996866332,6.945379893454432,2.2312157682877665,1.2943328486510175,3.5156756836430234,2.7550723156856787,1.8342909437240884,1.144867021098874,6.991783497676988,2.1406769217128963,1.3412920960253156,3.263757961156546,8.326351755263051,5.541442010726044,3.18071582047214,20.882543284585854,6.603108458288429,3.9299577933273504,10.295109328442592,5.363734912899674,4.058830691245235,2.3099413144452208,15.635859204647966,3.662927594023346,2.638981166545401,6.3580365170791255,2.5082593081972235,1.6180974641615367,0.7160858042585652,5.3758495507096695,1.9160362727157567,1.2714724906806487,2.890394117517971,5.653450127807208,3.765448644631482,2.1632846724458243,13.285683718529949,3.442941878913939,2.5476995408404357,7.467282651369524,2.4333058136297994,1.3914584678782473,0.8618679429888348,5.391771990634183,2.088373793405156,1.2515639453431335,3.4756854454195323,2.767164150794601,2.4022472670837827,0.14007546950660515,7.815263655478118,2.4336193157877792,0.7611972228357762,4.1307521633846065,0.45642722454359547,0.46890553468642293,0.01603978073772739,1.5842246956936454,0.45029730085098496,0.11366837875581576,0.5498377798043393,0.6276013778578027,0.41361051934587856,0.0373620829631684,1.1116588762626065,0.7499589704438758,0.13479556706592977,0.978458097455329,0.11085756628028193,0.0790202497607946,0.003628049481323708,0.22920629792755434,0.12780633977159483,0.01809551848467451,0.14639250656018288,7617.9646392098575,13845.975500864624,526.3129491154182,46036.36426850524,1892.0894080913374,922.1275921484488,5495.917561594909,19.092174568770904,31.856541711552886,0.6186155370698767,104.33362855696177,3.4298666295403573,2.5693299816780115,21.897591332744142,-0.8660254037844386,0.5000000000000001,-0.7818314824680299,0.6234898018587334
user_03_direct_s105,user_03,direct,2026-01-12T20:35:08.347055245,2026-01-12T20:54:30.295336328,1161.948281,19,75.3435364553781,1086.604744635,0.06484241827918165,1.4129403841365986,87030.28161560264,217.82855501857588,74.90030583865776,0.18746837409244027,0.3684210526315789,0.0,0.5861427472560967,60.3669302575,231.36134009302742,3.9903516239999997,0.73956609475,5.723947315249999,20,0,0,0,3.965449287125163,3.335342862777387,0.2,11.307884985828117,4.3065213159706355,0.21086403952973268,5.571784810733302,2682.2177610157996,1013.5030063705166,998.8490984057626,4685.762058382472,2646.6959266704744,1813.0305346932475,3252.874513086106,1898.3233766474973,717.3006149087,706.929400291808,3316.319719494597,1873.18301351248,1283.161381080583,2302.202236985271,6.71333710843107,3.613891449385596,1.980887386667778,15.949188547433542,5.423255309566963,3.9199359742442557,8.678483486990825,4.751323682020292,2.5577097873056593,1.401961051511903,11.287941604966983,3.838276101706114,2.7743109463458353,6.142144130372464,6.769960102572771,4.456750902404388,2.317477465467065,20.747582053940427,6.030885340039811,3.254150198490014,7.827017098775661,3.3505512729075955,2.2292822140934496,1.0889356937264572,10.296558116507864,2.9982278379527263,1.5929824474779863,3.933384400334771,3.419408829665176,2.229956026354064,1.168836604402471,10.451023937432563,3.0326575020870847,1.7163321585827587,3.8936326984408898,10.120511375480366,6.685203939509896,3.465357106090619,31.04414017044829,9.029113177992537,4.84410102547368,11.760401499110431,6.795438387406639,5.13009605485564,1.9334921339768658,22.36605011690897,5.993149969316668,2.970023609915299,7.010802126604306,3.3709310366311662,2.1490101343485555,1.2922477669525345,9.899568667688966,3.1481643274966387,1.4928396763406524,4.565293163795115,7.036072830392922,4.73898179083903,1.9342388619801834,21.61152974452365,5.601187144389121,3.2404125423165047,8.449677981781614,3.450858878152561,2.419835431599455,0.8097974910715401,10.197701556453085,2.9525241017149217,1.6194863236044292,4.04886148135587,2.909850637529255,2.737577744033145,0.12838513036557495,9.877185867815054,2.751636130208376,0.1716595185813227,3.8227061337144996,0.4751454063769477,0.47309783823447854,0.009282785595237528,1.940059638225616,0.34705998717815223,0.031144170920269595,0.7049391543703486,1.0555986495959069,0.8593781693723164,0.037488416933813745,2.7970078718067306,0.9364363654251253,0.07027462996874072,1.7724582099783386,0.1685687095387171,0.13743595112435483,0.004076124705097247,0.41761939298876444,0.19341487913203964,0.015033969102579196,0.2656710608703459,9491.73662791581,13168.173640683346,291.88477994112867,40010.40888938534,1100.2927438763,629.9449247184516,21870.601103938625,23.72169324845149,34.45186760698558,0.4599112500299627,109.36270817866352,1.783860664419096,1.4141346264322974,41.74119547737288,-0.8660254037844386,0.5000000000000001,0.0,1.0
user_03_direct_s107,user_03,direct,2026-01-13T20:31:03.179878310,2026-01-13T20:31:47.058750307,43.878871,8,21.14228942425093,22.736582575000003,0.4818330313068203,1.4129403841365986,36149.950139895336,103.36440263752849,823.8578002587017,2.355675984405535,0.5,0.0,-0.4863773198649105,3.2480832250000007,1.1223860785752222,2.947221535,2.448725922,4.0669996045,20,1,0,0,2.642786178031366,2.647415916971467,0.2,6.612280393498966,1.7804319379982692,0.2,4.567222613895785,2646.031206001972,962.6941089915045,765.0865517765948,3689.1126569672083,2873.722515841004,2175.0196723927916,3477.355528416115,1872.7125614849451,681.3409254911879,541.4853735984863,2610.947141426285,2033.859707107913,1539.3570010541348,2461.077316111261,7.565859258732708,5.145283964473206,1.497819322837266,15.628612206276925,5.3825679134680335,3.6354464537539783,12.664699704622647,5.354691070958353,3.6415435656312716,1.0600725548321943,11.061055640947695,3.8094798435230124,2.5729652111086634,8.96336451757774,5.652212756332471,1.0368944613481539,4.104211283605258,7.321137224399486,5.530292151738187,5.116832151235977,6.298991298305008,2.844602661754461,0.48399320263142465,2.120744932613739,3.617835603527447,2.8504489806181574,2.560108499719226,3.087053854030315,2.807610094578009,0.5687160071482328,1.8563626416108296,3.703301620872039,2.7692350566563313,2.4544117505574703,3.2119374442746933,8.49681541808693,1.5150449470392533,6.352059925599686,10.938972827926932,8.349797033492766,7.691580871905397,9.386045152335322,5.015484721705775,0.6211517404906732,4.178254885161517,6.170116258848138,5.0507998772711655,4.449961239611303,5.36067551525941,3.0932818989633235,0.5019137965886471,2.260433939220698,3.6841107227027803,3.1938237967488665,2.7665002969786614,3.533385789642319,5.025466012347381,1.1796167308480532,3.3092010845572046,7.089603168309929,5.1552858259756835,3.964858159895215,5.7288743750287905,2.8629671766015368,0.9220988132002444,1.8247964808006307,4.622671979418112,2.7444112706180155,2.0184987302890027,3.295745278368617,1.9923116828252,2.154490776842149,0.15352281576497567,5.470007815030676,1.1319127138649305,0.1629017778400141,3.1054182437321973,0.18557535569691436,0.1840963013256699,0.0080308486082559,0.4768332468474188,0.10191779053015529,0.02109666132800926,0.3762504939555816,0.6504744952061661,0.6327089353505979,0.025907474014468246,1.6041646485088172,0.49787093677295785,0.04365294236841134,1.2369497142912491,0.0848728260325443,0.09124388697789297,0.005967400866414178,0.2599469222083346,0.050671886751464536,0.006966972960281746,0.12885188593970784,9300.250948240255,10065.909118476904,822.0555231859814,29630.541783937715,4205.5213366651205,1064.2915121340425,15402.699738485644,23.551844300884866,32.44913143230025,1.1497531245856014,105.05105796006029,10.373111111993735,3.359858006447009,24.89404725107494,-0.8660254037844386,0.5000000000000001,0.7818314824680298,0.6234898018587336
user_03_direct_s110,user_03,direct,2026-01-15T07:37:00,2026-01-15T07:38:53.549875924,113.549875,21,59.820122471668505,53.729753457,0.5268180389601353,1.4129403841365986,101163.00774328616,231.9274845404101,890.9125416763881,2.0425164232053103,0.42857142857142855,0.0,-0.018444052686001106,2.6864876728500002,2.589182926364108,2.4586218659999997,0.7332745820000001,3.83301852025,7,3,0,0,2.848577260555643,2.5681922773230625,0.2,8.97111874930321,2.112572994386316,0.2,4.189834233120225,2820.8479966506457,1769.461841722464,1126.2275268483086,8282.72786889379,2361.239845176136,1725.3559022362567,2591.858018820329,1996.4380863629808,1252.3259024857755,797.0807116087274,5862.050488389921,1671.1532005782483,1221.1101909232818,1834.3718163340122,6.467108824939605,6.2030683299844664,1.4444892210567655,30.49793437040381,4.658755173187304,3.4897620822099746,6.3670331749925,4.577057105556115,4.390184044300607,1.0223284982681313,21.584728352881,3.2972057600534335,2.469857979423847,4.506229170371675,4.968131702793359,2.5885057661853725,2.2511616427961036,13.7823610715703,4.580226689709464,2.7358124869157505,6.337305589589635,2.4953946117100987,1.2960045657568209,1.028033524271301,6.881973661313242,2.2899728840865006,1.4520973925171314,3.141739208128231,2.47273709108326,1.2978906779845831,1.158151524678391,6.900387410257058,2.2902538056229638,1.3397494927555147,3.1299663403504714,7.463526314503458,3.8827129252721755,3.279195167067405,20.664334732883543,6.870199573795965,4.147603909333186,9.512469973814174,4.820297967472492,2.990019529011838,1.773197343190988,15.541415250206185,4.455059346264446,2.966446781496839,5.438619662628866,2.47714548171367,1.2957801573260992,0.7529936122486943,6.072838432535288,2.0822510414617095,1.3366896198064606,3.480147136828383,4.483408073957501,2.322723075022215,1.8859420483418767,11.254988595760565,3.8278378676166445,2.7778425665529043,5.784359713565685,2.574444400456837,1.4457221789631733,1.0810116079829653,6.959555475710117,2.2327318400108616,1.5780642305727246,2.9074279757018187,2.1454315478520947,2.021152446991535,0.11403687607752332,7.262827183387397,1.4204997617593151,0.1821231126736651,3.6533857669675887,0.3560014639040543,0.34475892017067766,0.02316738238698076,0.9866661424595679,0.18279560572356013,0.039754508051069004,0.662401583955724,0.7031457127035482,0.7324543898031125,0.01787688732633491,2.714418726290994,0.4888245902479569,0.0859631239224767,0.8945147037718042,0.10833530748947728,0.10341227399250119,0.0032070511889648484,0.3406268288366445,0.06350057905789548,0.01818656887219767,0.2135712835655279,10002.29132792567,17517.773514101784,239.64318545090535,70723.89178641855,1791.5365423041346,1107.19891831911,13407.957331185216,25.337976192711917,55.78343410876393,0.30736417822449896,260.41331361642403,3.6049469843916038,1.6164137835955632,28.77313433132619,0.9659258262890683,-0.25881904510252063,0.43388373911755823,-0.900968867902419
user_03_direct_s112,user_03,direct,2026-01-17T20:20:00,2026-01-17T20:21:46.066136827,106.066136,14,61.90838980248455,44.157747029,0.583677242682665,1.4129403841365984,67657.53222706568,141.73179445373384,637.8806165529182,1.336258675942846,0.14285714285714285,0.0,0.01373110739618671,3.3967497714615384,3.4913307447836828,1.838791067,0.219289206,5.658664222,20,5,0,0,4.422027843034611,2.969624586441123,0.2,10.967601235297927,3.814679818393546,2.7881695677476013,4.90146802374972,2829.8626913904336,1082.4853504798832,1134.1713513289308,5433.016123817261,2561.163827889255,2030.2735824910842,3525.058373791824,2002.8181819714002,766.122451189867,802.7029052764924,3845.1842588795416,1812.6481885888618,1436.9138325193517,2494.8387160339194,5.925530588515989,3.767930326385185,1.3256930468455843,14.038382587495855,4.425546760001583,3.643112192571917,7.393642536903989,4.198169015322142,2.661387502930052,1.0,9.935580258804938,3.132153917948838,2.5783905913327714,5.232805729041427,5.624983698460072,3.4564285146050917,2.3877385362328085,14.254826003901856,4.061560596973683,2.7166918764419576,7.693733197112333,2.8126128048872188,1.716226480265476,1.1478833739012502,7.144390848222238,2.0686561860551116,1.3694399853697972,3.7333169851075323,2.8123708935728544,1.743718238115613,1.1816055702128483,7.110435155679618,1.9929044109185716,1.4656024717972402,3.9604162120048,8.43759650334729,5.171470731072754,3.5814429361093385,21.399216852124095,6.130216783028795,4.043648608532884,11.427050182219865,5.516299193956096,3.0465060307378655,1.8624995712364936,10.054641579010642,4.375356038588162,2.893167605411205,8.891971080084256,2.9425759689318425,2.015276878862954,0.9647274550816081,8.69000726766056,2.3061615280764247,1.4435018963133426,4.120453422717784,5.245761539586135,3.287544226559942,1.9900044995706392,13.76672321738084,4.024237161502203,2.6725258109149648,7.192122323220537,2.520427592481294,1.3003812684026141,1.007298581443692,6.149479008913716,2.374509493607448,1.5870076143492837,3.1396179233834363,3.232464326148564,2.354979800968183,0.11906060664586318,9.22808980694512,2.890654104212166,2.114455932820678,3.175361410155603,0.5277400490170775,0.41359205687625694,0.009873821484529732,1.7291298778868236,0.48517427477376424,0.26194435266786875,0.6283933247809512,1.189563516886047,1.0774289572301137,0.08093939335413683,3.4902864803692504,0.8200351752670274,0.3643479095854335,1.6219838540321387,0.19021813446635824,0.18056797687966702,0.015215598918527359,0.735292338224667,0.12541210424498728,0.07032185361223145,0.26469476855883384,4614.18981261534,11640.225479954592,381.9105104033592,46391.00191348401,1222.6108081767673,657.4159557179742,1823.1428721204393,9.097276676489352,22.362639625524704,0.45425177582698073,89.24432366440631,2.4018477337992157,0.9120470516061799,4.985910832299555,-0.8660254037844386,0.5000000000000001,-0.9749279121818236,-0.2225209339563146
user_03_direct_s114,user_03,direct,2026-01-18T07:17:07.892436105,2026-01-18T07:18:25.113653178,77.221217,14,51.708602713363796,25.512614366,0.6696165214977614,1.4129403841365986,62338.378406741365,130.1613359136646,807.2700849397565,1.6855644208982696,0.21428571428571427,0.0,0.09095272316110152,1.9625087973846154,2.3552177882094836,0.934917374,0.0,2.784200402,7,6,0,0,3.6934716223831283,2.2217229233285183,0.2,7.995166499088577,3.5228829819228573,2.1740388466560705,4.602408142480501,2607.3822897200776,831.3049151385537,1397.8706309788824,4323.581024661928,2562.9469640639245,2060.1946711803976,3062.806223124844,1845.359025047163,588.3510192445499,989.3344734661789,3059.988286274318,1813.9101924176775,1458.0903018348608,2167.682555832973,5.444164104706545,2.1648697400681334,1.8582000262537788,8.679984431411981,5.29932281583725,4.737797832774563,7.434970835495506,3.8530741748409265,1.532173447920108,1.315129815182729,6.1432064146967065,3.750563629813364,3.3531477236880565,5.262055582082306,4.763197845342279,2.786865083863963,2.2801096906298612,10.571635870205494,3.8682839387960417,2.437105823617914,5.562739311586029,2.396743521458435,1.427405994591489,1.0822111615175405,5.425720667288409,1.899738530485838,1.2681690490245847,2.764188748429145,2.3664543238838442,1.3620389718296835,1.0217626062537315,5.145915202917085,1.9685454083102036,1.2367614776073692,2.806737431119722,7.159941366800714,4.213437975967934,3.362320852147402,15.997356537493904,5.768022469281879,3.637450169628459,8.326928060015174,4.0734001378954225,2.412402918600898,1.713840014867147,10.318671340293136,3.2411974555275425,2.2924922442483737,4.772970046030242,2.3759864823816947,1.545532584340436,0.9475343554786375,6.493505642469904,1.6186729411243146,1.4374404901247004,2.787762728714408,4.457710344254739,2.0743233610646943,1.8081432848680041,8.867422712111814,3.9675790383321052,2.7140460371930013,5.438444834701337,2.22896936249525,1.2667394558439273,0.974117056039685,4.999990771582693,1.6574685171914454,1.2721365696806282,2.8649867911709492,2.750957117514729,1.6856098198080003,0.14063827168947413,6.429746027102078,2.663188563416552,1.3755043165262861,3.3259905631298348,0.42312353544148407,0.3064275553003487,0.013720125034882426,1.2114079049158915,0.36365732200413003,0.2446912752941492,0.5544314143931593,0.9425145048683996,0.8458002454439962,0.059361728310525885,3.4988079099858256,0.8027683706062757,0.5369787062338921,1.0295977658098023,0.13419571852173598,0.11440245221568796,0.006418880156706176,0.48748076403886026,0.11684113116126409,0.07802538155547623,0.15786163354043642,3742.4295703618764,8230.734474116787,306.63869118979517,33261.75769849525,1433.6673103593116,929.3191191173361,2244.303778224883,7.71943347598099,17.290612121113195,0.3969060358903416,69.82132107250779,2.762201567130803,2.452511064413324,3.7660373811073136,0.9659258262890683,-0.25881904510252063,-0.7818314824680299,0.6234898018587334
user_03_direct_s117,user_03,direct,2026-01-21T07:38:01.985152343,2026-01-21T07:39:06.773094756,64.787942,8,28.836536627160093,35.951405788,0.44509110394585605,1.4129403841365982,49339.75536198207,89.96055606679109,761.5576886511084,1.3885385658150877,0.25,0.0,-0.3098576331777135,5.135915112571429,2.706028901010724,5.40916868,3.919820154,7.0552734465,7,2,0,0,3.6045670783950117,2.682218202545279,0.2,9.115962688650338,3.7717764366175848,1.8662640404291435,4.506784551411733,3611.4719903922296,1816.3805886785049,1981.214365651074,6544.081092996475,2518.561921618449,2159.8808708135975,5115.26143240184,2555.9974298555294,1285.532361500472,1402.1924689071218,4631.533762123551,1782.49694742603,1528.6426059181751,3620.2953003764615,6.5847515070101945,2.653621062718775,2.546922894585359,12.329378132042935,6.411769113822556,5.488788835133144,7.298357268160022,4.660318001338691,1.8780842366115227,1.802569254287186,8.72604270531698,4.537890760154454,3.8846570575496457,5.165368157142601,7.187351244799881,2.7472163457536443,2.3808922870293987,11.064991098098794,7.407162497211519,5.345539098417955,9.095270609542418,3.641930992709856,1.4000085168125347,1.143643664610712,5.643563132231628,3.7743514339446547,2.7448085263276694,4.632455835259747,3.5454202520900258,1.3499900175683064,1.2372486224186867,5.421427965867166,3.632811063266864,2.6007305720902854,4.462814774282672,10.829282237509737,4.146320048852139,3.524535951640111,16.70855423033042,11.181513931156173,8.090347624745624,13.727726444802165,7.117381341409031,3.2965441912774924,2.165479015065796,13.045906879324644,6.334991126354442,4.970346873174488,9.307495240986942,3.819159723384904,1.5837699393438873,1.2469257718547613,5.7352512394502275,4.545930182008142,2.2037319826978403,4.962633673428175,7.206991870602073,2.849817909737013,2.1229854627932476,12.017105618910884,6.838827610212472,5.544529319732956,9.211049831691833,3.5900091669117646,1.5251347597868303,0.9084559963247948,5.591018523261144,3.5229998098814095,2.666330261036458,4.8781360024542595,2.9538872551057573,2.4461738642306865,0.11059275215483662,8.336921712480702,2.765018541686823,1.591138971206067,3.380092188336631,0.46649015293971935,0.3393644458867711,0.024677800018941813,1.1257858234512723,0.5016328122980289,0.21594502152279219,0.6203654800257348,0.6506798232892543,0.4295043488715156,0.04719927249595346,1.2907972435787172,0.7067093488669465,0.2856770630603789,0.9489300313123279,0.10278304980877007,0.08559693206978439,0.007609591673914732,0.23276849479072054,0.07038304343895063,0.03216887940052465,0.19408216769880193,5818.945205452119,6899.537929196538,504.4966995846457,18327.29398776987,2906.8750706329783,876.5366472289055,6726.271818933721,17.237753688671,25.050237091903803,0.8121972624686062,64.5309121122416,3.7252413134850286,2.0577592639251376,18.201816023287897,0.9659258262890683,-0.25881904510252063,0.9749279121818236,-0.22252093395631434
user_03_direct_s119,user_03,direct,2026-01-23T07:09:00.505245259,2026-01-23T07:52:17.579436736,2597.074191,32,129.08764295033603,2467.9865485410005,0.049705027063794045,1.4129403841365984,155099.18582904447,310.45900131991425,59.720737423109085,0.11954182995456607,0.1875,0.0,0.6823346499408158,79.6124693077742,421.6223634679226,1.271110068,0.07140474699999999,4.152107781,7,4,0,0,4.033988842198001,2.41950885061332,0.2,8.492594393366058,4.037752491089868,2.127303204299084,5.898228360755811,2838.159417516272,1332.1078068544457,956.3298339699842,6314.627501158438,2508.4470832315487,1796.067671583108,3624.88120098849,2008.6901396413678,942.791232956692,676.8366483872325,4469.139372088298,1775.3382318139193,1271.15601744275,2565.4877174478497,5.68108809623298,3.8578989400079022,1.6208301003805567,18.658502483928498,4.297642751106297,3.4427976371363433,7.003904915703002,4.0207556950143415,2.7304046110659774,1.1471326876759862,13.205442135713387,3.0416306302494456,2.436619177843178,4.956971287916623,4.997290987097377,3.5134150001234095,2.0231803931801746,14.876902121012051,3.6313034064830942,2.671307464785264,5.4706482200620234,2.460335867501329,1.7600150210681407,0.958447327982819,7.305984086548198,1.7893180250205163,1.2521767121374094,2.5634557176553048,2.5369551195960476,1.7576497394194361,1.0647330651973557,7.570918034463853,1.8931322193769675,1.3417229821991992,2.9071925024067187,7.457626854598706,5.272015086138707,2.981627721162994,22.18288620756025,5.443483521080564,3.9093004618334355,8.034103937717328,5.0404069422584845,3.7546507902323403,1.481522402937559,15.652475308425162,3.376852741109162,2.838453992949458,5.412474995370447,2.4050961369018413,1.9359462543204016,0.8623163381238316,8.617530328969277,1.5561746785482238,1.164467656001443,2.588223429178126,4.883512771179372,3.577222016069759,1.5364933282900244,16.329838674209515,3.7371451351093237,2.3872639587834525,5.132443220152609,2.3413591114641763,1.7413735771773107,0.9009617937894092,7.436007567476558,1.571644324114308,1.2183961403345513,2.605217735339986,3.0913747246102883,1.846330831239175,0.12858692675215463,6.942414169603373,3.0153635437664503,1.763810476743198,4.296353697152768,0.394149891544738,0.2688156644148759,0.007181752717155735,1.0578404099194652,0.36374220779033084,0.17168777702764854,0.580852152888363,0.9426141175877125,0.9358878920472148,0.011302643078154873,3.6945462587299662,0.5914593085153073,0.34237655051086235,1.3485234218778555,0.1427890761281502,0.16398541680778392,0.0032069488222336313,0.623185349770818,0.07153335754295297,0.03903676828549105,0.1903137917588899,4057.069769110816,8348.494243943174,243.2436266606991,42031.32720061798,1201.3814062184204,906.8516016437745,2032.3693184137426,8.025763586026693,16.327085574881483,0.5130936890445281,75.0941854825784,2.3033536035736795,1.3656920533384502,3.5394872645535553,0.9659258262890683,-0.25881904510252063,-0.433883739117558,-0.9009688679024191
user_03_direct_s120,user_03,direct,2026-01-23T20:23:01.030344427,2026-01-23T20:47:06.915272565,1445.884928,24,88.05235288126165,1357.832575267,0.060898589629161455,1.4129403841365986,114315.93559306953,285.0385161439664,79.06295541180822,0.19713776015235313,0.2916666666666667,0.0,0.6355365395977639,59.036198924652176,264.92603783563936,1.175242153,0.211452043,3.0904892985,20,4,0,0,3.6688480367192358,2.8402253192746922,0.2,10.136426033774432,2.8743601985455003,1.6475787699017959,5.169956014896249,2789.1558333368266,1040.3503031797457,1001.7004749169477,4925.695061177023,2663.004474970987,1975.9156849771475,3294.078114772823,1974.0081497077372,736.3016266361935,708.94744474945,3486.130849170224,1884.7252898063787,1398.442359749357,2331.3638365469506,6.954558311613166,4.251938360581806,1.5051196024862514,21.09111319146691,5.99291301856251,4.248292420634915,8.615995322313827,4.922046527718767,3.009283624644946,1.0652392835427238,14.92710763190125,4.241447895358007,3.0067032327276193,6.097918510255322,4.904221150916233,4.079742567501907,2.246601387632527,21.71870629890461,3.5376636382740005,2.738960450435101,5.044913682965742,2.4434198205809103,2.030618475405655,1.0022091230409753,10.882185972820972,1.691976372307431,1.4954901936285654,2.5176539157526183,2.4608013303353222,2.0543884937325307,1.0224623702560867,10.836520326083638,1.914318143873904,1.3524209985220554,2.5272597672131236,7.3476409714971425,6.1085930897638825,3.296507337484651,32.600892271725584,5.17575554930825,4.2489224711919755,7.56256759871836,4.286205742524296,3.2401403442580365,1.931488385530285,15.373258597137548,3.2795072226549444,2.5181065305378096,4.429595072613303,2.469313673206216,1.7892297855463717,0.7116423674073596,9.356991405789703,2.0351633020403455,1.5039379092696659,2.5069629075183166,4.5682889617358375,3.851710025920899,1.8782106356549964,20.63283183016434,3.339679643890513,2.4842892180345335,4.950961938213606,2.5712607853716913,2.2903833766191726,1.0082354824479607,12.09997052295848,1.8841352067532693,1.4623293029744273,2.4425001189689857,2.71768299966057,2.267852332838757,0.11025264994396228,8.791160738868012,1.9886291449012272,1.1653893345707353,3.8340629053573823,0.3618293325458621,0.3096984462547293,0.007082817981783874,1.23988493763705,0.30008046134305244,0.14451418660866375,0.4831677304060673,0.9511650370586654,0.8525748487035819,0.011524929333205008,2.7718466734886995,0.7468961640130449,0.2637852939655964,1.2921298551677243,0.1362584734394161,0.1555401594711432,0.008823659139264903,0.6628541856525221,0.08615986531711071,0.02067257517541338,0.17982304654980572,6501.338864988121,11151.793272556615,350.81884315014076,42059.12955173623,1147.2279733249852,853.101399900155,3651.9551491254483,18.05089695731344,39.06043858855491,0.6544121137305601,180.0911041168408,3.5157514353985664,1.6952702098038563,7.507208640046642,-0.8660254037844386,0.5000000000000001,-0.433883739117558,-0.9009688679024191
user_03_direct_s121,user_03,direct,2026-01-25T07:34:07.797471194,2026-01-25T07:36:18.426953312,130.629482,22,76.7674897746998,53.861992354,0.5876735373925758,1.4129403841365984,91248.34943945592,181.5834937523045,698.5279895656015,1.390065174967964,0.4090909090909091,0.0,0.03349028623433129,2.564856778761905,2.742605199594905,1.776260036,0.206659466,3.907315305,7,6,0,0,3.4894313533954455,2.686292495914503,0.2,9.118697763842897,3.217892040461683,0.7196235790727872,5.723044171801028,2428.73193138942,1014.5477703009286,770.7194464888245,4220.01333700495,2334.092681416606,1697.2902904293855,3000.6314829530243,1718.9203158585763,718.0400402532804,545.4720207178351,2986.6888825487576,1651.9399598326959,1201.2469241344136,2123.6787600112457,4.824994748111,2.478780850679033,1.1711357590313436,10.658710814014713,4.396415947909643,3.0834618687532807,6.621318995543313,3.4288004224482957,1.7343677048429282,1.0,7.543638028668775,3.1115367621091448,2.182301463934363,4.686198419892559,5.190481648258722,2.869706796281854,2.2384061861841293,11.490984959261086,4.017644265258905,2.8815441732818496,7.0477889674930845,2.617396917624019,1.4418181026807129,1.073073131258957,5.721983089442214,2.106747931162706,1.3904353721924259,3.5027050898406884,2.573084730634703,1.4335498274156555,0.9911101395641588,5.769001869818871,1.9933012508609003,1.425689691763542,3.545083877652396,7.80787856588274,4.309645921419147,3.3474044756793986,17.2129680487033,6.120900810407477,4.317193214749856,10.550494057333774,5.225624511776029,3.086915001572055,1.7102966789105178,11.198240182193453,4.299437608675996,2.6781819247522227,6.224059968292162,2.679846169466345,1.7682087914123246,0.8990967682976554,7.11224167135013,2.061038916925328,1.3317308931553586,3.386224453351282,5.003052938539419,3.1295964868604202,1.6928091772111151,12.894804298087118,3.741815188537593,2.755474232313757,7.176195680715625,2.6022498246836756,1.7203232626286382,0.9394163959242356,6.616462487213873,1.8866912243251344,1.2280118223857115,3.447691998959127,2.8174489046815188,2.3861970901955685,0.12835448845408837,8.367175390552408,2.2143161913634213,0.5198416269720182,4.5852851897569105,0.38885614670949803,0.3717148636676292,0.01242287860255392,1.228999494075149,0.2790513575542906,0.04873300408408862,0.5673801487834593,0.6719824487139267,0.576506056819746,0.011823302948128778,1.7643741971561275,0.5043027362071721,0.1153812224147908,1.1520976847983275,0.11219842525560093,0.10882397572541413,0.0040383368525625,0.33095868743187357,0.06298919661124419,0.014925028328808009,0.20421014314777197,5768.688178253232,9144.047953573829,373.851790413516,35818.37747640321,1077.3338349515352,745.8471910083391,5967.117365114971,11.116310908434217,17.72334768658206,0.5286418599897781,61.59117691972872,2.5054152573260717,1.166136233342623,9.509003186300621,0.9659258262890683,-0.25881904510252063,-0.7818314824680299,0.6234898018587334
user_03_direct_s124,user_03,direct,2026-01-30T07:43:00,2026-01-30T07:44:07.140408154,67.140408,10,34.17545387115961,32.964954287,0.5090146886083804,1.4129403841365986,38568.97769068662,79.18980488990675,574.4525367002033,1.179465648911558,0.2,0.0,-0.04353870782769805,3.662772698555555,3.3571349887792725,2.433647528,1.020547678,7.012044038,7,4,0,0,3.417545387115961,1.962212268484753,0.2,5.888390876086168,3.377328981264142,2.868720551841894,5.223469487497876,2258.4754481422615,995.4570956002589,1133.0874156298946,3950.535726080147,1872.7820592966987,1557.1582877587396,2929.2951813548743,1598.4223209264003,704.5287308484358,801.935756349895,2795.9677353933016,1325.4501607589723,1102.0693478941562,2073.190924573135,4.637100612864247,2.717591224942436,1.6243395939265746,9.753667685864079,3.6728920675953187,2.579608793423307,6.851379281236371,3.2818798761264274,1.92335873151723,1.149616510479425,6.90309923572906,2.5994671175314323,1.8257025012414956,4.8490221938295175,5.769372080070328,3.355898157541225,2.3850580681275937,12.485384159368541,4.618591759159061,3.069376867762892,8.45914139962462,2.9511996216512957,1.6304683899802432,1.2578219587415738,6.27807538209686,2.3637722959472525,1.6423707540560635,4.243055194520372,2.818172458419032,1.7293504558321817,1.12723610938602,6.207308777271681,2.254819463211809,1.4270061137068282,4.15382998229173,8.720571701721623,4.985008147429625,3.6428800268691672,18.7634595414654,6.982364055106315,4.7117476218189545,12.764452816957512,5.578862063470503,3.404196612626463,2.711719591638359,13.275406564230014,3.8510856666645825,3.2221392678475214,6.46813379061401,3.1671196216801905,2.01364229923519,1.2201580654705189,7.553687424567977,2.6444763722160283,1.6147758762290156,3.3837388410179616,5.740241848150592,3.3179440835416987,1.9867649971971706,11.102904925798896,4.591017654255364,3.145631169993645,8.651122597965056,2.401362452861077,1.1709755570530518,1.281853677694754,4.679866836042159,1.9950074690048707,1.4162105103746419,3.128829106848669,2.8084264265478263,1.7847953201410474,0.1422146836370384,5.584027767647398,2.594163646691462,1.9375119398561096,4.410287183060407,0.4716153166823088,0.3132730243769224,0.013475909993934172,0.9729606919240926,0.44887587920853,0.28013255677991333,0.6904985413820591,0.6091189605681345,0.37512487466818717,0.03142974505002355,1.0155420247308649,0.7333132495320689,0.3065771104133219,0.9526142404770213,0.0766755936268638,0.06021339231098109,0.009409350344327369,0.2171641200980665,0.06220706251467513,0.042952949290404885,0.0833946139603233,5714.925716262393,10466.422489059627,465.6408847419727,33732.51730736724,889.081886361872,704.7210446810027,1262.1655910208449,10.481256710223517,19.685917236859233,0.8704316906132821,65.51258007867877,2.07565280815447,1.152572111711769,2.7398457404717624,0.9659258262890683,-0.25881904510252063,-0.433883739117558,-0.9009688679024191
user_03_direct_s95,user_03,direct,2026-01-03T07:46:06.036321228,2026-01-03T07:48:14.616027873,128.579706,21,79.82377199583685,48.755934657999994,0.6208115921173195,1.4129403841365984,83191.02453758189,147.29189565442877,646.9996481216243,1.1455298836538699,0.2857142857142857,0.0,-0.01869011713615863,2.4377967329,2.3483432166135434,1.9398107005,1.06822404175,2.92565537175,7,5,0,0,3.801131999801755,2.4136923858251,0.2,7.4437005377455145,4.316491411627101,1.2627090526367042,5.66034930562714,2319.7138968194304,885.3597625383306,751.8088287272617,3855.9094586201227,2348.581886597078,1556.159505728208,3021.4300422593697,1641.76346211304,626.6080101315421,532.088145521205,2728.996567662224,1662.1946070514641,1101.3624659607462,2138.39881440268,4.107114428962259,2.0418202008643798,1.5592989971544962,8.70949733431086,3.1422180460968416,2.9296405206600094,5.874182816224888,2.9067853641057773,1.4450858817458665,1.1035844220047066,6.164093992991042,2.2238857926174633,2.073435336374943,4.1574173136925445,4.980076607081307,2.4309815449133283,2.1747473362609973,12.798400417973705,4.417920950680242,3.502233687304094,5.37945761924274,2.4574577073308395,1.2204240807248459,1.029811321615578,6.398013255919053,2.1278847037343596,1.6003584476696624,2.760008388516912,2.5226188997504684,1.219269094734788,1.0830637281346454,6.400387162054652,2.3027447592092942,1.7948839026061252,2.6620498896252003,7.4375343144121455,3.6485058985383536,3.204558657876575,19.196413673892756,6.533097142151189,5.094055078448863,8.139466007759651,4.64210319255025,2.590485027182685,2.005414680589201,14.024650149724863,4.148898405069414,2.963112538312902,4.813896868546636,2.5223518500442617,1.3257168798989385,1.1278415417895888,6.498116719524558,1.9406702395411957,1.6768068676759476,3.0310399745033396,4.866435168523644,2.5533965764960804,2.2876564312083136,14.108776584710212,4.3654626449325225,3.4141322891554315,5.339360604026579,2.25653527741535,1.0116831112432085,1.1659339136295463,5.232350854489293,1.8065729499913576,1.5537151052003169,2.8367442665725195,2.9294781173410467,1.9777936503702092,0.11107318798547075,6.412844954876908,3.1139718819962154,0.9832286654593648,4.500770688618688,0.4788377703282307,0.40090138095455397,0.02002293078457313,1.4954223846734886,0.3580536147434124,0.16188772959134082,0.7145312557335433,0.8716538824607069,0.7273677002785255,0.010498809864866454,2.387091325733157,0.850360488487441,0.27948038717733936,1.1435147611148337,0.11807036079725622,0.10028874700938063,0.00903471329910573,0.3579793154277873,0.08269248700539393,0.03010118354206012,0.1795276828353066,4807.342628677168,8361.061446362462,305.4365224869816,28353.30007109175,1003.4861339442504,634.5118121718566,2539.06769372065,11.131867722621529,21.40306714312543,0.45870549987849496,74.3679566365095,1.8189269289394971,0.8490838796800021,3.5790769638561852,0.9659258262890683,-0.25881904510252063,-0.9749279121818236,-0.2225209339563146
user_03_direct_s99,user_03,direct,2026-01-07T07:14:02.092134400,2026-01-07T07:15:18.395750288,76.303615,13,39.09228125014829,37.211334643,0.5123254153836393,1.4129403841365984,47385.1227122602,113.65014604993432,621.0075723445109,1.4894464181013485,0.38461538461538464,0.0,0.039060125028546416,3.1009445535833335,3.3530379157682533,1.8338723899999998,0.8326665685000001,3.91688901475,7,2,0,0,3.0070985577037144,2.021888875197395,0.2,5.769202644530851,3.2550874536855403,0.9696306481076595,5.101471072424607,2134.400448246777,848.267525449138,1089.251741436842,4308.110421185456,2026.2836036173173,1633.9656592193019,2514.02256036765,1510.6089911578538,600.3562039650292,770.9113234118847,3049.0390603549795,1434.0899491350535,1156.429299894181,1779.2842419914887,5.1192211560851115,2.342702723306785,2.3245740794482614,9.826040027406027,4.736051572355704,3.1957221855580573,6.665271557061792,3.6230977708329135,1.6580336648374125,1.645203226934965,6.95432032216306,3.3519118184520913,2.2617530232960665,4.717305579127262,5.4107989893085655,3.244773638793737,2.276721913309129,12.513739711711175,4.2250826149776195,3.246459654963708,5.878549120180212,2.7043118753800437,1.6555843114085642,1.086427433644805,6.25932154780943,2.1158297501539844,1.5268874391904925,3.1952274057566767,2.7064871139285214,1.5959164582860221,1.190294479664324,6.254418163901745,2.109252864823635,1.797689110664412,2.6833217144235353,8.115110864688608,4.898171231853541,3.363149346953934,18.773061259520603,6.340912365131604,4.695230199263004,9.07377652593689,4.370687359416517,2.3167706917476845,2.268405861863196,9.744307850144851,3.722469569274134,2.977561678396358,4.253876910656393,2.639793278714351,1.791098894655861,0.9843350747321059,7.593675308204624,1.8958875308112946,1.8158367796990096,3.1638293771830863,5.12433595493663,3.3683880010241194,2.0592998039881563,13.909113705337449,3.850699775436317,2.6883562202132216,6.430566430875996,3.0371247362558105,2.2745786177294187,0.8304973771385097,7.9062800197945515,1.8752260003959733,1.594668274560243,4.110273489449979,2.3503891968327024,1.696638755084787,0.12824028832313786,4.811220898714498,2.182668085013231,0.8471434342216343,4.402775660982138,0.39526439267507335,0.3474274710610338,0.01814328474821368,1.0702694249284328,0.26491228460764915,0.1287902418906334,0.5858404303644631,0.6567093608710113,0.5121588462411196,0.06596895936874153,1.7719139042912841,0.3949968384268545,0.30386305626439236,1.0722004050225413,0.11631285938077969,0.09619395272393325,0.010252264973366813,0.3335611042122573,0.07268867299287854,0.03443312505636905,0.19922348407653886,4137.945412057694,5796.071834608724,453.433940267385,17821.431147985633,1204.2457160257252,618.8555491686249,4650.953373275963,8.684438306112117,10.795007762724437,1.003842458474703,32.42470017471452,2.1891650033246255,1.6406797793848338,10.052026162015803,0.9659258262890683,-0.25881904510252063,0.9749279121818236,-0.22252093395631434
user_03_vpn_s100,user_03,vpn,2026-01-07T07:31:03.885242792,2026-01-07T07:44:17.161571797,793.276329,43,167.74142120071318,625.5349078269999,0.21145396007487974,1.4129403841365982,204739.1819669778,396.0674801877544,258.09314419487464,0.49928059833454885,0.20930232558139536,0.0,0.6613465816487506,14.893688281595235,73.06460461918738,3.2173669485,1.169039932,5.3299650815,7,2,1,0,3.9009632837375157,2.3361090479413495,0.2,9.20903521588947,3.3992949510073793,2.499375845276711,5.198524581205932,2788.109038097127,1466.3080377126366,831.6557828248002,8476.586759974694,2454.8678763591033,1857.3080929864282,3287.878277198481,1973.2672867163105,1037.7706336199378,588.5993437246099,5999.252944528482,1737.4178726296313,1314.498554814376,2326.975939050391,5.393590570201365,3.951603684286911,1.4920429220049802,25.769300898811508,4.503466831773246,2.7832640379930442,7.483757707542802,3.817281062071994,2.7967235763465044,1.0559843421254598,18.23806665031963,3.187301376855448,1.9698382672343289,5.296584195316831,6.685078977452972,3.3023620617974974,2.7043967093300023,16.198465959554557,6.351776725406172,4.070337647099891,8.155986611366147,3.334244383225064,1.6447835724029045,1.072515338933759,8.054845525484765,3.1588365523786157,2.0289364967516335,4.026894785292127,3.3508345942279076,1.6651564155871812,1.2386555691837222,8.143620434069792,3.1422744985927102,1.9572304376668956,4.14538610939802,10.019323360678037,4.944600134097863,3.7769120482637613,24.253311485039323,9.510613277784788,6.123482371751214,12.213423597701379,6.4488750375314,3.2428215966913116,2.4806420562982074,16.18898097424871,5.547781158426249,3.6431812038628744,8.483011608363913,3.098252051003074,1.5646707730489744,1.1034188362065853,7.425178594055631,2.8609461599633765,1.9246369525970546,3.7246034635414067,6.186734585671785,3.1246044552973626,2.394622380438937,15.941758520757299,5.981397938799373,3.3324506555740534,7.347530650100403,3.336133122997759,1.7449242807176473,1.012651502809304,10.187231648845682,2.8437792785855343,2.1918037171755778,4.486644959972253,2.8957037652310627,1.8759097436027132,0.12634435230844618,8.282040497423877,2.7597878160147324,1.7376369285123685,3.731643359515025,0.46098265418730566,0.30991731388693544,0.02516638074249504,1.3827330628935521,0.43343259519592536,0.24484752742608495,0.6101193062170431,1.005259518506453,0.8161463749370438,0.01473947267380571,4.045509793768737,0.8522182317927638,0.44857230993547836,1.42550322056332,0.16503308453746898,0.186806985981873,0.0026692199423867763,0.9901587377648933,0.11237224438486233,0.07040030025773653,0.2039569157131363,3232.5501127901775,5178.485717434492,347.87302378643074,20961.42874494367,1154.7798625818948,658.860211012739,2500.72473946118,6.243794437530414,10.570460173829371,0.43779731076663125,49.44387876980626,2.2624598098936777,1.287907241344712,4.831180324529241,0.9659258262890683,-0.25881904510252063,0.9749279121818236,-0.22252093395631434
user_03_vpn_s102,user_03,vpn,2026-01-10T07:44:00.297870307,2026-01-10T07:45:15.754064465,75.456194,11,25.202938690237488,50.253255472,0.3340075526501839,1.4129403841365984,54483.701315224665,100.93928063575274,722.0573743121031,1.3377202756310866,0.5454545454545454,0.0,-0.1140065113096116,5.0253255472,3.9967501699199874,3.3991395845000003,2.22911281925,9.0385893035,7,5,1,0,2.2911762445670445,2.0827310539823087,0.2,6.193418349871813,1.8560933303885736,0.5316249208697751,3.0882999089589207,2900.3550406655745,1245.7426716535128,1433.2284606751932,5614.593509332081,2459.893995479508,1915.2853941991716,3786.083351903507,2052.70871526394,881.6668315519522,1014.3587633040811,3973.694553831424,1740.9750779985443,1355.5316386328213,2679.5775635056666,5.373345501974095,2.0198284005220044,2.2707085552971233,8.785999876419515,5.225623949150838,3.9150566071617194,6.607352442389553,3.8029527376397905,1.4295213182375388,1.6070802284306418,6.218238203863322,3.6984037032419073,2.7708576038429835,4.676313676480476,7.413875674754244,3.9016470918996773,3.013790254326908,13.697392221488439,6.122656339411115,4.2084159657031615,11.617494189658313,3.724918946713281,1.969240994935611,1.4514381022551657,6.822625774754784,3.064107568100117,2.103579936513142,5.814553805476995,3.688956728040963,1.9352818980914668,1.4446825156089862,6.874766446733655,3.0340119356515336,2.1048360291900194,5.798052866466727,11.138794621467525,5.869940734508987,4.465228356582074,20.520017996243222,9.211300743170696,6.311995902216303,17.43204799513531,7.2525925352725755,4.0962204616992945,2.173234397939013,14.541382891049567,6.044918913012855,3.749574797958327,10.952006894354287,3.950996323293104,2.23989304001674,1.0801816669059932,7.724648728079826,3.1548542335548833,2.2589376323000794,5.908419966244674,7.303777553852433,4.059111945104676,2.4063316029589505,13.299332212736205,5.618675134466147,3.695561115387634,11.548459029168313,3.9538371900881315,2.316652820446641,1.7759073244724397,8.795580090363602,2.5289502553578354,2.1507925639317422,5.7472196521705,1.7545716836216785,1.4550032075050485,0.11933056769447069,4.486649062117058,1.3118966037012565,0.4635863647372847,2.655452950521089,0.22207687391743172,0.1887186215124295,0.013210484602161555,0.7013040062959351,0.20694418592339317,0.08074300602582174,0.3003549964519321,0.5366045609453658,0.6981093689319767,0.033114206326102374,2.200416559980487,0.25347629159158047,0.08141145496679061,0.5276500795309843,0.08237935415277807,0.11815371126987487,0.004277294543512085,0.4040417723502739,0.015127791193009884,0.0070615576205649375,0.09826865581676708,8286.440863546513,10042.613842268094,481.51605410314227,33793.7568135553,4443.449918343823,1172.474781921346,11235.618385097201,15.046946248569652,17.89779989957718,0.7722526407112478,51.175703005409815,5.715042722947689,2.6880116272645083,17.653280226830358,0.9659258262890683,-0.25881904510252063,-0.9749279121818236,-0.2225209339563146
user_03_vpn_s103,user_03,vpn,2026-01-11T07:49:07.954928263,2026-01-11T07:51:48.929109835,160.974181,20,85.3915172348529,75.582664344,0.5304671637674175,1.4129403841365984,87521.54017238862,166.40170679769935,543.6992418827006,1.0337167473937907,0.2,0.0,-0.06327475901789197,3.9780349654736837,3.504574645513507,2.446413983,1.5123115029999998,5.8966746665,7,6,1,0,4.269575861742645,2.6446696367948186,0.2,8.706442784117975,4.042348636792432,2.3540104856971307,6.636697196555826,2562.4901345345643,736.196022230277,1286.577878925776,4312.44292362038,2323.023147144755,2071.7968363723753,3094.5735056904155,1813.5868740848666,521.0382762752884,910.5677021978258,3052.105362715336,1644.105563989721,1466.3016639859025,2190.1656576837163,4.871974729865868,2.5160269321623416,1.5974982882850404,11.914099365510532,4.302306419983188,3.0010641348440394,5.818635777115046,3.448110610019099,1.7807028239905556,1.1306197389645842,8.43213167326295,3.0449313136535388,2.123984966766939,4.118104233159578,7.129899019291796,3.5318929090870275,2.878603637413757,14.59985123826108,5.470736211426023,4.516231201302844,9.1572678395335,3.5403125307173653,1.796421988981711,1.400912196319292,7.330614441199845,2.699160733284849,2.255073571402112,4.551762465369499,3.589586488574431,1.7385178016031684,1.4776914410944648,7.269236797061234,2.771575478141174,2.261157629900732,4.605505374164002,10.67021155000916,5.327321542860103,4.279515833733049,21.930465679460923,8.169896944710871,6.771304772704957,13.709030304903,6.739947825426659,3.243555510789679,2.7508037292406264,13.257508777064798,5.812294178367095,4.0186507930910205,9.517542234920434,3.4204027774611396,1.5338310675642342,1.3235614854515365,6.1639787684859915,2.980565027941301,2.138272980904806,4.686995453996273,6.762499550226687,3.385840777951283,3.3742428891533867,15.526385727605216,5.164443299780398,4.21599527589437,8.813315756581195,3.529001246300724,1.859139861158644,1.182745405556129,7.413636382894024,3.251050010265401,2.0550929250738332,4.2973953382461705,3.148701613583754,2.113991042186057,0.11685512362367985,7.748433807997557,2.9739434431620495,1.8830773134375958,4.383022876532988,0.478973287775907,0.3503392537654165,0.01627931343075638,1.3727826433365076,0.45450956316052454,0.20689212291435283,0.6958977257252461,1.120874248158891,0.8855663589498063,0.041472822840336654,2.8413629062602044,0.7781401757028892,0.40217410403324555,1.947364907182739,0.1882486625096588,0.17625923488932585,0.007598167354722231,0.63964734186773,0.13672157071330893,0.07193031370610126,0.22009698722356058,4079.7784719945057,6714.459693484388,333.6355114065388,20904.00892889797,986.7750511371335,650.2116721750167,2045.5632137686807,5.895592623750867,8.343106478601285,0.41426342479015843,28.212794532742908,2.359599184636035,1.0551379065941076,4.121213317263072,0.9659258262890683,-0.25881904510252063,-0.7818314824680299,0.6234898018587334
user_03_vpn_s106,user_03,vpn,2026-01-13T07:41:03.582627086,2026-01-13T07:42:03.901216051,60.318588,10,32.13219009381903,28.186398875000002,0.5327079290022344,1.4129403841365982,45156.8047663278,77.57952479683178,748.6382931630926,1.2861628126446158,0.3,0.0,-0.33176463380962,3.1318220972222224,1.571444557732254,2.692061058,2.246218927,4.228617783,7,1,1,0,3.213219009381903,1.9512060876307975,0.2,6.619542200182745,3.163721267605877,1.6312649873524068,4.826441883074185,2644.2374412721747,699.9818285375608,1949.0344763637493,4292.033236778403,2413.760488899892,2229.303661084604,2893.8416501885463,1871.443035360605,495.4079000051348,1379.417347147835,3037.660530455518,1708.3243681047886,1577.776165302868,2048.0989025994027,4.542807782911426,2.923575532191231,2.223332365955394,10.881973972331448,3.264130972281345,2.908787116665112,3.849573115255882,3.215144696771751,2.0691428775161893,1.57355001733778,7.701651176869056,2.310168927810743,2.058676465987329,2.7245120590195535,6.136853343457541,1.6214286218449692,3.7418497054540865,8.633861315623752,6.0847248744178435,5.1788931704302605,7.194987822552211,2.971529688922657,0.8248649003895794,1.7878854957863113,4.296528452401635,2.976950423452775,2.4850867680069744,3.5009830700043008,3.165323654534884,0.8001173256002185,1.9539642096677752,4.340496316426862,3.1072797828716694,2.6938064024232857,3.6942520865946094,9.108383032380198,2.4451335392039284,5.529735201240397,12.930389768025387,9.062169965964017,7.663979938437234,10.695723558509812,5.972246853544787,1.8408706903765046,3.7625320203957955,9.460878248062018,5.937310649481706,4.2079151153741154,7.083047111657817,3.0539846737669856,0.9913490839794625,1.333413357284641,4.862308254440469,2.940209541566515,2.38968037583643,3.6116057447508956,5.504302761295559,1.6887660434712795,3.16463569640829,8.20438477171084,5.344900759471955,4.012673400303197,6.818231043031186,3.0815028731626364,0.9645028780898321,1.6004924969635324,5.190321425473899,2.962767738149409,2.4890305894020055,3.6380180321299114,2.5536844281990096,1.6373035283763748,0.11627011771393686,5.778197658012453,2.5050603347582094,1.2826697067434698,3.651068388188198,0.36273788687524827,0.3233645471828786,0.017753517493988194,0.9937545728599665,0.19741596968010833,0.1569575916678122,0.5331026673064945,0.6595345811828933,0.5365985011759097,0.06372101731633328,1.4905742806467588,0.6023245294949455,0.13413640946149213,1.0470795519421046,0.08543670216953114,0.0791532234035512,0.008655766306130219,0.28113509680126186,0.07158131191914065,0.01870056570662766,0.10799926833402015,3496.470031481117,5203.453840699771,627.8743395820627,18765.715334591587,1970.074813320285,790.3012667614133,2625.563904700162,5.445514774098788,7.099838753192887,0.7445400819256657,25.421554272531893,3.024416308275362,1.010223588258758,5.2719598141499855,0.9659258262890683,-0.25881904510252063,0.7818314824680298,0.6234898018587336
user_03_vpn_s108,user_03,vpn,2026-01-14T07:46:03.779703610,2026-01-14T07:47:36.224366496,92.444662,13,61.12159617648467,31.323066715000003,0.6611695565124645,1.4129403841365986,42714.12915047019,97.406985785664,462.05079045526924,1.053678856932421,0.15384615384615385,0.0,0.020127593099018612,2.6102555595833334,2.7174902595661723,2.0494821450000003,0.47436136649999994,3.10980509875,7,2,1,0,4.701661244344975,2.60906388465911,0.2,8.400264263461677,5.41790749343285,2.1526888907846917,6.024053706206386,1924.0016947691824,603.9656731559287,1133.4763406049462,3221.582189786284,1900.8446936315697,1364.320919506531,2191.3507718410924,1361.7005475746782,427.45304751480523,802.2110156456292,2280.0552846784735,1345.3113202600641,965.589868351185,1550.9152377863097,4.387569393578805,2.777303607490684,1.5405678145524244,11.462856492191277,3.5336088346623034,2.838805449947889,5.527781982103363,3.105275666856888,1.9656198086430963,1.0903275409555335,8.112767262431847,2.5008902529327703,2.009147365182424,3.912254221172402,5.611781371573745,2.6741575088051293,2.8359593333103845,11.27761809608113,5.372645881900828,3.213449156041987,6.764149288786773,2.803766153965997,1.3269663577654314,1.3530037088955427,5.6249343132903915,2.7372468640787,1.818093850141194,3.406791500034753,2.808015217607747,1.3544573525752717,1.395355305900793,5.652683782790738,2.5884528941042926,1.5321180257932048,3.35735778875202,8.41554752553974,3.9986699630170786,4.198053000019291,16.90255240937152,8.156838869697363,5.031543006183181,10.170940788821525,5.364847812187128,3.0550870870043956,2.002054838671306,12.951070873467996,4.806931548489443,3.3856345920902022,5.411864596686229,2.7820996148816763,1.438340387996542,1.2421377782738119,5.745732455048947,2.1361685727933097,1.6755458544666149,3.228216124315807,5.300733814699042,3.0831413543014308,2.2643908012018072,13.409203270905987,4.5119406197079215,2.8021319092438746,6.828387222023426,3.050350886502445,1.5425100776270493,1.3769559156352564,6.401160297776484,2.7804396219474192,1.8301286820667784,3.2092564015836222,3.746542419628954,2.2591311720727454,0.12577556105955112,6.7373373948787485,4.258513273365634,1.281150827249675,5.578672107244122,0.6213658553413188,0.48881396714438496,0.017229029360019677,1.5582130731204544,0.4679500492527576,0.31249104091645785,0.8190249736816503,0.9551188247160206,0.6156037773456633,0.057138831337078394,2.031576548821962,0.8715380635350167,0.5230361429972499,1.4506913549641807,0.16380494519404548,0.14406218895680264,0.006204081431039874,0.40759169585719496,0.0973750670832037,0.07910027978692154,0.2553322364677031,2484.726335476951,4164.785726842036,339.0367268755437,13903.099387236494,600.6804740859027,437.0150821767819,1450.7427220320699,3.9697515514273314,5.2183796929867805,0.5464327177219185,18.02346598987234,1.231473535627149,0.8807487672980168,3.99052499117624,0.9659258262890683,-0.25881904510252063,0.9749279121818236,-0.22252093395631434
user_03_vpn_s109,user_03,vpn,2026-01-15T07:09:08.751512520,2026-01-15T07:11:58.665413061,169.9139,22,102.15724540826506,67.75665514200001,0.6012294780372003,1.4129403841365984,107342.4611536647,202.55293434083887,631.7462029514047,1.1920916084018958,0.2727272727272727,0.0,0.052696012204422604,3.2265073877142862,3.585471510891485,2.058899255,1.135072655,3.083153483,7,3,1,0,4.643511154921139,3.2145248055196998,0.2,11.06907850319561,4.62939268996105,2.1191179118835883,5.882496006324962,2857.1044254429457,1401.9414069433878,1112.243431055517,7544.426531259301,2457.1970396906554,2226.262065247194,2736.9953393025735,2022.098354269086,992.2155405021341,787.1835525001095,5339.522187887248,1739.0663238719496,1575.6234942690733,1937.0918759428491,5.391295102347368,2.544424261634468,2.2093714730421268,10.730704636991106,4.615606828867705,3.2650462821111406,6.946050976634801,3.8156564585998534,1.800800861948101,1.5636692799266267,7.594591220880339,3.2666677806708386,2.3108167327995957,4.916025512908887,6.3323517444632635,3.6743425357452972,2.596609142586141,15.712851630685083,5.057544097522582,3.846701436438681,6.783067128965975,3.179379665145221,1.827237736033374,1.2884635769197257,7.852779942047325,2.5697655971909708,1.9144895843737944,3.3451444713445504,3.152972079318042,1.8494228776829307,1.3081455656664154,7.860071688637758,2.5121829712445605,1.9364853621788294,3.4379226576214243,9.511731409608485,5.50080145501054,3.8850727195058665,23.565631572732407,7.627309694713553,5.756917510698533,10.128211600310525,6.021176400940272,3.2325989617088347,2.0252716341615375,11.926551225723486,4.466901700783015,3.7379009684369295,7.3825861446987835,3.2215896223245157,1.8530741571103984,1.4944895350519518,7.565972207418148,2.559917010981665,1.7541961091558567,3.4472059074212775,6.142467133255885,4.20158841858482,2.451636581573513,17.324603603952816,4.558268288166367,3.2919043458742356,7.22049528045584,3.2524763146235682,1.904874322420412,1.015699399331339,8.765248398441505,2.496513155043054,2.0600248112408197,3.9264891135555393,3.4995688442943447,2.5717124204995954,0.12272515904098108,9.105552172489315,3.0644582009340393,1.5373289441049849,4.615989675347329,0.47562245800087416,0.41807836881413557,0.013842317040537197,1.6624137709615168,0.3716760978896548,0.16947563093629958,0.6067062812404341,1.1439423106267932,1.0026177925171522,0.04174210091091171,4.368073164894514,1.1165733373736608,0.3098769493907586,1.5840270607441707,0.16989060086763888,0.15339882702083926,0.008606285149048822,0.5973668649588583,0.15827156673510234,0.035291336748708546,0.2440323447976207,4609.26680218549,7938.599400054362,419.02406814938297,29994.97019521435,907.3945322167529,586.8275731972317,2545.2785298050453,9.398777568765428,16.320773551007342,0.6386214164785797,52.3025935706495,1.5265744249123077,1.2578990617944021,3.825098262821704,0.9659258262890683,-0.25881904510252063,0.43388373911755823,-0.900968867902419
user_03_vpn_s111,user_03,vpn,2026-01-16T20:53:03.461157012,2026-01-16T20:54:40.215642033,96.754485,15,43.73534979074255,53.019135238,0.4520240047863678,1.4129403841365984,69387.17980036407,160.13248015162245,717.1469084907441,1.6550393519393178,0.3333333333333333,0.0,-0.05508355288472802,3.7870810884285713,3.3916510187571136,3.1651679355,1.22678297275,5.79265855375,20,4,1,0,2.9156899860495034,1.8876700077994666,0.2,6.599117193903524,2.98156422157046,1.8054167641518628,4.018192388453798,2708.7269160847895,1063.8618287463087,1503.734047393798,4931.814389194205,2549.03775553274,1815.3523238982034,3348.7978140876958,1917.085070606149,752.9417664683708,1064.2586653170656,3490.4617665152764,1804.0660343149398,1284.8046133294615,2370.091372350459,6.251229122931397,4.872773394254569,2.052200140385842,22.378751132190423,5.095093392607621,3.199681008022373,5.857582951599918,4.424269553843432,3.4486758599034326,1.4524322210804912,15.83842558641662,3.606021492351262,2.264554855920261,4.1456688600342435,6.701969624031419,3.292202599274549,2.9131869464823934,14.061991595298657,6.481073884690943,4.123749581927494,8.700987235398234,3.3299734851429017,1.663813241862103,1.361919964885052,6.918879826615931,3.3005735661066704,1.9334840218609888,4.33322422461271,3.371996138888517,1.6353162969577775,1.4656373121276682,7.143111768682727,3.1805003185842726,2.1119254102353553,4.219960623807195,10.031943109174318,4.953734502961968,4.333464376053265,20.98087142191459,9.781647450797614,6.057233603788482,13.079415840502458,6.481500259331365,3.5326617671960694,2.65823926199321,14.966305295854497,5.105266859450332,3.8078490034966657,7.911990080840104,3.2260912593580247,1.9337718317168608,0.9828248822793864,8.402773135727648,2.3561006756075438,1.8052911939987066,4.2342412461654995,6.238111991865192,3.171546245141006,2.5473067427159704,13.850554187326471,5.320793770129515,3.7302532446236807,7.712528411531195,3.6534508323106936,1.9060181400203802,1.4905550858014067,7.54889068696939,3.3134985205206027,2.0677051917517386,4.832681643958727,2.3327151298785,1.5515510603047769,0.13759019339397446,5.82165134547247,2.0042451687483402,1.5274783916995138,3.444721770195369,0.3373746080144183,0.2841126703247124,0.01421259163582387,1.0853094412327182,0.32105103529579104,0.12752229187433384,0.3864128970847345,0.5829748561710032,0.6458861067245062,0.05589159735351362,2.457971988645756,0.3435478118957547,0.1772819060609898,0.5768171178662003,0.08090083005413035,0.07635488168035164,0.007574638201794306,0.27153666028733375,0.05050521327722873,0.022145219579387948,0.11434861833271218,5380.972902128402,8198.632191876863,518.8467262502639,28253.418088649607,1438.813547983547,870.0181428039032,3939.098131933581,16.49407814369067,28.516984579439473,0.8553665120008851,91.98817220708122,2.559874809106392,1.6392454424881526,13.857266121254199,-0.8660254037844386,0.5000000000000001,-0.433883739117558,-0.9009688679024191
user_03_vpn_s113,user_03,vpn,2026-01-17T20:36:00,2026-01-17T20:37:33.460160632,93.46016,12,45.1926829956178,48.267477641,0.48355024210976955,1.4129403841365986,74622.27827454843,188.20459877074435,798.4394449415497,2.013741457009536,0.25,0.0,0.15156307813334857,4.387952512818182,5.955662668765901,0.0,0.0,5.865830578500001,20,5,1,0,3.7660569163014834,2.1453074801043046,0.2,7.5443671229055465,3.6901172780746703,2.0305361237736372,5.215939184330862,3641.367437821309,2062.72037857348,1281.9442431297923,9308.655852581262,3035.8215052471724,2482.282855974685,4656.861304680131,2577.155751724393,1459.8778559464422,907.2882745248637,6588.144805748103,2148.584285176521,1756.8206584253917,3295.8653860868912,9.183880651440214,4.714476430117777,1.5390111448690817,15.843805687208688,8.974345221563437,6.186716535608985,14.103245885892466,6.499835912788481,3.3366421421938757,1.0892258174144558,11.213357523849327,6.351538481255432,4.3786111608590526,9.981486865428153,6.926753424166801,5.887473526541989,2.614025510430887,20.42525478273244,3.1289101353010906,2.7730999715330227,8.563508763242055,3.438550423293488,2.952639788330838,1.2460618982129037,10.119006072460294,1.5361197537663218,1.3500366682175713,4.173664742538051,3.488203000873312,2.937821622220259,1.164431272147356,10.306248710272147,1.6143317900633196,1.4988853610207924,4.389844020704003,10.365303847460288,8.839120805077245,3.934597263391351,30.544260855192736,4.665029889067412,4.064909951539146,12.737173505780106,6.659445509614364,5.315554847058743,1.916614918285938,16.930134993472656,3.2867238769673532,2.419740048948638,9.505208801049509,3.3860697201389875,2.832625869641924,1.1674816774334948,9.380984705326007,1.778109187427563,1.3814038832638318,3.9278160558766997,6.785501309146626,5.668912256269175,2.1971352576962384,18.840911821355363,3.3278287013495222,2.6569270271478462,8.859044675064958,3.5322060061207545,3.33624496546322,1.141877159691388,11.796082217169522,1.543574841154755,1.3472553582851918,3.887308682656257,3.055204799806138,1.8053010037604893,0.17420208822465472,6.272047039270378,2.9132000940276583,1.6990437205793676,4.082804698437041,0.4346203412498571,0.32628962347233814,0.019785966849264553,1.1658079998527726,0.34016349445938016,0.1868966901289693,0.5678321484521743,0.7108521164953446,0.4906311111760408,0.025797911775345295,1.6409974574974568,0.6488033752319011,0.3145308390230844,1.1507046286710128,0.11177829078204772,0.08605246609346291,0.006351431863129466,0.2726337794487915,0.08582920039669223,0.03882806693263049,0.18125207050106035,5036.441095630026,10476.021128945185,612.3292532986545,39453.953328706644,1278.6415070562493,892.0819680983266,3642.7152383628836,14.994702558881578,34.69354645091618,0.7351189805690944,129.53590485526232,3.4890632283758656,2.409504966151946,7.747172447144196,-0.8660254037844386,0.5000000000000001,-0.9749279121818236,-0.2225209339563146
user_03_vpn_s115,user_03,vpn,2026-01-18T07:31:08.652648685,2026-01-18T07:31:54.660466868,46.007818,8,35.20130622951977,10.806511956,0.7651157511864565,1.4129403841365986,46373.97771708779,84.18557649335763,1007.9586412267539,1.8298102399326486,0.25,0.0,0.0037180628006057933,1.5437874222857142,1.55531006135509,1.388344164,0.0,2.5770164094999997,7,6,1,0,4.400163278689972,2.759262667916049,0.2,7.711595733324113,5.230193723360477,2.2377257368935424,6.491714657191773,3394.388974562764,1195.6126001234725,1091.640548524614,4992.663888128526,3709.196811260297,2541.504607066772,4219.833668130814,2402.35824007321,846.1875770180296,772.601987161461,3533.5276308769235,2625.1615799960773,1798.7344941094611,2986.561722991177,6.1620461891274765,3.0030231157471055,2.104299289734107,12.82845335965501,5.889725574705846,4.558313717378423,7.05313686904365,4.361150872542227,2.125371423637349,1.489305078515379,9.079260175222506,4.168417606879334,3.2261189279856697,4.991814904741073,5.31355422094938,2.774246103330825,2.7106611613416782,11.495719110146489,4.446032239678175,3.140851638907869,6.037102624364134,2.5761838570073836,1.3899761273829936,1.2929031735742567,5.6619544562388935,2.280245802514445,1.3863816474858266,2.905704483843497,2.737370363941996,1.3933440634806507,1.3314431481763547,5.833764653907595,2.16578643716373,1.8202427103582006,3.1313981405206364,7.889738077956763,4.161194837284721,4.089879174507002,17.157673566385384,6.72627804219262,4.505654576495929,8.942807108207631,5.422256220289368,3.5155786575913015,2.0954141717722763,13.414848076304393,4.055985299437632,3.420944777250102,5.620169682368283,2.854404914559757,1.3753612219276876,1.3833116444140792,5.590703543917715,2.5897088009784834,1.6902465884424553,3.3656903773652656,4.707491638609556,2.5578469222536606,2.0211932937192607,10.752307854990354,4.03370111172597,3.238419651809409,5.0550023432659135,2.4519616806289273,1.1817049316380834,1.1149135959447087,4.313524642989644,1.903118663762368,1.6166596814360064,3.473410456092381,3.41697459748557,2.253908138145092,0.1487214142154075,6.858774051302368,3.913455853377765,1.5997080505216565,4.86063882075899,0.41755486540166786,0.2593807811027164,0.018030986083043373,0.7331858635139764,0.4742729519950474,0.21980887797651386,0.6332957447278826,0.9831886812044014,0.8772117854755273,0.05127858578459252,2.7379603785435975,0.7466742711434302,0.46553868310890084,1.150857678890781,0.12963432499873417,0.09433110498799956,0.007063766270311653,0.2747416157108747,0.12726732335638827,0.05570417716357286,0.19501626312352296,7008.03525268605,12351.410522148026,252.66280930522322,38561.93324392645,1168.4667136495868,1002.456620098232,4336.243302805458,11.121286241256946,19.55252365982142,0.4870450908788473,61.68105750403884,2.9097600752120876,1.3819871206603274,6.474788546017355,0.9659258262890683,-0.25881904510252063,-0.7818314824680299,0.6234898018587334
user_03_vpn_s116,user_03,vpn,2026-01-21T07:35:05.576383658,2026-01-21T07:36:59.399429624,113.823045,19,67.24402247817224,46.579023496,0.5907768719258235,1.4129403841365986,102348.56157999634,202.36964863219237,899.1901559125953,1.7779321281748557,0.3684210526315789,0.0,-0.01742553854682437,2.5877235275555552,2.499083181172372,1.4996149545,1.06750172675,3.50348234475,7,2,1,0,3.539159077798539,2.736117319835191,0.2,8.871676438649398,3.268625558940581,1.2477510369104623,5.359928078248926,3154.3173776777694,1765.3707402073774,842.8491041871241,7707.011240417226,2805.7322658218322,1751.032775662469,4418.501188993183,2232.449021269407,1249.43045016449,596.5213491312031,5454.590531168608,1985.7400194108855,1239.2828425896168,3127.1674577361478,6.2316291802294295,6.8666160325483725,1.1711357590313436,33.815010482420064,4.91548759973724,2.9475714071704813,6.494368055405657,4.419404958307011,4.8533138199810395,1.0,23.932368882699407,3.4789065801533674,2.0861258127119395,4.596349660834524,5.757454826650921,2.500828310865821,2.9521796750864553,11.606094524592281,4.811287595840769,4.10027562489984,6.730761991089587,2.878695393645019,1.2755977700376928,1.4916918844262617,5.998744993620986,2.5383485414251443,1.924305914378236,3.356575943749065,2.8787594330059023,1.233458164395565,1.4604877906601936,5.6073495309712955,2.3326173827191328,2.0646488135348062,3.4045073668770307,8.63615022029594,3.7737467826276028,4.443871559512717,17.604839518213268,7.443400986620959,6.051538663193266,10.071081967201408,5.253171373071288,2.0318139807196047,2.475785369434999,9.293010347650759,4.830296570474523,3.544388432361078,6.932023180328208,2.9402390592357985,1.6034270909641493,1.236635245340206,7.054862933072314,2.398676753227953,1.8031587989001054,3.626541381704847,5.537099226030423,2.4264611990790397,2.712207374002488,13.091801187348246,4.924351413336502,4.355208162492522,6.616895968840156,3.026440420161111,1.651727215625468,1.0714835037840063,6.833717087371836,2.65231541119138,1.8034116295390983,3.5389874728446253,2.75733819178071,2.1558195513212106,0.13212018508674836,7.127033998228799,2.527531899366037,1.039721674605944,4.310559179328253,0.34746267317140295,0.2376212669828405,0.01811046431801794,0.7518768568947183,0.35043301741198996,0.1864057775746744,0.49741306819740067,0.7818208860178295,0.7233620984115026,0.03582024918307364,2.403936561301144,0.7409458952909156,0.10055524577301245,1.2803849535721379,0.10173166272418413,0.09964117265776934,0.004257822127928103,0.31937315678644507,0.06250644835213312,0.01681076898173401,0.1750978348990864,5666.543903531865,8695.893335905947,268.77671535097545,35621.29353228616,2282.019591911027,797.2531254261642,4579.6640353124,10.19739782654024,15.085226721579138,0.4199095862731131,54.70757013460237,3.5473676968723296,1.1399130659297865,11.031501675470484,0.9659258262890683,-0.25881904510252063,0.9749279121818236,-0.22252093395631434
user_03_vpn_s118,user_03,vpn,2026-01-21T07:49:08.077414657,2026-01-21T07:50:38.541907170,90.464492,11,35.703987716327575,54.760504802,0.3946740530674463,1.412940384136599,51578.48136687568,103.73743547433651,570.1516719607034,1.1467199249218853,0.45454545454545453,0.0,-0.13097603582990217,5.4760504802,4.207709929774935,5.1377459245,1.55251745875,9.2199068765,7,2,1,0,3.2458170651206886,2.4559926906592913,0.2,7.157756352415651,3.210007297399252,1.2874365555343719,5.214310309824617,2745.7001784218173,1478.7238227211794,1627.5896418911964,6629.399613720408,2066.643619444225,1744.1722171539736,3187.595773511448,1943.2526731123362,1046.5578302688111,1151.9167122438523,4691.917428470569,1462.6545059132718,1234.4273238532846,2256.001604384238,5.52230091973646,2.431529939616557,2.4490675815120477,11.28656463926219,5.133385759990176,3.5819645276255234,6.900119425065419,3.9083750324759503,1.7209005892363853,1.7333127490786477,7.9879977711579375,3.6331226834648227,2.5351137017817944,4.883517735450569,8.476546016290996,4.1147156874290935,2.6187653667910156,15.043636778938081,8.673326198467251,4.921048901485879,11.917458386195442,4.246133199046907,2.029532149580519,1.3185027315733353,7.666107558720503,4.552094873254354,2.4186444110727345,5.829395647820061,4.230412817244088,2.09975803829778,1.1767682304711042,7.377529220217578,4.121231325212897,2.502404490413144,6.088062738375379,12.722679215337905,6.139282372534746,3.937268098364351,22.709744337658584,13.225421071721605,7.339693312558614,17.746854034015502,8.192448490270875,3.934659726155138,2.1488295384441147,14.706529080642579,8.854482502594626,4.9886321444716035,10.965449450516768,4.197468836111295,2.0042266138209137,1.261239597866645,7.403990724671377,4.147941373866397,2.912702539575025,5.43972933500906,8.57199731211524,4.7656826115412585,2.2484039358735144,17.169451393099422,8.20197548473223,3.9969439958044086,12.27662620007938,4.014111649694326,1.918579779866471,0.9530838919582706,6.732955608593346,4.472323274845782,2.4280029118080444,5.675067680815604,2.6156531361544664,2.0845446395290863,0.1102837558642059,5.838324057696728,2.150863490896241,1.025230182426084,4.668178442740365,0.4557828573209867,0.4834017008535981,0.012883920523644083,1.3890231282336596,0.21599283474075245,0.06014208759105059,0.65117749069774,0.630163928966222,0.5156362361276619,0.05529040435948193,1.5978471933880272,0.36444741032363925,0.21163316406821087,0.9853024711724936,0.11736263320367098,0.12397803223494315,0.009533644918290157,0.3757154020915541,0.02982578415541212,0.024493415199323153,0.20156122482272962,4573.672073510847,5303.065406095214,507.803365686353,14733.803903766413,1178.4765907280425,814.2338757268012,7366.14722528009,9.648270598154012,11.597084814503122,1.29560688115126,36.88826752682651,1.6820495741956238,1.5107477929345947,12.291938767248656,0.9659258262890683,-0.25881904510252063,0.9749279121818236,-0.22252093395631434
user_03_vpn_s122,user_03,vpn,2026-01-27T07:07:02.441720281,2026-01-27T07:08:03.197963133,60.756242,9,33.52816400520807,27.228078850000003,0.5518472325067121,1.4129403841365988,39378.20222849954,79.64930539033105,648.1342645995047,1.310964976904448,0.4444444444444444,0.0,0.10011742380060981,3.4035098562500004,4.160832306312046,1.6778151095,0.397005411,5.090865597,7,1,1,0,3.72535155613423,2.9920164368489313,0.2,8.553838587011352,3.0647549732217203,1.4357768319195396,6.315378882687942,2562.067819786864,1298.733142941044,1318.343221617245,5278.058548034982,2112.4629986079553,1524.5800056694266,3521.128482721,1813.2879833797513,919.1705166914435,933.0494311144212,3735.513973054305,1495.0828940308138,1079.0122660419588,2492.0573594282578,5.182230540256925,3.3339595625310596,2.060335015302136,13.214699701503177,4.387319560302448,2.7772808214454967,5.849469279295089,3.66769228089097,2.359589689672812,1.4581896295370869,9.352623684528803,3.1050988488685567,1.9656036819576093,4.139926457597507,6.261133598558688,3.925294519258251,2.591454601538236,16.025741540312637,5.495136577133438,3.707079179355067,7.904349295705433,3.1145270280289825,2.014288107117217,1.1760479770914818,8.175316322387577,2.6760606096082045,1.6936563023607996,3.791951007068896,3.1466065705297055,1.9160785507232612,1.415406624446754,7.850425217925061,2.819075967525234,1.7903139108148824,4.013787195249241,9.37566062658767,5.937948321621171,3.767502578629718,24.201057862700214,8.171197186741644,5.400735481715866,11.696300302774329,6.025849840073191,3.6801875487569395,2.3311856451943838,14.98220568519235,5.103159052057866,3.3895467195647973,7.378106063345768,2.818509800118002,1.3267700406394498,1.1641007486781887,5.903270906820301,2.55950909973591,2.057614936133649,3.4108742754176933,5.502532985207069,3.276603889054031,2.114026797881971,13.13362999148857,4.598066349274588,3.4487291687568074,7.272930239687478,3.394519278112076,2.690719544553404,1.3242913852562055,10.52506754904237,2.962471798462036,1.5532587522208676,3.5996265642645326,2.879907340097782,2.3941453929099277,0.1289573277917762,6.219144425453638,1.7186962581278125,0.9718478878663449,5.411555742293337,0.45345798817311295,0.45833193163489855,0.00845500305039555,1.2970800255893453,0.20340738477720482,0.07107924595719106,0.7533008731000927,0.8454442160364479,0.7612403152762148,0.031277853819269646,2.5319815510116923,0.6649389032258345,0.23403913350320438,1.3460587150939078,0.15531673221627373,0.16358333861105676,0.006524342551548834,0.5471876982371519,0.09916847773970276,0.015332595146514933,0.23892844812507563,6314.5288675116135,10579.789543277715,436.541678978771,33827.82930612369,1590.6728267119538,497.972292956333,2941.0418124272014,16.920511900895985,34.677602745555824,0.5544743982666424,112.83661693015989,2.450606923455636,1.3143063908281847,4.317272173038624,0.9659258262890683,-0.25881904510252063,0.7818314824680298,0.6234898018587336
user_03_vpn_s123,user_03,vpn,2026-01-28T07:58:01.840910256,2026-01-28T07:59:23.665290058,81.824379,13,48.491595840124035,33.332783969,0.5926301724834849,1.4129403841365984,69763.89738505337,139.56981858217017,852.6052777626747,1.7057241409943384,0.23076923076923078,0.0,0.06147068362074387,2.7777319974166663,3.1415972103972223,1.7540997809999999,0.06569067375000001,3.5364357070000003,7,2,1,0,3.730122756932618,2.742042247699632,0.2,11.89895299096385,3.365316274687693,2.19048844472791,4.649350327425742,3142.4228814242015,1329.0078079260254,1287.963786262917,6071.6355542854535,3397.0713851372707,2026.0221090431373,3872.8279846426026,2224.030763579904,940.597227488928,911.548569722529,4297.163293266355,2404.256699912438,1433.9048779338082,2740.970551994776,6.286738670119107,3.0061212403875635,1.8666066889121617,13.14197638116782,5.816307306020755,3.9211671282265805,7.547411177391749,4.449401220817061,2.127564102589159,1.3210795797678212,9.301154194979324,4.116456271843989,2.7751822881208654,5.341634553112249,5.6677623095728356,3.1036637212744336,2.5857678258406334,12.736058301657206,4.566322457015126,3.3148617615064917,5.851843539620145,2.827045498238399,1.5041122304638816,1.31918383005359,6.234184623053636,2.4098709336916646,1.6318130150691976,2.9196680255922,2.840716811334435,1.6027587238977532,1.2395078946126472,6.50187367860357,2.31768088339353,1.683048746437294,2.9321755140279446,8.494807807811235,4.606661336167642,3.9320277570686195,18.970242924710842,6.9327722567242684,4.946674776575689,8.771511565212345,5.347645647594533,3.152771205756718,2.0782276836874374,12.695650113535542,4.595356767923366,2.829023681227956,5.944805970614073,2.858559607608423,1.418668993385558,1.0689791194460077,5.27827447170835,2.4038465262606157,1.7439778077224077,3.4844369884999375,4.992797738382387,2.6707368191490968,1.9508818554576348,10.249513352316606,4.108087757593126,3.2555356713480776,5.675104663337268,2.917080035172476,1.8387754275877919,1.0116460935774285,7.773411300260076,2.245536680526657,1.8417683944696335,3.1969209561327445,2.939061436697678,2.1904147598896997,0.1457938691559265,9.507181049977566,2.845383346042405,2.0094879507994845,3.183866689656445,0.4421772785612755,0.5594842029878561,0.033795664861642226,2.2676470966205615,0.23971337665254466,0.18538084807920976,0.47596548062729904,0.7910613202349399,0.7266864664926659,0.054206130844073525,2.391771940986283,0.5441128702688991,0.24621804871450825,1.3311512564759282,0.11477452309712541,0.1547703635898292,0.010966462108440439,0.596360203283157,0.05617716158810883,0.035956689147180955,0.11257293472862435,3975.264370031849,7341.3067970685015,233.0079088785857,29006.64042524854,1858.8468756162704,856.037385694167,2540.896252242186,6.293697373792212,8.710721536794741,0.26789636626858976,35.17850393375084,2.951509685010667,2.3153627765427953,5.4294401091214946,0.9659258262890683,-0.25881904510252063,0.9749279121818236,-0.22252093395631434
user_03_vpn_s94,user_03,vpn,2026-01-02T07:30:00.492720385,2026-01-02T07:31:24.100278893,83.607558,15,44.53036636670813,39.077192149000005,0.5326117331008297,1.4129403841365988,71791.03621735898,153.27415106377612,858.6668231281075,1.8332571208906272,0.4666666666666667,0.0,0.02939438320432449,2.7912280106428575,2.9602903452012455,1.8968002935000001,0.0,4.67340992025,7,4,1,0,2.9686910911138753,2.575786795432024,0.2,8.842892981898801,3.309175629971553,0.36135054947493894,4.452260573242553,2802.56832306878,1321.2731166853364,844.0606625484279,5715.33562442383,2414.1657139271624,1898.688072916937,3477.9136993342418,1983.5007580884858,935.123046605199,597.3788222241278,4044.9941756858234,1708.6111636637665,1343.7849850099396,2461.472358198241,5.983494641532008,3.5384592506118064,2.0693730191782858,15.239197687461008,4.570141380780778,3.4158474139872714,7.693748454143793,4.234782096053065,2.5043231054465487,1.4645862220456043,10.78544987357919,3.234489885129472,2.417545320621991,5.4452038745040126,5.562629301734315,2.9671498069642297,2.7583719213587736,12.032736683072716,4.38230163812836,3.0426297871166783,7.5536558171023085,2.7861494767189474,1.4535707730084115,1.32815648589741,5.9134541461279575,2.3003896758132596,1.614695585781758,3.7685580981423703,2.7764798250153673,1.5182966132244684,1.31938519156935,6.119282536944759,2.0819119623151003,1.5238051089322338,3.785097718959938,8.34877877845326,4.419102548311748,4.086528407256184,17.946190829200674,6.6826913139416195,4.6658483604000685,11.32221391524468,5.309610278881041,3.025205718080818,2.2397331007210055,11.74857480687564,3.9209580153398855,3.083013803594036,6.177791560138301,2.957247521546491,1.6866787886028076,1.6108411428491596,6.464697456572843,1.9774325952685035,1.7909714779788217,3.778751956478347,5.290063264959227,2.736598628083001,2.3312088305006915,11.669828805941291,4.46449212093985,3.1203103279683893,6.961752792567143,2.8548637778575388,1.3873119883654015,1.0268455109263646,5.601179737236078,2.6054626839174424,1.6921190770233787,3.6200306250156524,2.1205910932195655,1.8845926688433599,0.12216631421455615,6.898992784879364,2.192889975832161,0.2969990224894675,2.903899806448774,0.3190420368111578,0.3694010826187949,0.016853911247171817,1.5045594202407895,0.2597859605175588,0.04036066678569153,0.4001834973229521,0.8480999978943093,0.7661119463123254,0.03429350407336035,2.0800628382584176,1.0134722174057509,0.08150370008793886,1.4519785384180575,0.12251261258418172,0.13528207455540536,0.0063392190631612185,0.4221661179256258,0.08536350304631742,0.009302040718414967,0.19030285759492493,7845.990736422855,10582.971234668366,207.79451813375823,32005.56811486666,1894.79517824569,990.3465796444675,10509.953061431332,16.920548845173013,23.835404142222096,0.5508875300000731,85.33867679050279,3.678059911666634,1.7312101865025662,22.938301903744645,0.9659258262890683,-0.25881904510252063,-0.433883739117558,-0.9009688679024191
user_03_vpn_s96,user_03,vpn,2026-01-03T20:09:00.867336556,2026-01-03T20:10:00.071622875,59.204286,10,24.37051004163847,34.833776281999995,0.4116342192124143,1.4129403841365982,36904.57373429017,74.33877109130582,623.3429406494349,1.2556315786209433,0.5,0.0,0.05653436690704677,3.870419586888888,4.3342663097251375,2.347690955,1.456147501,5.060108195,20,5,1,0,2.4370510041638473,2.252633972451521,0.2,6.953228223880026,2.028998471771616,0.415457868307074,2.986904394411039,2161.013298601805,959.5998828532078,665.6136337467753,4019.6743739770286,2130.3492410073,1548.1541969254372,2803.6637657988504,1529.4440748272123,679.1510056806735,471.0840182783154,2844.900194733496,1507.7417737685278,1095.6967571363343,1984.2760510466105,4.332997334668629,3.142697175805456,1.1711357590313436,12.0168686563237,3.143906848194476,2.219643285099193,5.792397993170825,3.1008797744619523,2.1905880773061113,1.0,8.504866016457457,2.2250810320745513,1.5709390927031532,4.099534600471038,6.484224210739882,4.147590218063545,2.9337384491007468,17.50902841115823,4.952084990788267,4.037962431422114,7.46401248631568,3.2599484992939503,2.0645316201397326,1.469109191852049,8.644393881796498,2.5245635481263276,1.8722438994595094,3.8734217102935506,3.2242757114459324,2.0886723160268326,1.4646292572486979,8.864634529361732,2.427521442661939,2.1657185319626047,3.5905907760221285,9.744172710033833,6.2102366147619135,4.402847640952796,26.15342229295473,7.476648538914595,5.910206330881624,11.33743419660923,6.080612725502824,4.275362579752778,2.111203444645286,16.785549829631346,4.553991031158529,3.3702886299821966,5.888450409247673,3.0851133231588657,1.9030604477688446,1.3820621494068344,8.354039022016389,2.62153296538649,1.9571815756645223,3.2352906166932565,6.157619225576454,4.080108241451166,2.91194220910771,16.984112441226888,4.373619152793415,3.7765532730407076,7.393426246288751,3.609401554592359,2.7946004413675243,1.3726859078368874,10.98147758387826,2.6614453229607538,1.6344290414878855,4.396885732795238,1.902561485741013,1.8011928582608214,0.13909506429392304,5.599452431197697,1.3631122479544047,0.2761253240184607,2.685614521266219,0.2440664317377569,0.22459314124992152,0.016547681674175307,0.7321477203800585,0.17279055539560628,0.05681313883253539,0.37577877202577453,0.5344895184228343,0.7251036288634137,0.06090493570607697,2.5508575123376094,0.2659480917688605,0.13933254428861327,0.425727963588324,0.09847016396566449,0.16618867958558484,0.007037805126003065,0.5634225740689729,0.02311877097212684,0.015470290680185836,0.05465296479138816,5119.222432290355,6292.9083511399385,379.9809542970742,21794.307765495138,2051.529347714762,963.4835031119587,7056.270103614408,7.802979151693141,8.384284938319194,0.6685699642646693,30.006301333982012,5.497365121544508,2.113952986444409,9.225536950998206,-0.8660254037844386,0.5000000000000001,-0.9749279121818236,-0.2225209339563146
user_03_vpn_s97,user_03,vpn,2026-01-04T20:16:00,2026-01-04T20:17:57.478500658,117.4785,15,68.00393721309483,49.474563452,0.5788628320339027,1.4129403841365986,57614.69085549346,113.75313030648809,490.42753231862395,0.9682889235603799,0.2,0.0,-0.03606747635743061,3.5338973894285712,3.287854031343602,2.8659610065,0.0516099465,6.70214091075,20,6,1,0,4.533595814206322,3.1667211141183453,0.2,9.526534379778203,4.051894493825077,2.2628481117215737,6.737244170222132,2249.1541568801517,961.9060876727297,987.7767941637177,4518.802407277939,2133.4555291452516,1615.1630782716766,2773.941285972559,1591.8252334860792,680.7832081751408,699.0930440192036,3198.155037545501,1509.9402303862503,1143.1218870983362,1963.240145951114,4.429310637068252,2.4393545538235717,1.1711357590313436,10.317270187469472,4.187725852137974,2.6663213428335553,6.256626218748251,3.154231383364288,1.7012965936981774,1.0,7.301985493021359,2.9638376106695796,1.8870727829489116,4.428089315722595,6.3205457562029626,3.240178069971668,2.970252031344861,12.354353511083504,5.670007314638469,3.082487501098857,9.409950382671134,3.159046725640717,1.6501033054252983,1.3326308710651806,6.23676449910664,2.8614655579920836,1.6078033237020062,4.673145757424229,3.1614990305622466,1.5965247414718304,1.2660031254327198,6.117589011976864,2.828701871841498,1.6392670681727428,4.6065909328162045,9.479592481843683,4.888179460419792,4.344280983862081,18.591118010190144,8.531472872630552,4.677578113946134,14.083096140095362,6.165891650024675,3.487078273650638,2.1809742033865027,13.823541900957185,5.117463712225185,3.3238534451874067,8.19880074338236,3.210635577566786,1.7768141751800368,1.2181721181177805,6.936336834700584,2.9419954718106913,1.5545550035072508,4.797862672039536,6.0711632986233495,3.179007507667486,2.166969255648182,11.258114671571688,4.920674794288322,3.3310901396842385,9.53760989567094,3.24852255244017,1.9052674219508134,1.2358518701693022,6.849886921340866,2.33723364962555,1.639911012900206,4.405501265641279,3.369507860401207,2.3748603261872145,0.13341973059238224,7.137859690091515,3.3500739860688102,1.6446471259705944,5.480324133047462,0.5189779841514954,0.47146841242941656,0.007927138645683339,1.3708843903753338,0.3348120951708388,0.1467165223380875,0.9016770408818685,1.1640879538051148,1.1221345918110541,0.021552859675217556,4.102730238842422,0.626827712847374,0.4671471388197401,1.4455218591604178,0.1718375954892288,0.18156189033031,0.004343603586269326,0.5968988284486365,0.08013413174915306,0.044848325785790275,0.24336139706376334,3738.361985948681,5878.169892552701,285.4115612217546,18216.97879765751,794.1945776620506,548.7901818734384,1798.4126882520468,8.440237001527032,14.606940708659234,0.3383919194728112,51.71723393380263,1.687249325046844,0.7328020527902737,3.5068011809404425,-0.8660254037844386,0.5000000000000001,-0.7818314824680299,0.6234898018587334
user_03_vpn_s98,user_03,vpn,2026-01-07T07:10:06.269134150,2026-01-07T07:12:07.426334917,121.1572,22,66.34676229266084,54.810438485,0.5476089105118048,1.4129403841365982,116751.59419429679,269.961456935583,963.6372761527733,2.2281916133385633,0.45454545454545453,0.0,0.04687580775922169,2.6100208802380953,2.866748886988108,1.451552849,0.29245896,5.022361569,7,2,1,0,3.0157619223936747,2.7407922746923052,0.2,9.193464052125103,2.6914597557495945,0.4295584568632227,4.469925031921807,3107.5447019285716,1383.4137441221574,1143.052621027138,6330.683337931476,2837.584771542747,2028.9875401516701,3876.720474372124,2199.345943266737,979.1026993453202,808.9885701197645,4480.502793329068,2008.283437433705,1436.0036438419995,2743.7254380276345,7.185488994942303,4.243811970278731,1.9452123748057748,18.64475419594385,6.265805748524229,4.041881302026071,8.539827072989885,5.085486320311468,3.0035322211219744,1.3767122779171113,13.19571186815292,4.434586072329624,2.8606170135733873,6.044010893076916,5.752563198764446,2.9149952362319285,2.8418415807904625,12.813876463037246,4.25438610675088,3.3739436817472352,8.718889314590808,2.911036103036066,1.4991335244150745,1.291255745077833,6.6845501972722365,2.107526176176374,1.7236570876982418,4.4131031375655585,2.8415270957283805,1.4210619540097575,1.470027811637334,6.12932626576501,2.110179642240867,1.637582351396122,4.30578617702525,8.663599301800511,4.412457368114277,4.213655349943591,19.498426660309484,6.361912282927254,5.109501772277957,13.131992452156368,5.251903249360994,2.727176357049346,2.422196069685887,10.531931948003388,3.7059353941672484,3.243683962470169,7.709941628881621,3.105829313071179,1.83415239549665,1.120641211978695,8.367113161230092,2.442011280492393,1.8925502451256084,4.580188394653713,5.117266129671065,2.4089532961900706,2.1776512173513574,9.358880039668092,4.158811775427639,3.134287689817356,6.845147218603772,3.068910947688325,1.9761837055920928,1.044631979805923,8.51632463364282,2.1154701342896383,1.5114255379554185,4.3062181155084325,2.2967038335212995,2.181953942432293,0.13372733271879608,7.712429412361617,2.110134807229276,0.3323427876878986,3.115491059784013,0.3037544643050051,0.3263155249933841,0.012391211204083487,1.5057551684420751,0.2306221055613662,0.055651852680674435,0.3610262016861874,0.719058088872375,0.766955742266806,0.023869393855898896,2.6564465503245023,0.5244679523191013,0.07060796400509936,0.9712516021780762,0.11259651862364169,0.14806066349180882,0.003904278497139496,0.5573509644702123,0.07016513244907172,0.007685971372102895,0.10815073489490291,8726.958931827177,11859.302598510234,541.484491619798,37981.59729508299,2052.142297166164,800.3229781120001,13575.00665198777,24.464268760339795,43.024239627317925,0.8837201326946696,159.20233032048384,4.1538132744019505,2.4435994745489302,18.17677200716146,0.9659258262890683,-0.25881904510252063,0.9749279121818236,-0.22252093395631434
user_04_direct_s125,user_04,direct,2026-01-01T10:18:02.098583182,2026-01-01T10:44:52.236205128,1610.137621,38,224.3753611994531,1385.762260765,0.1393516667600757,0.4468631873080766,32917.17671341809,89.08410219062833,20.443703869843365,0.055327011200012405,0.02631578947368421,0.0,0.7005858113383346,37.45303407472973,212.72237840080413,1.319219311,0.131837375,3.432149333,10,3,0,0,5.9046147684066606,1.8589970334074164,1.9677276102987227,10.478598723835304,5.725550982561397,4.579733205987665,7.03826533875753,267.5383807494927,112.1745779750496,88.53657516740468,593.0187351736452,253.37598746263262,193.71386973825383,328.047321569469,598.7031117088782,251.02667026745743,198.12904191270013,1327.0700116203711,567.01020504504,433.4970416900858,734.1113139026743,1.0255808687794983,0.08818306788292594,1.0,1.460394178456478,1.0,1.0,1.0,1.3187376099212471,0.5696944633729976,1.0,3.2681013337750118,1.0,1.0,1.3897263610646182,3.9130219922979532,2.3466981043632766,1.6934335838179297,12.692450629933415,3.017810040628573,2.1779879271024,4.867132815811329,1.9325202795718637,1.1894192392553091,0.7195824205491563,6.456647948041252,1.465202163129681,1.078131942505832,2.4437707282109713,1.9805017127260898,1.162525599289086,0.8446630730279879,6.235802681892163,1.6497356353472872,1.0807873167158515,2.4391356000148727,5.845542271869818,3.5343959130894347,2.413016004367086,19.149098577974666,4.378291925296599,3.3218129823835523,7.295130031607787,3.778193695177581,2.312170995599452,1.498681365929149,11.056230696005187,2.6155946797294005,2.075123267273846,5.240658775562024,2.017471898584997,1.2773097496443633,0.606813083281474,6.315987444503988,1.5548312793097003,1.1429920698331113,2.380046998786857,3.823532455802214,2.601538280880028,1.2853680698742482,14.096344882480313,2.7700024348108148,2.1073505317510905,4.555812996065214,1.9576213983657256,1.264028212253847,0.5155110327353316,6.956238238212432,1.4226475317924208,1.0853574440253404,2.3945975627384612,4.54882085479743,1.7101009045582332,1.5228705610588922,8.954550816171276,4.444338205663314,3.1604607499961053,5.57532539574701,0.699541416543283,0.3620187505479691,0.17443793500280105,1.5849611163444084,0.5939987071094626,0.4488253459256191,0.923545005612918,1.355793913609229,0.8136690788823019,0.33234527377595846,3.4179788947701644,1.1699741605222462,0.7704851823290693,1.9070236250483876,0.19697099553125963,0.16561542073755237,0.034649349612250344,0.7545813973457972,0.13669107215531492,0.08420596131438007,0.2655808937695291,162.20740908908292,87.84817028305214,43.029876515419815,518.5198225443193,154.69907231906234,94.72846164065787,204.3230506906336,0.43796178215097714,0.17567277822191754,0.2009326655019865,1.0164008420334043,0.39143789231492737,0.3206274680319603,0.5307543809272809,0.49999999999999994,-0.8660254037844387,0.43388373911755823,-0.900968867902419
user_04_direct_s126,user_04,direct,2026-01-01T21:20:01.093500584,2026-01-01T21:54:51.577746496,2090.484245,26,130.17780431699657,1960.3064416049997,0.06227160268170142,0.4468631873080765,26344.50440651125,75.88742420407851,12.602106172061223,0.03630136145995136,0.07692307692307693,0.0,0.6544744477946238,78.41225766419998,375.4601530082976,1.47569291,0.0,2.293763218,21,3,0,0,5.0068386275767915,1.895757963032945,1.5562717468896579,7.999260001152317,5.383469295783103,3.3502159814334314,6.17775691931252,312.94195902325384,142.75319838498518,102.8403051401012,718.2113699163355,285.9948138299635,209.81740108701362,396.5635699819303,700.308210457948,319.4561611685597,230.13823483562322,1607.2287678089401,640.005312482348,469.53386863429694,887.4384403218503,1.1624126988274301,0.4676023763232883,1.0,3.23313414364165,1.0,1.0,1.0,1.7563343859448204,1.4100488547346475,1.0,7.235176750893695,1.0,1.0,2.0008692536592694,3.6842882129448515,2.371544669921476,1.6376229269459621,14.01816373601338,3.2702579863910195,2.3073560801325232,4.20974485403753,1.8581633515464182,1.1811664169903342,0.8159434164628575,7.001156883683879,1.6086614652655566,1.178864404015926,2.180617592003789,1.8261248613984336,1.1987726673717656,0.8213911712357299,7.017006852329501,1.5772707377981507,1.0606043826930933,2.1015241770522683,5.5424515644912695,3.5498873987888504,2.4535663434088195,21.019320619697258,4.8881493551518975,3.523573116300541,6.354589947228901,3.5892766962666136,2.6609169841705804,1.1787978418266807,15.346696978032746,3.0486995129574206,2.209083190920219,3.854524604836996,1.6472043960575538,0.8920497402522118,0.6089257324518829,4.9016064949995775,1.3553766445702342,1.0759798211061953,1.9864876180891837,3.401400439980571,1.9541631441617504,1.350797752833726,9.984829621680475,2.8170239033315716,2.0156041891858774,3.9547076917237867,1.896718292932364,1.449789337944241,0.9183072836462473,8.60985334948739,1.565499713873411,1.2734806747336145,2.0160800364602576,3.6440978372263504,1.4066786758159702,0.8834801530974361,5.822238312456134,3.9360573689934144,2.32496140595962,4.7781663479896705,0.5606847086901561,0.3444289337816334,0.13763155731862642,1.309411715655284,0.4263274396564034,0.3083789811980107,0.7200330277033505,1.36274079035044,0.7036561547353508,0.16096337197042176,2.720330127827957,1.2351692554738167,0.8722960635399912,2.0266362008977747,0.18036061756718968,0.1298309230169763,0.020672878092412278,0.47164009352093755,0.15556302945089187,0.07505223454404608,0.2500557975796364,247.5327380117665,162.3192399911829,53.04324639895987,628.4325631659493,183.85834322154815,121.04143655183991,313.73721660027434,0.6849184154971237,0.4440901871971529,0.2500231271032438,1.9586789808200054,0.47691256747168187,0.3410697059234321,1.0519325441257408,-0.7071067811865477,0.7071067811865474,0.43388373911755823,-0.900968867902419
user_04_direct_s127,user_04,direct,2026-01-04T10:12:00.146583078,2026-01-04T10:14:37.344344578,157.197761,22,103.04343629647605,54.154325213,0.6555019336215357,0.4468631873080766,20176.93175462098,55.08252351533161,128.35381131555033,0.35040272307270076,0.18181818181818182,0.0,0.010322962716919473,2.578777391095238,2.6325739769725693,1.490320247,0.524300552,4.559942386,10,6,0,0,4.68379255893073,2.0240841796583706,1.1358419912662105,7.87459887735054,4.877475005247565,3.317777221549271,6.2333260313624095,283.2562857691965,117.31953091698738,134.74636133173362,637.9710853320528,285.2206981800848,189.44040265011267,363.41089384442046,633.8769758044845,262.5401560234249,301.5382899259427,1427.6653424400845,638.2729799209169,423.93378562085184,813.2486724485486,1.075311757678831,0.22274492611652685,1.0,2.0333652990176114,1.0,1.0,1.0,1.4284393111998785,0.9016184264902309,1.0,4.5503083645504425,1.0,1.0,1.0333657743986233,4.466674512165934,2.6290461588046306,1.7358344726427182,10.57305794818207,3.48397040244492,2.408619245837051,6.246946940918312,2.2362478156847225,1.3207226338192437,0.766181059943865,5.411984238706237,1.7605634509404227,1.2231673692457605,3.0029925616927864,2.230426696481211,1.3135067071898514,0.8253126786057359,5.161073709475833,1.716916282326495,1.181170362356557,3.259972949298736,6.702922327850655,3.9480481369130898,2.5197961697513427,15.985042186888307,5.2445338533853425,3.631786615082812,9.233920932537886,4.183497396622079,2.7412061960692555,1.4063133495479554,11.118807166982016,2.8860519334002115,2.369706985413894,5.976682185472719,2.4212482951232306,1.5350040183890286,0.8212238109572929,6.526455471609499,1.9593404830333596,1.4113625091614113,2.650389279453231,4.2388039954810575,2.791984695419021,1.348013726153581,10.346902667415362,3.207994071495575,2.1777476705850063,5.013333283717734,2.1937358680494197,1.4538509906398815,0.6903307305184413,6.307887668019436,1.6105510217399899,1.1904235823099665,3.131297828824806,3.295409326303205,1.438626260981433,0.6999620081838387,5.719889359510832,3.6503023473998484,2.33753300069588,4.213082004502002,0.48529322771818606,0.26180776615800305,0.10487731366863065,1.0439023539491636,0.501796264940342,0.24289653720444615,0.6707836343102707,1.3883832326275256,0.785470415298396,0.17596452649061645,2.611022148365193,1.3539023409291304,0.6419951835313875,2.0808162377757253,0.21009278069584225,0.15765360130558603,0.017477742974325198,0.5757314745530218,0.15825131832069164,0.07730362698078938,0.31510904915454224,275.33848372514285,217.77887998675797,64.42164524340686,828.3207006798468,168.8270789247806,121.85406670000621,393.9555017766118,0.7540584831820294,0.5952562406333008,0.2539811908073866,2.291000762448274,0.42055907826349026,0.32085972334695384,1.0435144550781232,0.49999999999999994,-0.8660254037844387,-0.7818314824680299,0.6234898018587334
user_04_direct_s129,user_04,direct,2026-01-06T21:46:00.975068841,2026-01-06T21:46:50.482785049,49.507716,8,39.571434551992326,9.936281660999999,0.7992983265879671,0.4468631873080766,9025.728226828678,16.93352570134804,182.30952578843826,0.3420381118237819,0.125,0.0,-0.00722451126761209,1.4194688087142855,1.3991059833702633,1.230836484,0.0,2.493046982,21,1,0,0,4.946429318999041,1.694699672162572,1.3858733227129867,6.9767279655504675,4.913752456709702,4.268728005747262,6.3998210572928915,348.44912416366094,112.98077370516131,216.13038719672386,543.8913509525844,300.94526642089176,264.6933261560145,440.56811735222476,779.7669041899238,252.83079231870144,483.66120400004934,1217.1317002615715,673.4617551152497,592.3363876772636,985.9127577866202,1.0,0.0,1.0,1.0,1.0,1.0,1.0,1.1166907126685046,0.13051852838629785,1.0,1.3674601052392563,1.0556555735507895,1.0,1.2196342095966348,3.277757446846719,1.4257575548806658,1.5030842270252547,5.68458033336303,3.0577186218736676,1.9356780525858952,4.555959638909995,1.6838844017537649,0.758059140721615,0.816404613526716,3.037964884392821,1.5088707993131827,1.0246254241983976,2.308849862966859,1.593873045092954,0.677421798672132,0.6866796134985387,2.646615448970209,1.5488478225604851,0.9559295971511358,2.185582013010273,4.961641848600483,2.180820084038477,2.319488840551971,8.722545217755851,4.56658942118685,2.9603034767842926,6.885129140538725,3.1454620620484532,1.4843330186237478,1.3374690047526472,5.90550331252687,3.3992857687145497,1.5573860455276058,3.937752917943621,1.5545752459744147,0.6261986992041526,0.6774383373067204,2.4284007242780974,1.5725942429178714,0.9834486548999284,2.000550624292079,3.0017431491984343,1.2665203445142277,1.4115573920364726,5.443671873851307,2.7871772188592963,2.017974494265186,3.8228894734838823,1.7381790300760858,0.7553050842761843,0.9085785768394392,3.3978839821560554,1.641767047061042,1.2353334764644304,2.0189066091886767,3.4508549339747328,1.1181759902680777,1.0588204016558915,4.985625385240058,3.426017135312193,3.160566829220116,4.166146526019325,0.619103665367726,0.20969324021180374,0.22025472042724467,0.9933062881677006,0.6434620242269462,0.5233766804774569,0.7196028758247757,1.4955743850243084,0.7810771180940888,0.32705292105709516,2.5375720317575654,1.4367772536179355,0.9326213453937257,2.2302025289458136,0.19724472767944984,0.08945730558790654,0.031055086873422427,0.3190170759673393,0.2169416167875263,0.16160600970524952,0.24229877982079667,269.8850044166902,165.78476816784612,139.01392306132462,691.8697046070441,219.54779804597098,175.72028417756874,261.814926355056,0.5522188667772623,0.40408872631828985,0.3037955480007915,1.5960269661296815,0.4158652132932148,0.3199896790808643,0.5017644175409586,-0.7071067811865477,0.7071067811865474,0.7818314824680298,0.6234898018587336
user_04_direct_s132,user_04,direct,2026-01-09T10:46:03.807581999,2026-01-09T10:48:52.122275918,168.314693,21,115.53447992410511,52.780214004,0.686419455514232,0.4468631873080765,15992.110678019228,46.955593933608554,95.01315894043324,0.2789750145794375,0.047619047619047616,0.0,-0.0523917947821373,2.6390107002,2.3762520817496053,2.215982934,0.62199331975,4.02974149925,10,4,0,0,5.501641901147862,1.6685756173424897,1.7655963007700475,8.744489470097882,5.102009052093405,4.755397154708469,6.654004720447844,235.19798890423976,78.10169655131999,101.0138682647349,422.59250952308867,241.3834069777981,171.9269208973535,272.6657224181858,526.3310910014378,174.7776473193239,226.05099532419953,945.6865580465567,540.1729518869128,384.7417415004553,610.1771865808328,1.0016147383118719,0.007221329262438064,1.0,1.0339095045493119,1.0,1.0,1.0,1.2343659251932972,0.4345015125145525,1.0,2.3137048070073263,1.0,1.0,1.2131107224100783,4.583833139579687,2.3105592348684274,1.7129181476836635,9.598881696303717,4.226974100809636,2.4591563889378527,5.796946890791187,2.290876745682516,1.120990156354241,0.7648049124333917,4.6298970717829,2.2601839002025317,1.497494465588343,2.8413750829858424,2.292956393897171,1.1982343667454398,0.9139030895313087,4.968984624520817,1.9667902006071047,1.1040654671411652,2.9555718078053443,6.8747098852622015,3.428533246055506,2.477723060117055,14.228778768086617,6.487158001012168,3.956650854526196,8.638321973777028,4.418186471384063,2.292493985641227,1.7432775370126405,10.462243800935916,4.196306307411408,2.546750374392015,6.11991511824455,2.271533358807356,1.172020555172901,0.9373290072639193,5.578613916512948,2.2960883819788247,1.3289128991636157,2.786062121230868,4.428476581377758,2.4056471358654874,1.4014507418174096,11.051005152697659,4.190760718171668,2.5791512202854348,5.370425651390638,2.223603084890747,1.1523755233763153,0.6938335663096633,4.823908916464957,1.9080563505611667,1.4504690521272243,2.9165097669369304,4.253560649166446,1.3507437490892276,1.3673961925961673,7.309802783684567,4.174184752030521,3.62740494699187,4.829126211190393,0.5843284980877752,0.3013174646177396,0.09738662416612406,1.2457998943447124,0.572092437009739,0.36545038814007363,0.8281489249236885,1.2480812519814168,0.6770598389348678,0.2728828409030122,2.447889046609607,1.3661432907833033,0.6292819989415657,1.6381439724852367,0.19073213718844298,0.13418112305475133,0.03263519485007148,0.5179380836308347,0.1926397075110366,0.0822872521428939,0.23069073126873546,155.68849416444527,79.51086521422526,62.05621631398421,352.38844261536764,125.98397970123095,100.66970993808562,189.38480901588355,0.4591872118956055,0.21528744390503088,0.258301275262112,1.1327617752301133,0.39608220663903076,0.3167877350835495,0.47975637145793815,0.49999999999999994,-0.8660254037844387,-0.433883739117558,-0.9009688679024191
user_04_direct_s135,user_04,direct,2026-01-10T21:53:03.107684830,2026-01-10T21:55:17.774173003,134.666488,17,95.44577074249256,39.220717441000005,0.7087566636659639,0.44686318730807656,16954.576618735053,43.14368690801972,125.90048846254203,0.3203743377344163,0.0,0.0,-0.11869380537286214,2.4512948400625003,1.931128354361966,2.1905611470000004,0.8409414675,2.95375656775,21,5,0,0,5.614457102499562,1.1530007430603455,4.060675494793387,7.913768771884309,5.279706917717658,4.769998523732104,6.431375313129761,308.024413811288,123.11972530035534,137.65362039960704,667.3342249147702,320.43318308505826,206.92477073427344,360.80197122084655,689.3036225848914,275.51995509416196,308.0442164610571,1493.3748043440785,717.0722319181443,463.06067855084973,807.4103695905976,1.0693370407343883,0.19007627615847406,1.0,1.6140693764022525,1.0,1.0,1.0,1.4685268950314772,0.8306949757222146,1.0,3.611998979207657,1.0,1.0,1.5305735718511486,4.422230450508489,1.9014945362985298,2.096472403233081,9.325151197675947,4.356736857133534,2.79057374439964,4.864219252241298,2.1863252474384858,0.9304047818390393,1.0809139420676994,4.5747339841867305,2.226432542268075,1.4259431888610181,2.4086705039997423,2.2359052030700046,0.9760418604847648,0.9919811576023738,4.750417213489216,2.1050610107233507,1.4367412307223673,2.455548748241556,6.608555697946976,2.8301963440485296,3.2009636488637883,13.899885181862677,6.696185475280961,4.2165169332606585,7.272889756241041,4.350455201596325,2.125942539551701,1.9745942453749206,9.574506615321429,4.078455267483225,2.5281984697127142,5.421997778285108,2.1884238858362624,0.971244457799544,0.8102325077354773,4.0765146277993844,2.23897113416103,1.2649329106170504,2.9647130989856865,4.254443075737178,1.7441841436658498,2.1772383684546077,8.235239478085537,3.3670985913127014,3.112215392231588,5.2725707271093825,1.9873202177359333,0.9322928663738083,0.8188446904601361,4.145802929387092,1.7921095270948033,1.3961889722306384,2.136424822780414,4.275997275278902,1.017325997233294,2.5109236609982246,7.076578571501806,4.278563670296623,3.603122247217199,4.7185606995721665,0.6280673027048264,0.3295735731918581,0.2047953702230374,1.1877334526629844,0.5762400477070725,0.2754688487911385,0.9909352467363246,1.3384598272206594,0.5940249356258903,0.31601292134776404,2.5311085911531244,1.3816960733539752,1.082268278284244,1.5497518337951628,0.1678246051728651,0.09990485438449441,0.05198964894132025,0.3967816967458483,0.13332710376522294,0.09562536825307424,0.21449335137736786,189.3090293516259,92.08968326661112,67.1087607804794,452.9789723222564,186.18029610443295,148.2048090933073,234.19808856425698,0.4646733775566833,0.18742789171173424,0.25272408856643785,1.059909666699999,0.40760540872350853,0.37167548736026756,0.4925288914527662,-0.7071067811865477,0.7071067811865474,-0.9749279121818236,-0.2225209339563146
user_04_direct_s137,user_04,direct,2026-01-12T10:59:02.158905598,2026-01-12T11:00:14.945750699,72.786845,10,44.47937288845976,28.307472218,0.6110908212666692,0.4468631873080765,7776.633634157468,21.670062890115357,106.84119684205942,0.29771949711675727,0.2,0.0,-0.06323375514120351,3.145274690888889,2.7711565278908017,1.331880006,0.854245456,5.557074465,10,0,0,0,4.447937288845976,1.8796844452667565,1.514089369641789,7.097220257640875,4.246341320247888,3.411044215583317,6.194965683904284,240.1810567004809,52.171637571515674,177.72229768706796,316.66378402519103,242.8020532584036,188.90127391138535,280.86292440826077,537.4823067152658,116.75080663010058,397.710759657055,708.6369900657683,543.3476288817922,422.7273117961113,628.5210605514216,1.0,0.0,1.0,1.0,1.0,1.0,1.0,1.1670062890115358,0.31157345965472155,1.0,2.0400059527110517,1.0,1.0,1.1824749017597571,4.976937320197629,2.759756540623601,1.8463052098175077,10.135727451664302,3.5800063353028984,2.6939089693993727,7.322266446780123,2.520582780375613,1.4048150282225496,0.9812135556840486,5.184160852748535,1.8628576173160791,1.4043490721174556,3.764844255592969,2.4563545398220152,1.3598169017286186,0.8650916541334591,4.9515665989157664,1.7379844496428718,1.3878139433465304,3.5646202962430564,7.497520100573242,4.1629822060444255,2.8275187655015563,15.319888304412837,5.442863952618977,4.098258041516829,11.087110702373092,4.762077320635285,2.2137656345734666,1.7483041704262712,7.981958738353654,4.025253313565487,2.933804283399224,6.85233491131093,2.6769948444605527,1.504010888186864,0.8084941144605551,5.061818329917391,2.338950091122351,1.278489071244298,4.052340794280153,5.217761248256653,2.6852787505777593,2.052261045041789,9.27693668939325,3.800945539677146,2.916663771160634,7.946379283608113,2.6380665977304583,1.5614334686979383,0.7389647001184984,5.621922722260918,1.939235463643239,1.7577339342311873,3.7810936026077426,3.5489678790189187,1.425993128006933,1.3321846290104535,5.7273437308534385,3.7325648282634485,2.6741262406441066,4.576639209798237,0.47579926629391667,0.28641742187702945,0.15410252091584928,1.0346892507468912,0.4299965793415359,0.2539062485428435,0.5622221731217637,0.8989694098270575,0.7972746542563305,0.11377847660972851,2.3040293743669817,0.5442920528418713,0.2360904268570435,1.4735008347337972,0.1029270748821806,0.09294990856009423,0.014391840425930278,0.29329463352928337,0.07641151416434547,0.027434159032278724,0.12671350075027699,222.15380350903678,135.64620974677044,97.42145146057273,563.3251713905418,167.38483314237928,146.65133976171109,226.76607758155956,0.6875712089284921,0.5468087782935787,0.2818004693945912,2.0078114368046003,0.4710572860061498,0.3316968859078506,0.6703279868971584,0.49999999999999994,-0.8660254037844387,0.0,1.0
user_04_direct_s140,user_04,direct,2026-01-18T10:02:03.128563962,2026-01-18T10:03:46.382758637,103.254194,14,71.85927139374516,31.394923288,0.695945303623649,0.44686318730807667,14905.422439526841,38.18101528082403,144.35658119152856,0.36977689526900986,0.0,0.0,0.1487637868378892,2.414994099076923,3.2590927448224396,0.722843782,0.0,2.930279996,10,6,0,0,5.1328050995532255,1.6941902013204153,2.5017283306459617,9.011299844950972,4.416705924040389,3.9963700760855545,6.308784144854194,328.82389186719826,142.74783059775407,200.11915325185694,678.4889724849687,278.11988690891064,233.76889606625878,315.20097045440343,735.8491395275761,319.4441490194645,447.83092216072555,1518.3371370826408,622.3826325554296,523.1330364769872,705.3634745640784,1.1135561907549392,0.35198076067510264,1.0,2.3676547467508953,1.0,1.0,1.0,1.613659186446777,1.1567374327275517,1.0,5.298388441916085,1.0,1.0,1.7874513253901556,4.289899455398456,3.11244238334617,1.6899219657732032,11.738263559891132,2.752280498896631,2.1636507250730626,4.979285447016106,2.1255732026957643,1.6016977993514694,0.7722479373684071,5.967768129117543,1.3512821931197005,0.9505256930958678,2.492593890948519,2.164326252702691,1.5132585402688457,0.8649940634952092,5.77049543077359,1.4009983057769304,1.1294403536985618,2.486691556067587,6.415472658094221,4.713333793664231,2.46216990314161,17.706031689008675,4.1035626920163315,3.129810084626528,7.471879337964625,4.444101843139459,3.470962778407577,1.4775278777697367,12.112152186390418,2.834999759441908,2.0559873992207773,5.176404533195022,2.0081476181100104,1.290310782732488,0.7621723491517931,4.614161594463276,1.4789960348909201,1.0320584507513717,2.523240682974575,4.38896828160767,3.3404220250305268,1.6680592194172739,12.871693965607708,2.7930578616161,1.9893363412424905,4.979865949440433,2.2187690558996223,1.8286568769521545,0.658465421706176,6.245103059115135,1.2962409832956396,0.9914804363416723,2.8577757587857335,3.9244918355104264,1.6961897977510572,1.6647300220784806,8.021693062240674,3.380100509190227,2.7133314811019886,4.605970781227577,0.5211404564626289,0.27844128016884,0.1782092254247083,1.2140256451079792,0.5229789126821126,0.3183936993951392,0.643151077476233,1.208313264042799,0.5220090865995164,0.6217873765542823,2.3758001495820444,1.026278204710993,0.8407109412477292,1.4910731071399224,0.19968517474484396,0.15492894133554244,0.07449075283701855,0.5552822930126656,0.11217541034826613,0.08443066116793628,0.29945240274537765,236.61200170507368,135.91464466474096,71.90417437675526,550.841237171426,183.8735717531653,139.4423317298253,288.80374808846966,0.611090762725432,0.42413010692933095,0.2219435635715306,1.9064579347112762,0.4546932094373478,0.34167603730652213,0.7676128659144261,0.49999999999999994,-0.8660254037844387,-0.7818314824680299,0.6234898018587334
user_04_direct_s142,user_04,direct,2026-01-18T10:47:02.299344227,2026-01-18T10:48:18.846729161,76.547384,11,53.9586170110487,22.588767929,0.7049047817368743,0.44686318730807656,10126.246703582068,26.911376133664174,132.28729937501285,0.3515649356960935,0.09090909090909091,0.0,-0.08481553595047435,2.2588767928999998,1.905659421859973,1.92407248,0.5768883627500001,3.80519170475,10,6,0,0,4.905328819186246,1.576732869670192,1.2908031153394224,6.724570651145076,5.071813682839334,4.1498684634378185,6.183205937199762,284.3170671261565,158.960410872584,120.32577619755013,702.5881024646899,248.96507000405296,187.40297030146309,290.9825441447464,636.250815017668,355.72500798324535,269.2675960228407,1572.266685687652,557.139359596456,419.3743759256313,651.1669620799107,1.0557479739769136,0.15046636812592729,1.0,1.5247921045076267,1.0,1.0,1.0,1.3907407654471022,0.7629668201402026,1.0,3.4122123903135573,1.0,1.0,1.225105769541933,4.222724651526501,1.7532843552003172,1.9825419560057729,7.234073144978012,4.1490756334192,2.8562483915257166,5.347215002989427,2.110518150397182,0.8831976908678052,0.8569238303293183,3.5370260637932414,2.1355289183725317,1.43046679545612,2.773967818674145,2.1122065011293194,0.8791540734148974,1.0382068740882098,3.697047081184771,1.9193927325182076,1.4697327231816757,2.6594721335052594,6.333242801923683,2.633472327154175,2.839465786335091,10.771099208771254,6.2976138956801435,4.283069596507316,8.088651490893962,3.9439677483785136,1.501687501406398,1.899632944255514,6.850358141642332,3.4518515890862242,2.7980671528344505,4.874728769208243,2.147325174821027,1.131035873535888,0.748490770060021,4.048416210228059,2.1480832402841905,1.3155529648289814,2.771203224888546,4.038405922792453,1.8812748309723095,1.72285662271676,7.5425782631986005,3.3221989882273273,2.4500151247744175,5.44097525875638,1.8513868589276419,0.7634804768282468,0.7004218095604896,2.9661463114828908,1.5993582800743624,1.2713598476800985,2.5739445655422166,3.685014294105524,1.2097711161680373,1.1041897218695398,5.126011772936528,4.330699215644328,2.837135318751427,4.536275709632583,0.512802566001494,0.268935741833863,0.12581314476639124,0.9195937495768522,0.42949833430285383,0.2869880492667845,0.7538408858373946,1.2203145250807224,0.7220566588723659,0.1866133934698826,2.3867246958174215,0.9465638645734655,0.6696715574765868,1.9363832668680483,0.17178540296674683,0.10338468613697471,0.04065456254145223,0.3448741965379462,0.14327459382997396,0.08648816227387816,0.24442285021038002,216.90553223588884,135.98232532848044,70.8453093980848,499.65013175839397,147.72557757062427,122.56631648667272,286.31953073614835,0.6019820718391254,0.37982915622279734,0.2974167577017628,1.549422972591828,0.4119480662886672,0.32356037904315593,0.7047525406926892,0.49999999999999994,-0.8660254037844387,-0.7818314824680299,0.6234898018587334
user_04_direct_s144,user_04,direct,2026-01-19T10:36:03.058517565,2026-01-19T10:37:30.878765476,87.820247,12,59.501873376424136,28.318374539,0.6775416308772638,0.4468631873080766,11628.956500768389,35.51002758212369,132.41771570932144,0.40434898323758633,0.0,0.0,0.014130659797624515,2.5743976853636363,2.6481963854392427,1.527982233,0.6526813595,3.032777781,10,0,0,0,4.958489448035345,1.7207474093454378,2.196941480733881,9.56672248218484,4.982420695977408,4.037228535639161,5.5262950475330515,299.29992762876276,141.7202809982435,130.65641457286824,654.5565237512695,283.9004051110244,192.02590672346108,334.4202577659354,669.779780768603,317.14467654400596,292.38571957548845,1464.7805913356765,635.3183998468367,429.7196819461312,748.3728068550415,1.105787949610706,0.31070174506216547,1.0,2.1281653713606525,1.0,1.0,1.0,1.8533810155662682,1.028035506316265,1.0,4.762453994433541,1.7215812867970717,1.0,2.129400681242418,4.509834461677429,2.5754501047154155,1.7615940838127744,9.650425596805189,4.1240708262477925,2.6200449405043758,5.102395238030919,2.2117972873147864,1.2948137866853817,0.7335819532333792,4.729247845484816,2.065495760358247,1.1570019996124248,2.6348393454201546,2.2980371743626438,1.288279247823764,1.0046470850157085,4.979746526831004,1.9663012161331612,1.4229709635096206,2.5235531405318765,6.721631748992217,3.8677265347701355,2.4951760370461535,14.321104666779373,6.189566586606039,3.7770469401168008,7.642384782385383,4.49118240068733,2.6985788642734616,1.3879672161362757,11.308799560711767,3.864363162934519,2.4649515217497253,5.81794419727955,2.432550744119798,1.5135879380177566,0.601548275937436,5.974772601536287,2.172874986974916,1.2604533460676555,2.9580747409988897,4.07846351035358,2.360372315765535,1.351769508295282,9.191881846847567,3.41846891202146,2.36347122313719,5.122836341175253,2.5280919315267956,1.677548726981643,0.5930354681116029,5.807625425746415,2.103127385738837,1.1721549013835002,3.0983547002645935,4.028903586613092,1.4378956455225291,2.059987412606994,8.216881377124812,3.795583426548391,3.3094938470280875,4.084643456325458,0.5076788190116482,0.2433002816683204,0.20457321659965164,0.9327752032620273,0.4952001118906548,0.23483024597573898,0.7163746120311978,0.9295858614222534,0.6445313862347238,0.13695406812688704,2.175702348116278,0.6794682072500344,0.3776270920678123,1.400812518032657,0.16442891001729312,0.13315234081162505,0.025518443939149413,0.4247898152200585,0.13355293130540705,0.042146236054215,0.28379105349363576,212.3143115653503,108.25680759498127,102.22892543011717,423.6166342101742,172.2346814522007,122.58271003690594,283.01775243463794,0.659879708255141,0.33400398108119606,0.2688800044099022,1.4233582344702795,0.5887035023262335,0.4098683779338938,0.7605109521915774,0.49999999999999994,-0.8660254037844387,0.0,1.0
user_04_direct_s146,user_04,direct,2026-01-21T10:10:00,2026-01-21T10:11:45.781155003,105.781155,16,79.22068229563803,26.560472716,0.748911110827236,0.4468631873080765,14230.27532262617,38.60170383932815,134.52561869480598,0.36492042310682044,0.125,0.0,0.0690931527732265,1.7706981810666667,2.0335453613278944,1.090882359,0.1521575915,2.9593055010000002,10,2,0,0,4.951292643477377,1.9756078356121947,1.1073935190652326,8.204342514901988,5.507014230212025,3.889164847309561,6.294067984957917,274.68847101100323,134.86787586205162,111.35902323592424,699.8629045465747,244.81077968796842,183.4987549329184,329.89824367227095,614.7037366531324,301.8102177413665,249.2016044256317,1566.1681794881774,547.8427998571985,410.6374392536628,738.2533469798497,1.032310422752554,0.11798747997938354,1.0,1.4884973207762233,1.0,1.0,1.0,1.3802960672054554,0.6470605870627373,1.0,3.3309911468496587,1.0,1.0,1.4896340485374138,3.5991603367491805,2.075982388764873,1.7819657663642867,9.247379099651146,2.7077087773453523,1.9309435923160394,4.69191742276756,1.8090606550526962,1.0720602318434005,0.8920849205557168,4.661785735543457,1.3567888335082845,0.9510508496368307,2.3435138509116804,1.7900996816964843,1.0094174639111955,0.858407248458058,4.585593364107689,1.4103528689081868,1.0070603563287102,2.34840357185588,5.408220991801877,3.146284860255847,2.681851229025251,13.909164835194604,4.064497610853637,2.869049784317334,7.03543127367924,3.4303161578754047,1.8945618329507001,1.4678630043963332,7.172496194294328,2.4139519317743927,1.9994453628950042,4.850629959519103,1.8090760708501596,1.112602345201593,0.6849569184626616,4.764987455774895,1.356873703209359,0.9210777453148628,2.1843520728286143,3.2191115502523995,2.1295143747051553,1.4009685977963544,10.430422855608558,2.948621643516202,1.753257047011502,3.8412204469062674,1.7870889535668135,1.1226211529059518,0.631410772446083,4.516801501250936,1.4171543470511017,0.8984065319254162,2.3403785806033794,3.754941687802726,1.719968426662965,0.6259959468504706,6.505848108504552,3.6260906548568608,2.9371078831711808,4.831635607233016,0.5056990454534642,0.43712226519457736,0.04350906083552761,1.610620497042714,0.3106007834676275,0.19880858149411515,0.6213697630522119,1.1963509556746512,0.6977828867758494,0.3716842634466929,2.3628753895498207,1.066922466662165,0.5218330021822425,1.893807871281844,0.15109014745037389,0.11194178901255923,0.0346420060112565,0.4404532663269227,0.12048136866161752,0.07257171411798766,0.17681365280038794,248.14202991822393,235.9145007770964,70.73120546391726,946.6713249597367,142.61705246338647,119.47939087404187,239.70852065825187,0.6639433822775819,0.5066301218370955,0.24377334275931223,1.904086281861289,0.45263638523079586,0.34038050953698107,0.7267552211474806,0.49999999999999994,-0.8660254037844387,0.9749279121818236,-0.22252093395631434
user_04_direct_s148,user_04,direct,2026-01-24T21:29:00,2026-01-24T21:30:31.208525574,91.208525,14,81.03959096727242,10.168934616,0.8885089520664041,0.44686318730807667,14231.224322771279,39.26396479170198,156.0295413479308,0.43048568970611006,0.14285714285714285,0.0,0.2758415508036737,0.7822257396923077,1.3781460423684406,0.0,0.0,0.57795874,21,5,0,0,5.788542211948029,2.455894696205039,1.5001636585190088,11.540707186417526,5.376215110589483,4.978613925676919,7.2509477993417555,313.9506167526865,200.06189898245435,85.44770953419784,803.1669742941335,232.80922390795303,156.67969864173176,418.7490054603362,702.5654063024049,447.7027973318546,191.21671232069622,1797.344236683372,520.9854615915131,350.6211813633098,937.085482433446,1.138501601365604,0.2594145717918473,1.0,1.893820686586643,1.0,1.0,1.1301804046202464,1.6660673123273944,1.0929720515732946,1.0,4.238032445668891,1.0,1.0,2.228304276960818,2.6801746510976514,1.2576755671169895,1.665680037601512,5.669428314828816,2.1396876843591244,1.9721436750261563,2.5345778004138864,1.3380698432511,0.5950002726116915,0.7812297398740696,2.753261340883659,1.0910740190317223,1.0212302826930058,1.2683478913097697,1.3421048078465514,0.6686302048660283,0.6908693992475701,2.966728262469684,1.0693194475710235,0.9583010464323205,1.27756019150439,4.018244494348751,1.8505350475478353,2.4469097774755815,8.372128367187948,3.2578702348047113,2.9729035610511567,3.802925691723656,2.726051346177548,1.4043780478311612,1.3038715617784742,6.091607807466604,2.3654693769013413,1.9182558961066216,2.7306212777609264,1.4819718334690695,0.794235305497849,0.7320581178700455,3.455242787025346,1.1947740792421002,1.008994112153004,1.460813221673706,2.5013652755034026,1.246592127842806,1.4113443258847564,6.2401940419424635,2.0817516829472504,1.7838144605854938,2.3988549533371013,1.2831767163124863,0.46732015736152777,0.6621264325992503,2.3384921704979544,1.1795696439804524,0.973713776400734,1.2846201557406611,4.359641225079013,1.9696581391794163,1.1268339412049606,8.952592978645326,4.298394688481128,3.8292809349059374,4.794762790212746,0.5883463206851542,0.33552648169576377,0.06731656815473598,1.416959054501301,0.6316922914572168,0.30445410595073163,0.7573732693486619,1.4289009868690168,0.8450143978648067,0.3733297173140482,2.7039692597234684,1.3826038218099155,0.6100371362173946,2.297520281618655,0.1761819136576888,0.12579629864291167,0.03657945237324175,0.5050904626658889,0.13707232999521196,0.0810111639188511,0.21837331806508542,240.04872629601527,235.8471160801822,23.97291755053846,957.6974859499334,163.79610647832402,93.09360746179502,253.5636447770929,0.6795473008444051,0.732522678513771,0.17329960527495553,3.163498777631119,0.4016272038011044,0.33407885483546407,0.6904558042778928,-0.7071067811865477,0.7071067811865474,-0.9749279121818236,-0.2225209339563146
user_04_direct_s150,user_04,direct,2026-01-25T21:43:07.733615540,2026-01-25T22:00:02.786300414,1015.052684,25,134.40239682001823,880.650288065,0.13240928174326982,0.4468631873080765,21403.696149927637,56.07404059151855,21.086290876629647,0.055242492803968146,0.04,0.0,0.6415031407732741,36.69376200270833,168.0152113582098,1.215995323,0.33553096025,3.02646112725,21,6,0,0,5.376095872800729,2.138693544636459,1.5392198911830306,10.931002348416841,4.857746405016239,3.7408980400484886,6.946785832603132,264.42096158449635,114.04987093428721,99.52219253823263,533.0463574588501,246.9234762275812,188.8227671528523,312.734115996788,591.7268844126093,255.22324096851358,222.71289147302264,1192.8625418216811,552.5706373690325,422.55162769242406,699.8430948870773,1.0,0.0,1.0,1.0,1.0,1.0,1.0,1.2429616236607424,0.4073216972450158,1.0,2.191834422916897,1.0,1.0,1.3897803900715107,3.807849006358751,2.0466756337451617,1.5815103152104775,9.647311808752505,3.1962287458090994,2.2872091848143876,5.143919395644344,1.886519691913053,1.0400781922836684,0.6938239162959143,4.8281962166614685,1.7028778606150643,1.076609284128796,2.4750369265123053,1.921329314445698,1.016023989941671,0.7505412297443816,4.819115592091037,1.5073684915730057,1.2022686226390125,2.668882469132039,5.694368698271805,3.083663866818732,2.412479400676573,14.475508025413973,4.899106606424164,3.3721497469897628,7.61895632215665,3.554033125198954,1.8833080731114316,1.2812322794634061,7.37811343937731,2.8575930314542215,2.1883021587089964,4.465978788046892,1.7750907917697794,0.9352693923005757,0.7902980759931209,4.614943165733359,1.4392002237118189,1.0544256875975901,2.1627669330728434,3.635542615836903,2.345641966118606,1.3113185964898608,11.219478520971396,2.6693129893236502,2.108533807589399,4.557286352510391,1.8656371007610226,0.9706686432643621,0.5847937834799916,4.015754394471241,1.7856111912694714,0.9873235059332309,2.221549372145428,3.9438606455095795,1.5032406294288778,0.9511434536040123,7.653972999659384,3.916189980540444,2.770223410299893,4.549908390998778,0.5340161679737713,0.2560337755761412,0.19143582846987905,1.231512937250356,0.4877464635658812,0.37177142799771284,0.6352887606626999,1.4322352272911494,0.9803146942116762,0.33316168508008914,4.071952211276571,1.095984470960075,0.6292452602981609,1.9551654466405317,0.23820051429844405,0.16089515980030783,0.02806391934716401,0.6166124482388676,0.21229634375571124,0.11695205364217698,0.333869784616169,191.6817390252334,133.55413463541097,44.25972062223686,638.0223583038916,138.25736062957984,112.58968472665954,240.1322568493579,0.5002376309047872,0.2573151210241479,0.18333764228605975,1.2993595076677562,0.43999173092626426,0.3377726499779373,0.5879718226421473,-0.7071067811865477,0.7071067811865474,-0.7818314824680299,0.6234898018587334
user_04_direct_s151,user_04,direct,2026-01-26T21:00:00,2026-01-26T21:01:07.698305623,67.698305,8,46.023013987187994,21.675291639,0.6798252037061784,0.4468631873080766,7740.014544789991,20.258287307673058,114.33099462076622,0.2992436414423235,0.0,0.0,0.16989810568388175,3.096470234142857,4.363987946581794,1.254894916,0.0,3.6572097914999997,21,0,0,0,5.752876748398499,1.8121176219294854,2.169508173721685,8.069507942140326,5.799419024114579,4.879556979865397,7.151884694511901,298.81259676413947,136.9963810359847,112.52803412743721,464.4281614306614,288.32181687656464,184.9918560451053,449.9699027821967,668.6892213346094,306.5734321532658,251.8176420065189,1039.3072748471338,645.2127296800346,413.97873286341695,1006.9522743478494,1.0498170024749074,0.13180339961129434,1.0,1.3985360197992596,1.0,1.0,1.0,1.482468910984225,0.7319153097049206,1.0,3.1296738230421304,1.0,1.0,1.7447705137003542,4.637355480797188,4.168362286845777,1.7241828995129773,14.917416850912431,2.55291908712464,2.059370840116521,5.40606911499075,2.3008683710922773,2.1464213561190837,0.7698535588877108,7.591060218874217,1.3193150501378945,0.9043763172842251,2.7035422786525216,2.33648710970491,2.025901073981285,0.8696502360165688,7.326356632038214,1.381821822148168,1.1020554064037593,2.702526836338228,6.9382238518894646,6.3135142688716535,2.494036458400688,22.50847706978665,3.8722341372625344,2.963747157400746,8.109611393643272,4.016262608343445,3.492983885055861,1.499836345303294,12.77007527491352,2.6154599498030415,2.003229446343172,4.192213975807535,2.0005629842804833,1.6005329840221332,0.7725568229828422,5.65819364087106,1.2557094193215896,0.9349594076919194,2.250724765440432,4.615418470655441,3.8812059667909407,1.5509430210049848,13.644099377815659,2.674250781612694,1.8579327290152772,6.095383982750047,2.6144104292936365,2.605907871705371,0.69728131029563,8.908854471940597,1.4259827676975236,0.7974447092585605,3.263289872359905,4.194324567114657,1.379153652690982,1.8041113667292503,5.769522685899439,4.662374456870062,2.9976935045501847,5.2475681595017765,0.4608370980271772,0.24811271799245,0.12212405961035425,1.017662584091833,0.3866849788496587,0.3363504656463186,0.5536187681351726,1.5585521812838419,0.6848165042525911,0.3653968069924347,2.323116668782303,1.8221872262818133,1.281793907901026,1.9912655421228393,0.1712637219665168,0.10551874643481973,0.0290123492035257,0.35984037496137655,0.14438586318089117,0.09874105806836654,0.2529067741028048,188.98977991137954,89.53666203419567,49.49053002156927,306.7543379566028,196.81216644132473,153.5595129373937,248.06907562758258,0.4976335285855875,0.2374417200054093,0.24784658672379067,0.9218679257470129,0.40749097431229186,0.3715409980568938,0.5492925449026206,-0.7071067811865477,0.7071067811865474,0.0,1.0
user_04_direct_s154,user_04,direct,2026-01-28T10:30:01.593602914,2026-01-28T10:30:56.371208356,54.777605,8,49.704974271541005,5.072631174,0.9073959015101336,0.44686318730807656,7942.947559491831,19.187339733571697,145.0035568274997,0.350277083738358,0.0,0.0,0.0891266500854356,0.7246615962857142,0.8664741996044258,0.238587261,0.0,1.2300688945,10,2,0,0,6.213121783942626,2.10436302484718,3.0759053097683378,9.819113453277076,6.1918143014201785,4.464296974796304,7.823760435776382,306.64707055502527,134.1120912240329,118.81724483865493,599.3368879250162,298.2493637906156,226.60315036620702,335.4848446251182,686.2213743814536,300.11890671041857,265.89177227691374,1341.2089090073587,667.4288065375956,507.09737745745923,750.7551621025077,1.0044864649218868,0.01187007044912689,1.0,1.0358917193750932,1.0,1.0,1.0,1.3939310017745754,0.4842812017548452,1.0,2.318140649748641,1.1619554909684282,1.0,1.624253032400372,2.8873920987817137,0.7982141779865216,1.8881879294086221,4.201729020505346,2.8083720127864282,2.125803242953769,3.5360119967993864,1.4428228346227687,0.39324594262043666,1.0121084662817763,2.1381148741144593,1.3904909266841008,1.055180912647745,1.6828049991164034,1.4445692641589454,0.41601291611699726,0.8309538721067722,2.063614146390887,1.4178810861023274,1.104466523571079,1.8330551365901298,4.330214933404482,1.187648830368683,2.945421986710472,6.339843894619806,4.198862939470529,3.1471399623364587,5.218816995915789,2.8706505299086134,0.9362362361588329,1.6000846455304807,4.950669686997589,2.6804823682567234,2.3484809982726533,3.171785815186447,1.4970548968915134,0.5349325669101752,0.7967667150506225,2.5646903934751077,1.2692767525550988,1.1631287820060239,1.849573708188066,2.8312720031745333,0.9680621481744274,1.785689037403823,4.892989015596537,2.5576202718978402,2.264938151369112,3.095180453163732,1.5259516506807562,0.5095866775472904,0.9169688434858845,2.429238134494734,1.3771653101420471,1.0926299183936388,1.9178022919803075,4.249737885069012,1.5905436564145936,1.906239489803478,6.356516490845176,4.223163199162713,2.984702308958734,5.838546874397219,0.6700824257443474,0.3578087432143574,0.3206215018648809,1.4276775195192575,0.5278219673487993,0.4429243962743445,0.7557573710704362,1.9633838988736136,0.8887413834029482,1.111601988528606,3.8627165960465266,1.6882616090338667,1.3012405313619722,2.218248491921968,0.28251161140818115,0.14800650398031334,0.10982551876650956,0.6289666962341467,0.24672288437018272,0.197700282763681,0.295256416671971,202.1526112975327,175.1860137349666,77.74155627349647,630.8860649154792,138.05344122677153,83.97584767827293,201.59416429759574,0.44220655485711907,0.19906876535844722,0.23667217951955363,0.8107557360837656,0.3912355109928961,0.2868219983349972,0.5087485469836757,0.49999999999999994,-0.8660254037844387,0.9749279121818236,-0.22252093395631434
user_04_vpn_s128,user_04,vpn,2026-01-05T10:15:00,2026-01-05T10:27:43.960066184,763.960066,33,209.3440715951945,554.615994605,0.27402488809564884,0.44686318730807645,34084.36972679641,83.50089298387483,44.6153814102587,0.10930007561923379,0.030303030303030304,0.0,0.6527096864450265,17.33174983140625,82.47955589718127,1.8771154265,1.0304971682500002,3.81841293,10,0,1,0,6.343759745308924,1.9746842081682463,1.6125968987312742,10.470521077334224,6.451381113251737,4.939522361113337,7.671125536265426,318.9983521449031,162.78860188982534,83.44437803047134,768.8796278208738,261.5623830267894,197.40710494774336,440.09709910219516,713.8613365458972,364.2918157355297,186.73361422574084,1720.6152792594944,585.3298961645346,441.7618424487648,984.8587030705291,1.0548314319426288,0.12528390617345472,1.0,1.4587425251486066,1.0,1.0,1.0,1.4754986584778207,0.7550274549400742,1.0,3.264405228669956,1.0,1.0,1.8097164970411113,4.839401434097121,2.272061339444315,2.0303581280073395,12.402536538401812,4.431441652902928,3.1233855138102267,5.696622703427436,2.4181871198602365,1.1405726889676595,1.0078303367064014,6.225400893701567,2.130816305501321,1.6018829135723787,2.7789307964370162,2.4212143142368845,1.1404511342393624,0.9543734063999716,6.177135644700245,2.2129990388295933,1.6155395735508504,2.9176919069904197,7.257588553957358,3.4096493644427692,3.038188464713741,18.62793743210338,6.505390814978405,4.7252684273826056,8.475553499864452,4.697954419240412,2.4445757485898643,1.8505328054426946,13.314658386638394,4.309548232601933,2.976629301542336,5.867017172949527,2.3532112483581344,1.0755780617608053,0.8404052761369304,4.927758902214919,1.881502835022687,1.5085934151077118,3.042091489527059,4.585238543708885,2.200885779399246,1.7464942156433532,12.511015050687696,4.3748973939065205,2.8074625459112226,5.44633519630975,2.4006726793892943,1.425084254233317,0.8312327141830365,7.827351010137744,2.1372499956345052,1.5026591094048567,2.857962419378899,4.540993640609721,1.613581970697934,0.9405489791385395,9.329525916366503,4.558881573230917,3.6678032850560545,5.279281333481747,0.7147787536539845,0.3379786565307548,0.1673419607072125,1.8034222973722602,0.6621249343050187,0.4666021190689816,0.8060949114275955,1.8027661046992032,0.9641551824918831,0.23621560636462258,4.239309884995134,1.724988789064755,0.8796120006932107,2.3864668586127467,0.26241740412693315,0.1920603974385859,0.034243373151919665,0.8516353148731781,0.21514873432735465,0.13862905622624241,0.3325199251513269,204.61399966841194,250.87662906015035,37.773201203098594,1543.7800413972034,147.87912858521537,104.85689838443292,232.77799469273674,0.4907226717676887,0.44263363953964263,0.19685450682415548,2.676320167595136,0.34596748606073885,0.26760593754767004,0.515736063874415,0.49999999999999994,-0.8660254037844387,0.0,1.0
user_04_vpn_s130,user_04,vpn,2026-01-07T10:56:00,2026-01-07T10:58:33.627085489,153.627085,22,123.07550555187672,30.551579946999997,0.8011315553626284,0.4468631873080766,22449.43308563506,50.92078388286509,146.129395644232,0.3314570727086639,0.045454545454545456,0.0,0.026088367337404893,1.4548371403333331,1.5327791721567987,1.195931059,0.052710779,2.112049866,10,2,1,0,5.594341161448941,2.014104368294861,0.2,8.693750727637315,5.935357030589056,4.692846478246685,7.129471156270096,315.1590693171054,104.5557413676659,143.83765218349419,522.1665609168364,337.38972825922633,222.57970783002773,356.3672584186517,705.2697073026701,233.97707472283466,321.88297507784995,1168.5155003758323,755.0179514488023,498.0936316792118,797.4862744130339,1.0053755632866528,0.019522431825535886,1.0,1.0909705415742268,1.0,1.0,1.0,1.309205522298124,0.45703424185441704,1.0,2.44139721632986,1.0,1.0,1.553386003237087,3.7498481127017684,1.5488211016311393,2.101025350753853,8.365590388297733,3.6830486677641803,2.4689044387927854,4.376210784238333,1.8928189747782311,0.8012144988583405,0.9999360560749935,4.230225245066404,1.7997956989656285,1.2175742144277875,2.1682447539768663,1.857029137923537,0.7632893763435769,0.9436561919289721,4.135365143231328,1.767531596041712,1.3250783986903725,2.222525174373531,5.64266708748,2.344988759895976,3.1009614068288465,12.595815633364136,5.495346299559671,3.6895481046329643,6.555742675201573,3.487329863271721,1.6024296493051078,1.6742430702166748,8.50794746522986,3.283889372883227,2.1955836434427103,4.255973543790922,1.962895596029477,0.8706706438871569,0.8020576160635171,4.81605628054922,1.8901980586048341,1.386215536428946,2.3488053796120205,3.782972396081637,1.6874023536340055,1.7231291946122875,9.071801679458689,3.516728797255692,2.5763611163849967,4.394764703892733,1.859187912964866,0.76745947738884,0.7995137833605921,3.6215473823910673,1.5785535633007024,1.351073607484591,2.2995581890334624,4.10343726043015,1.6073947400794095,0.17145604847143645,7.317521623392353,4.148159081384659,3.1864089482461466,5.12512949981521,0.630995534246424,0.3467022059205184,0.025925006307563083,1.5297171772467304,0.6392230642475129,0.4061906333780779,0.7948734536561353,1.4909039010187903,0.8564040517230236,0.028543951528563566,3.2373752265626905,1.6245350139926635,0.7417590912493115,2.2000009769617823,0.20387196111413103,0.14000969752788386,0.00486642834708223,0.557311450555184,0.16742651122919505,0.10135002605734993,0.2870155935565647,321.8306622846766,578.394617631944,64.08643289663058,2928.1874810174522,175.2329409355929,155.71505152431016,227.2738823476828,0.8834563474220928,2.000260170386934,0.23005030425383916,10.0,0.4202808735886884,0.2970084946885736,0.5033880827961792,0.49999999999999994,-0.8660254037844387,0.9749279121818236,-0.22252093395631434
user_04_vpn_s131,user_04,vpn,2026-01-08T10:31:03.891380280,2026-01-08T10:32:56.952313066,113.060932,13,86.53256449084837,26.528368302,0.7653622074409255,0.4468631873080765,14516.712242400017,41.479328953504215,128.39724549944467,0.36687588028643014,0.0,0.0,-0.03217324651893846,2.2106973585,2.072880744218123,1.8876575189999998,1.0322996077500002,2.5377002390000003,10,3,1,0,6.656351114680644,2.4477114288292032,2.099152012919231,9.936757176747609,7.464231900667476,4.550317804432523,8.542544298897187,344.88319063544077,160.70466290165723,159.9454478611995,682.8465647970728,282.11780574158814,206.42359187231062,494.4657080992476,771.7869818568682,359.6283324875096,357.9293448285993,1528.0886503776928,631.3292608439692,461.939129772169,1106.5259393550198,1.2123974737889534,0.43955692028583515,1.0,2.452469250086613,1.0,1.0,1.164989560570827,1.9783201380190634,1.3894665117764886,1.0,5.48818815186007,1.3072540782905135,1.0,2.6070385604792716,4.664587781490498,1.9708260523002732,2.265056028586586,9.55115781479276,4.226197122245091,3.6835080806477087,5.231634316600901,2.380014185522069,0.9986724362018579,1.1706169055391111,4.726689751077771,2.2052567490403714,1.8814414931767076,2.7815113457170795,2.2845735959684297,0.9812012309125511,0.9972979133536937,4.824468063714988,2.0351676719546843,1.8020665874710011,2.4501229708838212,7.044601967012569,2.96652120689628,3.5328141438194782,14.27784756587053,6.335336658376519,5.564949573824416,8.01314566231798,4.487971622753253,2.264581194717869,1.6627879797819982,10.537456491652913,3.9256309406519065,2.9584107279028706,5.037376079396048,2.1178162344112414,0.8223861885693453,1.0103750046095656,3.9363523939033684,1.8276721558268596,1.4430701289544103,2.7319529647252874,4.364993753057524,2.172671251874972,1.9636461996974166,9.889134803021213,4.188275971738044,2.960420148925835,4.551405823353286,2.3648621620692243,0.9531207370031791,1.3862515912968096,4.162528800225282,1.9894039020897536,1.491214164567401,2.77428264900618,5.166083892577408,1.8684871935190834,1.9337510321603524,8.52966195641535,5.557306806340812,3.9735955110442234,5.9424879437021305,0.7103932050535421,0.36103050267051906,0.11536331972631145,1.265808384080489,0.6056602271052155,0.47556964082079306,0.9441471139462412,1.490267222103236,0.8404378750169378,0.16540098075887877,3.1351810557316693,1.5390413394224343,0.7723046831325955,2.024158712253379,0.19383103250170758,0.10666264034107088,0.04067477661771647,0.47015016252293745,0.18580502607279797,0.14551885336127038,0.22143558144682568,179.46358135911032,69.49244489251525,78.23930415330277,301.15022208723957,185.63892095730742,113.81068640641547,238.10718734090392,0.5134708113786328,0.22079004244890463,0.21104079345429563,0.9527656823760261,0.4899460556105841,0.305241949671948,0.5786638417419888,0.49999999999999994,-0.8660254037844387,0.43388373911755823,-0.900968867902419
user_04_vpn_s133,user_04,vpn,2026-01-09T21:54:09.155377042,2026-01-09T21:55:59.850014973,110.694637,12,72.92809712169536,37.766540816,0.6588223160413396,0.44686318730807656,10419.125506034661,27.454059016474105,94.12493494183157,0.2480161619435466,0.08333333333333333,0.0,0.08398752847400089,3.4333218923636366,4.062912054416615,2.801007427,0.594947079,4.1843771375,21,4,1,0,6.077341426807947,1.9159748947136759,1.5560642104584268,9.005985293444907,6.200587399023799,5.157987562314645,7.072827656033667,268.1619378062956,121.4431314651528,79.7136880713095,530.5118177101238,252.11629389701744,179.35767628873975,324.28746010135774,600.0985210299261,271.76803754350755,178.384996427001,1187.1906945522862,564.1912358361337,401.3704448764247,725.6974154771613,1.0018859182992501,0.006254883383877873,1.0,1.0226310195910016,1.0,1.0,1.0,1.2859523330735918,0.4568280518361516,1.0,2.2884655720946174,1.0,1.0,1.4269769483433938,6.22145101576449,4.288173421794313,2.2663394679582645,17.25357010079964,5.095365662369207,3.029929008051775,7.770078217987469,3.127918055578803,2.093116420825192,1.2349390324629397,8.590236932177866,2.5241816771990457,1.5202069852962263,3.862728155513583,3.093532960185687,2.198223301110296,0.9558954714732577,8.663333168621772,2.571183985170161,1.5097220227555486,3.9073500624738857,9.349369071343295,6.380199809682935,3.576783464443271,25.843807032977505,7.6195473395682525,4.550135993348001,11.632806373501051,5.95608605575855,3.989170848696891,2.3808514033641983,16.967529297765143,5.109789064358612,3.084899837786498,6.603760561979405,2.977435346749147,2.4973672194972374,1.0819256695709651,10.629012555242722,1.979651381755608,1.629572512386863,3.344432833026647,5.434954232326491,3.439501182058435,2.237445400698351,15.010577674989063,4.253745381221552,3.143492841142875,6.736728911383158,3.1745123176580634,2.3099147025971005,1.1565189216638647,9.68685230312145,2.3429072983107115,1.4844092702954947,4.1416117847967815,4.4316306051208425,1.5216900488611265,0.9395802880766897,6.855696649418737,5.053497168691926,3.370525183073721,5.4356925850292175,0.6371389933771007,0.293021101427873,0.11173676263036883,1.0616030253970772,0.7189780488505599,0.38660872323328743,0.8487289026539935,1.6457108216871035,0.7948117515688295,0.6164839223817371,3.622003077321404,1.6458455350252332,1.0577646361196753,2.0326468178037267,0.2833289469939905,0.18672383567518955,0.05376286784207856,0.7327603535350198,0.2443088550548128,0.14338949988105443,0.4039027040400114,174.36769479603825,114.40463753961316,28.658572725648366,389.5727218703398,134.48256189289987,102.96487498232847,237.11715777929402,0.4578256699098695,0.28472306563218963,0.22207453541543304,1.28529400429484,0.34969482713809946,0.28309310408756094,0.5231344120860466,-0.7071067811865477,0.7071067811865474,-0.433883739117558,-0.9009688679024191
user_04_vpn_s134,user_04,vpn,2026-01-10T10:45:02.266235902,2026-01-10T10:47:01.907829134,119.641593,12,81.12368767847107,38.517905559999996,0.6780558971533509,0.4468631873080766,10353.517427865685,27.90170309789449,86.53777643921613,0.23321072879641858,0.0,0.0,-0.02071839730917927,3.5016277781818177,3.3594766898336874,3.110342841,0.1682312255,6.2294882585,10,5,1,0,6.760307306539256,1.3614382231217645,4.547962702160137,9.982140276870545,6.767684291250118,5.920316395601533,7.384328328166806,266.4733518143763,60.72787496453543,130.84304451548797,355.9809865058046,269.37764004143753,237.21573558506242,303.41062389950173,596.3197671744308,135.89813770600085,292.803364053531,796.6218668632109,602.8190454984228,530.8464476880731,678.9787848206083,1.0235262088842785,0.07802760760867757,1.0,1.2823145066113422,1.0,1.0,1.0,1.3016157159402624,0.5755632386801882,1.0,2.869590834581969,1.0,1.0,1.18170920936785,5.747844620188406,3.1775934039861866,2.231722763219227,11.587473594373188,4.960247373164219,2.8459960721154856,8.073362601335056,2.8235471418703444,1.5879841017633973,1.074729191365513,5.840048072613052,2.386538325409984,1.3513528958878227,4.017092713959961,2.9242974783180617,1.592236586569095,1.1569935718537139,5.747425521760136,2.5737090477542353,1.4946431762276629,4.0562698873750955,8.571391762058752,4.764700342037309,3.30645195458474,17.42752166698624,7.3467856985742035,4.1973489680033085,12.090455315295019,5.437659081969716,2.9847096560202964,2.305496065721061,10.960214070087632,3.9413977676816474,2.755485336611115,7.965610684282935,3.1709482843344285,1.9591758487473196,0.923146064107158,6.409882837421985,2.503230443825189,1.3904820366462072,4.6221136209052816,5.404284406284842,3.4894351037825686,1.6297970441195189,13.129911504735754,3.959961956304354,2.901473204489051,6.804598982383853,2.766455044638859,1.3791493610736452,1.1859919107395542,5.651088773639657,2.5345520630055796,1.550893038124094,3.7865441393850947,4.567772138417397,0.9321459261521662,2.835622396027206,6.084482513738342,4.649905823009895,3.7592946022230844,5.080531767168319,0.6441757294364131,0.3516243930742722,0.26662655554328885,1.1816294090762616,0.6277226122432997,0.2936355852600754,0.9087630244305476,2.1925351681218586,0.8866559049016421,0.4466762243704583,4.076468783233067,2.1073315498004885,1.7212546667994473,2.5548515473415185,0.343781984560439,0.23873721632606557,0.03588946710376945,0.95283713243765,0.3147910924274506,0.15946199006405817,0.42551274148994245,134.29107988499928,45.954467115182666,59.87530989615161,218.13272028736156,119.18781366999256,101.45909399033837,169.44829696235956,0.36036469080943356,0.1404647050925364,0.2153652043220762,0.7816117826630518,0.3018724408112995,0.2922226453355121,0.3869113443643011,0.49999999999999994,-0.8660254037844387,-0.9749279121818236,-0.2225209339563146
user_04_vpn_s136,user_04,vpn,2026-01-11T21:19:04.294881239,2026-01-11T21:20:18.755916377,74.461035,9,52.5214151142813,21.939620027,0.7053543523036082,0.44686318730807656,7247.305473902239,22.69933910314902,97.33017374660773,0.3048485574119272,0.0,0.0,-0.020802095481570686,2.742452503375,2.630680086211287,2.135753014,0.11042774125,4.700042519,21,6,1,0,5.8357127904757,1.0280546737076515,4.135287031192179,7.204560829082355,5.793656587091128,5.7230417800639755,6.4766133437087605,248.70308339923136,114.1841584084406,90.53077793084704,426.36963708945507,195.58811387844156,155.6193908242274,383.5890000049243,556.5530803676841,255.52375235089508,202.59171151736263,954.1390949161072,437.6912653214353,348.24840184685036,858.4036700711046,1.0687028817033648,0.1882604291166622,1.0,1.6009635802234365,1.0,1.0,1.0,1.4534459075354151,0.8497518945502318,1.0,3.582670548155267,1.0,1.0,1.2216673776604656,5.2893342123862475,2.522643911428402,2.221578244712799,9.807908689235807,4.779393339057583,2.65246112161737,6.984709649977606,2.5890767218503608,1.3086278695090976,1.026459760843408,4.949020346775664,2.470754918409955,1.2070842706661284,3.4151466143256344,2.7002574905358863,1.2240307908465542,1.0144939740466705,4.858888342460143,2.3086384206476276,1.6100844020543459,3.569563035651971,7.878410934236609,3.828083989740164,3.428662515378927,14.75692903601147,7.250148257467538,3.6948378411803944,10.39985626430324,4.818413748691069,2.454691830954276,1.8388674233709652,9.294310393010033,4.304568409585772,2.5661725050588453,6.805786524480758,2.7552105062775016,1.625251462153446,0.9098546565179446,6.096899774566055,2.4600657460797453,1.275737751925368,3.6577197133151302,4.86877988759453,2.254022959416482,1.6572928168389636,8.774047254969645,4.986889499271295,2.7471705678836678,6.221869096681948,2.5625899513105894,1.5534607197545531,0.7455563212368423,6.233155240719344,2.2464671918577785,1.5436653500561759,3.1837154708471322,4.72844423518277,0.8083387883728301,3.4569441703984576,6.043361157899451,4.714761174523293,4.283606162051805,5.247692794477665,0.8075544345715064,0.3271711387433848,0.3450997628699524,1.3505006505047872,0.8622489734847634,0.49175177192519803,0.9352029143831029,1.1072685552929302,0.6404579688999615,0.5161249805453325,2.4897996545590617,0.81263655790953,0.5964112799119596,1.4394356180121708,0.22542207736454253,0.1810780198253593,0.03365288106130543,0.6219082864652724,0.16948928858268056,0.09312342512677535,0.2655235580146606,135.95979057791027,55.932089291240494,70.88322702564714,238.27935108916878,118.01341272934728,86.70935799809465,173.55285811331566,0.44354242073792227,0.18269760715928526,0.27760193125536287,0.8947085576194457,0.34946451150626456,0.30880336587373336,0.48364236506780317,-0.7071067811865477,0.7071067811865474,-0.7818314824680299,0.6234898018587334
user_04_vpn_s138,user_04,vpn,2026-01-12T21:02:00.421889296,2026-01-12T21:04:55.229964093,174.808074,21,127.11568394392461,47.692390866,0.7271728418215088,0.44686318730807634,19516.317846208636,56.60216240960971,111.64425875551169,0.3237960416497107,0.0,0.0,-0.006874550503426736,2.3846195433,2.3520570210400464,2.1001361705,0.0,3.74861238525,21,0,1,0,6.053127806853553,1.7505431095098267,3.0698425517462615,8.60877430434681,5.981126932416955,5.213492755789878,7.264878186818519,287.02894825217237,140.62680147411706,96.33615769133554,629.4920781141269,284.9064363887123,170.1016424789334,388.429559336056,642.3195206149055,314.69766467284785,215.58311453594735,1408.6908387021426,637.5697181613934,380.6570944087679,869.2359772931236,1.0954851675778123,0.24131105837915756,1.0,1.8823827090756478,1.0,1.0,1.0,1.5998558995464596,0.9574386300721197,1.0,4.2124362949098675,1.0,1.0,1.8093188674221112,4.595187662516788,2.3670596859047803,1.983397710477077,9.69491056707169,4.310633358474652,2.3420679957303756,5.953715368787569,2.2960145338223796,1.1635333714768574,0.9506566342043963,4.829714696494056,2.1081937705982057,1.2267903270638896,3.024840665198799,2.299173128694408,1.2112409720147703,0.8972348906252501,4.865195870577633,2.192460387840176,1.2462663729563883,2.9288747035887703,6.891202196339167,3.527953831056268,2.9340543446814733,14.524625263565746,6.418827129072858,3.662624434931545,8.978556033986369,4.474592336040845,2.337085337789304,1.6687708836920676,10.385749902124418,4.357528251294416,2.504838860228351,5.42715525299891,2.340143092107457,1.2145143063435861,0.7582649196146654,5.031673958960323,1.9801084657173522,1.3284078233803933,3.118731418658397,4.56765040193286,2.3251912987181735,1.8243016828318737,10.419140599605303,4.450979692549299,2.611475464939199,6.335376185999666,2.2835084739471148,1.2891680714627167,0.7593009089646515,5.650085524791572,2.1970744010747465,1.194758993878377,2.7082967596525,4.612838057180118,1.4488823370357735,1.8824504504596316,7.068188526079254,4.595946705755442,3.4231290943179142,5.709570785520861,0.7380246354859775,0.30006577199544876,0.110677475640121,1.5612682923145078,0.6923340576243737,0.5443971876566842,0.9465743285428053,1.440289749673435,0.7585727867390578,0.5137890129931773,2.95997676113336,1.2087251883460177,0.7398251639706483,2.105321638535061,0.2408684509908824,0.20030094313237115,0.0316197030906278,0.6852606234496718,0.18117294750805307,0.0914252559573462,0.30301686885399354,185.85236277333254,152.24743688330486,44.60355411513337,627.1370882707147,133.11897084634245,98.2154163576637,212.6507255347107,0.5279679088249957,0.4269725215098157,0.23374958204968793,1.8753405360040365,0.36832536014005834,0.3311523336794803,0.4264158719818791,-0.7071067811865477,0.7071067811865474,0.0,1.0
user_04_vpn_s139,user_04,vpn,2026-01-16T21:06:00.469162532,2026-01-16T21:07:07.928523038,67.45936,11,51.691154841782044,15.768205670000002,0.7662562295548319,0.44686318730807656,9720.177976820494,31.996774026611227,144.0893891792109,0.4743118527452858,0.09090909090909091,0.0,-0.009354746359198148,1.5768205670000002,1.5475924754663568,1.099998073,0.25992376775000003,2.507086065,21,4,1,0,4.699195894707459,1.395619252799577,1.6187849786502495,7.362246603405168,5.094645901176887,4.278486266015337,5.298677440962582,272.9157777023404,105.08713335040059,117.47449568189525,478.24586866718016,241.62753417968995,200.45204232677966,350.0430020182796,610.7367656449774,235.1662350695077,262.8869394893922,1070.2288356938825,540.7192649617544,448.5758684538585,783.3337181497408,1.1300936668633355,0.2671747066673695,1.0,1.8879747248752985,1.0,1.0,1.069224688355499,1.7787039719195035,1.0405694275913262,1.0,4.224950227492538,1.327320468337874,1.0,2.2668230690584656,3.8321307280651187,1.4931227577958606,2.4374820079125294,6.5470762738148895,2.9377011083742315,2.617670868081918,4.744992680696989,1.850596374584959,0.8019839283512531,1.1031846483093264,3.446494521790785,1.477719736426879,1.2066365763176674,2.327631918749147,1.981534353480159,0.7010987266539003,1.2830638674512052,3.234178252696178,1.6251572402963632,1.41103429176425,2.452043077766114,5.682727102650078,2.292083802535921,3.540666656221856,9.993570795605674,4.41542084480111,3.824307444399585,7.0493380106266645,3.433069180570531,1.5498414836078578,1.9649658361872744,7.033709455308407,2.901268131115158,2.348605721867477,4.116249110335182,1.6432815112910761,0.6224726715304293,1.000979983019326,2.9959602829546736,1.4891650825883198,1.1347089940882902,1.9417054505351978,3.662586791463491,1.580132820500916,1.859837675260927,6.384769500540459,2.9609053692700145,2.5385100866992127,4.870811025482604,1.715041232860373,0.7401307185502694,0.8905252372067414,3.300508518753858,1.4119823079907265,1.125489825001082,2.142648230192516,3.254023660941709,0.9547213930591129,1.4795377264640506,4.78014301100518,3.0790709694617804,3.009032676221618,3.885704706878943,0.3887249437992881,0.1611239643786872,0.18756130496160378,0.6841757911053484,0.3403457210215653,0.2627782701430674,0.5341888639417549,1.4451722337657495,0.8030811100519974,0.13924725218619893,2.9392212129293265,1.5299898847439102,0.9093693714010516,2.050856478562126,0.219646532140596,0.16190732205354724,0.021970196209620336,0.5958168223810154,0.17830214760181595,0.11697398359058539,0.3085944824621851,209.29224984440853,104.30183895141981,94.09521449367078,400.7127824437495,160.82413573729949,125.33572802811514,275.88274487630974,0.6895071307678702,0.3526165816671564,0.3171955464713859,1.235494538420791,0.5046096785136431,0.41371743559570495,1.0717515284847758,-0.7071067811865477,0.7071067811865474,-0.433883739117558,-0.9009688679024191
user_04_vpn_s141,user_04,vpn,2026-01-18T10:15:01.078187163,2026-01-18T10:17:13.130275587,132.052088,19,97.46064156672283,34.591446868,0.7380469558854899,0.4468631873080765,20557.66264559834,49.67482260460305,155.67843687256456,0.3761759723526905,0.0,0.0,0.08984943102413599,1.921747048222222,2.3011741117011186,0.95641876,0.0,3.18008033825,10,6,1,0,5.129507450880149,1.8239757771711254,2.007607432429021,9.631594288814796,4.913777185394657,4.1321423849618295,6.038697880945045,334.16983625790425,156.29728702267843,113.63816614341066,709.463068803169,306.813534189305,228.9789418895328,377.46076622184614,747.8124082472715,349.7654124615192,254.30191918016777,1587.6516324314066,686.593890263289,512.4139745520592,844.689777414171,1.0582194105811848,0.13486356737212804,1.0,1.5545527112408186,1.0,1.0,1.0,1.556244937029502,0.7446581205883102,1.0,3.478811312709629,1.0719042435563018,1.0,1.8766382724783266,4.247644606664891,2.191965146387863,2.1881674177029993,9.416218545766188,3.7052263294113352,2.5277266807033345,5.209839559361428,2.1430627135844893,1.0785783587829714,1.1095825550814609,4.675454476723441,1.8309818052433087,1.2551087050551577,2.6933863770182285,2.1045818930804017,1.12218989950055,1.0099124657663279,4.740764069042747,1.7006626158198817,1.3118181292105056,2.5164531823431995,6.390707320249379,3.2675334409133767,3.3403594374568706,14.09167302248963,5.696218466486242,3.748170536851602,7.9032259363796555,4.197064204299337,2.1056231092131212,1.749925303311412,9.753511622727105,3.3569115028408825,2.7552593904418243,4.753855266083402,2.0232479654796682,1.0307782475159941,1.0664545082702217,4.597919731543985,1.4393410425069615,1.3545487413156767,2.6148857197884343,4.0905916761753405,2.3163264100046494,1.874932911436353,10.07118082040414,3.4833763246374434,2.565803571061184,4.3538767856382945,2.2263447984935847,1.2050823086576399,0.966794656795252,4.911621510243941,1.769838885644558,1.2366643945836882,2.940954019948129,3.964480719780806,1.5634856967289954,1.7640701551791325,8.239617582196555,4.197522248321478,2.8398733079101803,4.640258560874876,0.5647627500503857,0.30902995214932705,0.2221317295294318,1.6807592971662793,0.5123340232378645,0.40607253035056023,0.616005320493525,1.1650267310993425,0.7178658631321218,0.22810811783023777,3.0895735873041668,1.2857424372692243,0.5282394642729034,1.443977512731922,0.20271396960696966,0.1428961363171108,0.044920564254456875,0.5383043192369225,0.15601199165893195,0.09494545355197877,0.26927892741326953,244.15700872213299,144.0268569941305,70.47230591064563,523.3633724369389,219.15895891922713,133.9291501735112,320.8783620707422,0.607981238861714,0.36894063975061936,0.2076499424734498,1.717790628146313,0.4519130235765916,0.3701406906921651,0.7886641092890194,0.49999999999999994,-0.8660254037844387,-0.7818314824680299,0.6234898018587334
user_04_vpn_s143,user_04,vpn,2026-01-18T21:31:01.372906803,2026-01-18T21:32:33.549416262,92.176509,13,74.31476769514524,17.861741771,0.806222415031418,0.44686318730807656,13740.166583522883,35.87797039082723,149.06364682918166,0.3892311694167896,0.07692307692307693,0.0,0.039707109983259936,1.4884784809166665,1.6115725480787038,1.33189531,0.029525846249999998,2.0630040689999998,21,6,1,0,5.716520591934249,1.5621941654600113,1.6181755498701094,7.9179637251746176,5.84906538713111,4.8456008071312135,6.78352619696569,326.4342787857306,130.7120521075958,155.2782088971354,551.4936822414467,280.4968268584846,260.13542759852254,403.2431901008415,730.5016122544912,292.510226440918,347.48489763172967,1234.1443598513201,627.7017996228551,582.1366247812664,902.386237116546,1.0923399145248998,0.19035224588966732,1.0,1.5768315140909486,1.0,1.0,1.0,1.667503961692579,0.855626631300885,1.0,3.5286672943230135,1.344098495861997,1.0,1.6679680323939547,3.8368560702720678,1.6580689025394895,2.050462516599881,8.313452996666719,3.745430516398366,2.586709446257276,4.412948276046096,1.9004849007194928,0.8579572378704976,0.8908472690145,4.26811492533044,1.8791621813588757,1.2939695979595358,2.148475988566354,1.9363711695525743,0.8093523257115116,0.9544920354687871,4.045338071336279,1.8662683350394904,1.3320945722527182,2.2758350117659347,5.7373409709915615,2.5130688466556443,3.1041765837968125,12.58156792199716,5.624592697757242,3.8806790442168118,6.526619549417324,3.684911286222213,1.9364229953525387,1.593928588029785,9.42570005591918,3.465437082830181,2.4526103159786934,4.188387442333816,1.9002066207527681,1.0502927563370335,0.9533491869537426,5.241393249119227,1.6694044453586843,1.3053180609887027,1.949313702892255,3.7667185333506548,1.2583218849580657,2.2278082924225653,5.918052184244134,4.1755835660670355,2.443157862859045,5.037984774291544,1.958130446645669,1.2190804136046982,0.7350484477073431,5.265307209033792,1.5211925407884648,1.1913430017816615,2.3547790596823837,4.331379488470279,1.1947396478176484,1.49404284723278,6.100419958361877,4.091750215253817,3.758788591767477,5.332101096582749,0.680123843983891,0.3917563302818463,0.08882965141069428,1.3736249826140783,0.7919862891179222,0.2815722432712001,0.9270097935963951,1.3851411034639678,0.7761321792310159,0.12413270263732934,3.0247376051982133,1.3594187532884559,0.9618517776552769,1.722904706223706,0.26639928984113825,0.1827186119063757,0.00818923490205319,0.6425204319158814,0.25460090751344333,0.12726494439789282,0.32492273870317734,213.10238506421334,136.84380269163998,85.95614397387747,583.1800932566252,139.23757233270925,122.65038317253239,258.34442006529764,0.5933801583107483,0.5205003821631808,0.2706057500787437,2.2938025006704494,0.41274551487126704,0.3627132028909625,0.4417134281877143,-0.7071067811865477,0.7071067811865474,-0.7818314824680299,0.6234898018587334
user_04_vpn_s145,user_04,vpn,2026-01-20T10:09:02.216724981,2026-01-20T10:35:31.760837353,1589.544112,32,210.54905605353179,1378.9950563359998,0.13245876881555319,0.44686318730807656,35426.28106128956,81.36771783992617,22.287070106356104,0.051189342419410734,0.0,0.0,0.6770044600052715,44.483711494709674,230.96102991215733,1.633505793,0.0,3.7178697315,10,1,1,0,6.579658001672868,1.7434060849038768,2.8653637093346225,9.836747487989811,6.904997181424846,5.418922715576003,7.3478111230878564,341.9185770376163,166.4878046010754,150.69901400438417,939.8851914608227,301.87272494234867,220.4802965855689,423.3081443311231,765.1527061276826,372.56997069730727,337.23747734111123,2103.295187779357,675.5372416350588,493.3955242850768,947.2880209290676,1.042943599291116,0.13350978113457537,1.0,1.6259263362027858,1.0,1.0,1.0,1.4997975832065769,0.7070176115123504,1.0,3.6385327374972136,1.0210325951165866,1.0,1.835512843672506,4.639661540511418,2.7443459019772543,1.9929165532803748,13.645765477966096,3.8162359060441866,2.498252039116221,5.445790999664188,2.3258538730364484,1.377857373790192,0.9131641769422234,6.815299237314665,1.9663312775650832,1.2784718447859518,2.6516646376101445,2.31380766747497,1.3740943110611996,0.9925294449296704,6.830466240651431,1.8897271303991734,1.293336086741193,2.8271792264215745,6.965515413547866,4.119674206624106,2.906080730222598,20.461064715280763,5.78256718360927,3.826463906582057,8.0644027729068,4.459929145801669,2.8411460458007083,1.7829974046682178,14.364263662437526,3.341229777637764,2.5020777491199104,5.419100357318921,2.4416738472100006,1.5803693312963887,0.8094221627797451,7.796113245739965,2.009011867440205,1.3673017941223213,3.072763962350833,4.516637184732922,2.954886297095544,1.7703333392798262,15.954746362097087,3.6331698996588955,2.4663056956650653,5.490004546657773,2.268114994400464,1.265099480559527,0.7865249702721927,5.191608964824896,2.0112534222099807,1.2008319648037642,3.1493963076123235,4.968329250105937,1.6163642893552863,1.8248240475793707,8.89631890810001,4.80620932217129,3.992341852012112,5.384396844663349,0.8027117593867408,0.3460427339397878,0.26449474931302963,1.9351280587660158,0.8282870062251575,0.5628309014277249,0.9664380574939381,1.6113287515669312,0.841589982699105,0.32497724194677247,3.770577129885817,1.4365302713019585,1.0361173364210345,2.0861746867388744,0.2710115687102371,0.16699901918564491,0.04680123698502474,0.6028946523475566,0.25295848552031047,0.12411202679421977,0.3785039800182678,180.60015941296712,100.36248974786768,77.96167992878779,519.5086303337382,140.68947342773893,109.45920571267935,224.0134686035459,0.4214516295232502,0.20721655790285107,0.23007620796529968,1.24194452750419,0.34916843339197334,0.2801968373649462,0.4510626009435038,0.49999999999999994,-0.8660254037844387,0.7818314824680298,0.6234898018587336
user_04_vpn_s147,user_04,vpn,2026-01-21T10:53:00,2026-01-21T10:55:07.154141011,127.154141,16,96.29423477682393,30.859906244,0.7573031756537439,0.4468631873080765,16289.367321875377,39.41518284744083,128.10724993907496,0.30997954559294166,0.0,0.0,0.12897436723296754,2.0573270829333334,2.666591491994744,1.350960682,0.2808241605,3.203111337,10,2,1,0,6.0183896735514955,1.550798102694382,2.1199796045260917,9.79553568691935,6.093345128874007,5.354846121944135,6.548637363726597,314.43533606606195,159.83344139334196,120.21261994813273,633.6831305808738,266.58271349163516,174.76868300241009,401.30688970470374,703.6501215511491,357.67869435874917,269.0143725472193,1418.0696655685801,596.5644990753012,391.1010975310459,898.0531426681039,1.048399440505286,0.18745022704272973,1.0,1.7743910480845775,1.0,1.0,1.0,1.415049487459766,0.7739796591989248,1.0,3.9707702457514733,1.0,1.0,1.6992496351292603,4.28595362960676,2.7270547593843384,2.114319091710867,13.140504191242616,3.1929061103007257,2.48687233311485,5.4795453694915,2.150819198556018,1.3818905980315639,0.9449976392821703,6.567985318687781,1.688396327398329,1.2139099078096658,2.829416202984099,2.135134431050742,1.3496684451529755,0.9951332593318942,6.572518872554835,1.5045097829023968,1.276542954446386,2.650129166507401,6.436772828162778,4.107468035100938,3.1682395082690156,19.7084895099304,4.881302437699055,3.70932167507008,8.3089615724756,4.092821933572915,2.5485621702773478,1.4993720587070474,11.917769369751394,3.383363822885347,2.2945507530123823,5.004699531068827,2.1298347381398,1.6035886474077479,0.775910284777206,7.535482073678981,1.4588798955615259,1.1996022356924678,2.592059874126943,4.265627368792918,2.832517985722015,1.8048840375294224,12.955606728934132,3.139979063723105,2.402910571984198,5.341412961234988,2.354703654018821,1.807671705152076,0.7612359695506181,8.101904802405603,1.6329281804736133,1.1028107064590116,2.975271450325001,4.440079422552953,1.1746338591102568,1.7207534264132662,5.904371843686134,4.251899197953737,3.9227546693836994,5.5681867764823085,0.6389078994998825,0.32410623000742284,0.0881694370264631,1.3166414492769791,0.5451051556364319,0.45103924909915527,0.8995965060359119,1.5783102509985412,0.8688108179575389,0.39922617811282546,4.2163449708663165,1.5503675533141759,1.0963836665168418,1.8554744531626126,0.2363826878460753,0.1677290285117171,0.05143352378047016,0.7063929977244583,0.2041506472780099,0.09364196975754159,0.34741554933477,188.54847536593257,113.38084221679783,53.84239705976515,395.3591674924749,181.38520969765113,86.32485385978829,232.61620240655554,0.45336797969112097,0.24334793112528286,0.2041746428090438,1.1070545099311064,0.35748864819552,0.3131117019060083,0.46112023604626834,0.49999999999999994,-0.8660254037844387,0.9749279121818236,-0.22252093395631434
user_04_vpn_s149,user_04,vpn,2026-01-25T10:55:00.655483459,2026-01-25T10:57:44.651536722,163.996053,18,106.48279247249592,57.5132608,0.6493009467276382,0.44686318730807656,19162.524501624524,47.47975905918798,116.84747377197259,0.2895176938141797,0.0,0.0,-0.11236005988130963,3.383132988235294,2.699668993339411,2.944500588,1.764819379,3.64737887,10,6,1,0,5.91571069291644,1.9617315962488358,2.1780336948779806,9.700832011127158,5.926239362721507,4.498380571568733,7.35192605591473,328.7966090589841,173.23010903843524,121.26767758877737,860.9365883975909,284.01415976813234,205.11577242457585,404.20306979829957,735.7880854757118,387.65804380079067,271.37540310558853,1926.6223149503783,635.5729624519892,459.01246343473105,904.5342764375752,1.0896538228113704,0.35733453682038907,1.0,2.562594249641466,1.0,1.0,1.0,1.5481105693657393,1.1114298280435373,1.0,5.734628231693568,1.0426277923127383,1.0,1.7084254750730445,5.68429078088919,2.6933405633724337,2.300918453615572,13.880790887169788,5.077594998225312,4.417768330586313,5.948633918411713,2.8722490907445635,1.3546805655096823,1.1487273237301274,7.052552387175574,2.534102314189256,2.128651232969882,3.0261601597014627,2.8120416901446266,1.346598954141374,1.0351707023540389,6.828238499994214,2.5952091111155586,2.2871831689560502,2.93454742718634,8.556539871633753,4.045387114536666,3.449645777345699,20.93334327434536,7.611697312414568,6.548353492216574,8.962720409637086,5.239395085659463,3.012365513838354,2.206915267632974,15.682304892978092,4.251022421700977,3.6096967978265395,5.632383982897778,2.8850432476012373,1.6282111676572648,1.0802828396591255,8.367964638273602,2.6635752301306743,1.9526968515192586,3.2590759442405446,5.6376385452449735,2.7520495226462414,2.3113024300272316,13.61972034322932,5.434028056057207,3.492231995896487,6.530295370655512,2.993954086879111,1.5626978637461924,1.0639775588828826,7.987743777882612,2.8123788281517843,2.3661668088031447,3.0150076700704953,4.413045500313329,1.7350794481390766,1.3264984819913501,8.217316540746884,4.081361864711048,3.4060104595216236,5.370449465084797,0.5411908942861555,0.36883873195859135,0.07645892209579451,1.567430851847199,0.48002030064250856,0.22639809601939978,0.7152118133770048,1.5026651926031112,0.7781509374779207,0.3817440819251603,3.061490938591106,1.4090151159123545,0.8801651842063443,1.8185177976039473,0.23776116283806248,0.1814122699793403,0.030970099246017527,0.6879296102268125,0.210875252900176,0.10958964834488662,0.30044179057379883,192.6597069696123,86.04996075516708,59.840678441655164,346.0246160183378,193.8935037804087,124.97720826347123,244.35779155752363,0.4749018341176834,0.1993163610088576,0.2061678830955878,0.9330950016012624,0.4445709428066909,0.3189555456555082,0.5296373062275869,0.49999999999999994,-0.8660254037844387,-0.7818314824680299,0.6234898018587334
user_04_vpn_s152,user_04,vpn,2026-01-26T21:32:01.976991924,2026-01-26T21:44:21.480784201,739.503792,29,167.23504401461494,572.2687482780001,0.2261449445206022,0.44686318730807667,29206.789336779002,72.03748243054797,39.49511774346521,0.09741326983019442,0.034482758620689655,0.0,0.647777655982179,20.438169581357148,95.61448822687694,1.63494827,0.08555638725,3.5725778655,21,0,1,0,5.766725655676377,2.1568662617086547,1.2850264670132363,10.504815812994426,5.5744714735521805,4.237207232383094,6.896827011704049,311.0519527646545,164.34396226553795,103.87393441420168,808.3188676993786,261.85292919684724,191.6991470906657,395.2133050940657,696.0787140208282,367.77243445707217,232.4513125369374,1808.8732539566013,585.9800865993479,428.9884522497137,884.4167886704834,1.0776026871973023,0.26605714826788823,1.0,2.2987147459675095,1.0,1.0,1.0,1.4064484310974552,0.934929079944765,1.0,5.144113033376207,1.0,1.0,1.3993829282459358,4.285107863633834,2.060462082481229,1.9541682592437553,9.86318860869342,3.7682220518409295,2.4005930003830667,5.526662029896985,2.1576481612595284,1.0032139708474523,0.9543788720216655,4.941265901144085,1.956291464876589,1.3010303860560386,2.700230976926465,2.1274597023743054,1.0647799552842745,0.8841962012378468,4.921922707549335,1.9391904152579578,1.2529331452985755,2.6958586311057315,6.442756024893363,3.0610665095874037,3.024140317249664,14.804454509837505,5.7534792768498715,3.6100402835688086,8.22689300682345,4.276291719983883,2.053659425895338,1.9778041861126832,9.429651098822063,4.1347463738519865,2.443864423755182,4.822086663459144,2.201670242392283,1.0751038521286742,0.8021806249038773,5.399440070425097,1.9367397433273965,1.4287900782536878,2.655011227958373,4.072821389336431,2.0759560188874673,1.7894500234238278,10.419539945008973,3.7496017038631106,2.3154766297790266,4.83669814890974,2.099123614076206,0.9810231753385261,0.84346246498966,4.356887966919371,1.7879005204879173,1.4480096781415226,2.634031570201124,4.36578947297646,1.8061543206227755,0.84267315293657,8.395655491684906,4.160603381066168,3.5681256318091252,5.1046734614809655,0.7475351198833619,0.502164883108956,0.12582992855814634,1.8939684951024394,0.6301203389003536,0.4029526885710994,0.9518520035754474,1.4009361826999154,0.8831003966175678,0.2692588196764687,3.4085324253544993,1.2781196802828916,0.6784906661547536,2.3046510151561055,0.22689868871604227,0.18946067070881237,0.0393788213991882,0.704251741469593,0.1640391873872292,0.08110641958347081,0.34608716447338916,217.49008917829573,190.34310484865136,51.60908710556457,904.1480823765977,129.3256000911851,117.98675901372724,235.27490514493294,0.5266478614606785,0.4014760705968052,0.19038886883918574,2.0339592554650325,0.37314820593606196,0.33598911215961813,0.5241946980750077,-0.7071067811865477,0.7071067811865474,0.0,1.0
user_04_vpn_s153,user_04,vpn,2026-01-28T10:10:05.778023359,2026-01-28T10:11:46.274683409,100.49666,13,83.84322522900135,16.653434828,0.8342886741609258,0.44686318730807667,17082.88902548683,45.1405753309047,169.98464451939824,0.449174881343367,0.0,0.0,-0.00807235544867394,1.3877862356666668,1.3655602442077652,0.7564481745,0.06629980425000001,2.91765714425,10,2,1,0,6.449478863769334,2.626343456639392,2.4614494325150114,11.971193793949611,6.578929756522729,4.754932705864103,8.051758594470336,405.849559735229,252.45744762952077,143.14580769966048,952.9312007634941,323.476751892789,278.02686830811,353.28352387682406,908.2188268406812,564.9546769568009,320.33475069176563,2132.4898264813296,723.8831953050937,622.1744735406737,790.5854272870843,1.3612876447992623,0.8359589498089409,1.0,4.070565907514052,1.0,1.0,1.0,2.1110643037318684,2.296916428934733,1.0,9.109199466698788,1.0,1.0,1.11672516501097,4.02853540737054,1.8550991681911788,2.054685201725098,8.523144454146347,3.0409591254795068,2.4197811686831328,5.374185499694938,2.052658047851286,0.9146815115090424,1.0475329977094725,4.288117458534925,1.6765232241566288,1.3179475184887544,2.7463528662855126,1.9758773595192536,0.9453939197412472,0.9311273819081765,4.235026995611422,1.5419403614606597,1.1752899192084256,2.627832633409425,6.081193455221826,2.7680861112249415,3.17824302154202,12.811261912681273,4.709682291567185,3.725887333673549,8.120538365980451,3.653368158305417,1.8718344876739155,1.811228715777646,8.686814496353435,2.897447694215035,2.4506820603953883,4.548202958248072,2.1359906986504096,1.1307670144261828,0.8612498450958611,5.145486397655545,1.8811715066493018,1.1288096273254298,2.644139868283162,3.7256355194350275,1.3400235171795796,1.8992018959806007,5.978913241452627,3.330275929459788,2.7061959792902486,4.927087069549398,2.0045053730604447,0.8227699348539933,1.0579483904771865,3.8498451340644624,1.9314743829115728,1.1831515171705844,2.3203327747150047,5.217569644193532,2.3925434808978117,2.115619389832941,10.807074066090303,5.828058329921428,3.071140027918001,6.117009928579998,0.7697529742979798,0.42935010097936593,0.18597561604238944,1.8121156553266882,0.7627178087102364,0.45689918791045586,1.013863520760927,1.2319092195758008,0.5669721233792299,0.3458300426820702,2.11924374313039,1.1641197278593083,0.8519903674480651,1.6837926779461023,0.19780678437612803,0.1516772923538439,0.02914380483110852,0.4867597833236408,0.14014225909190106,0.10018045368349018,0.29622980618511885,264.5459208666996,214.55362649165124,64.76444957613926,716.5457308829629,142.8013276368717,116.41822296383081,378.3328048035503,0.7261130831873815,0.7983998667011888,0.17568696812110285,2.771809022230465,0.318188183056082,0.24839294131017908,0.831004571003547,0.49999999999999994,-0.8660254037844387,0.9749279121818236,-0.22252093395631434
user_05_direct_s156,user_05,direct,2026-01-03T09:53:00.830010460,2026-01-03T09:54:13.157886600,72.327876,9,72.08149673595403,0.246379408,0.9965935780549401,0.4078744085367545,16375.474771849886,31.163877681382903,226.40613381001103,0.4308695264517778,0.0,0.0,0.2918858519747833,0.030797426,0.05618692838943742,0.0,0.0,0.02197236825,9,5,0,0,8.009055192883782,1.464010837016327,5.443599771978201,10.15675667535704,7.929871027128093,6.931450797107951,8.612531044532982,527.1253873986168,241.96601338318877,224.04957864071764,967.284919050655,511.379148385358,319.57471246276845,637.4637238550372,1292.3718094735927,593.2365657635629,549.3102140055643,2371.5263787222643,1253.7662027385477,783.5125366390098,1562.892180811078,1.217459514038845,0.3606852004081182,1.0,2.1086122277820394,1.0,1.0,1.3633312643234428,2.2451935616703667,1.4189122569257964,1.0,5.169758591490612,1.569132336439159,1.0,3.3425271009632107,0.8981384961751139,0.3230897626747072,0.5049333991118776,1.52307171344593,0.7766845146087968,0.6800641967081188,1.1080673299900428,0.44504484496793306,0.2386818463966606,0.11920797183721235,0.9609633416491422,0.4871548914756938,0.2507601481149146,0.5478810366493265,0.4530936512071806,0.16696968750639174,0.22385010900537738,0.7858617329721334,0.4293040485932042,0.3345882996595418,0.5621083717967877,1.3431833411430467,0.5429854146688042,0.62414137094909,2.484035055095072,1.3295189202122164,0.9308243448230333,1.5952222214657366,0.8466627893438824,0.40058856272476034,0.4145498414457895,1.6566649108398646,0.6620193664954597,0.6040709273896346,0.8842201517652662,0.47659138639762827,0.25180638968023467,0.13463635650286015,0.9429207396401547,0.48028554330921236,0.27528025146213464,0.6214874886514854,0.8840020313536512,0.3779436196801255,0.5105930687810283,1.5259352793360337,0.6502610354974248,0.5779331604494727,1.3115634408513532,0.442818994404793,0.23322107343447157,0.12542744508063938,0.901988378741148,0.4529637872424699,0.2832766524408223,0.4821447545233184,5.7153544726972445,1.4189746904247036,3.20223065142297,8.172498482622386,5.823472566950933,5.094191559627574,6.115954459031489,0.7358470251654666,0.3263487204064901,0.23122785681642344,1.3490455498965868,0.7484818058820477,0.4483462002390427,0.974781715036219,2.2937007201865374,0.9297764648591044,1.107978230157018,4.040802216325551,2.2413691205552313,1.769335951988099,2.6003448084078737,0.4987821190582915,0.2690150285561665,0.10708626709477204,1.0064446323624123,0.4726137359874081,0.3586362798513935,0.5494226649890456,229.09913816256423,101.42255413210746,106.24916169365821,426.3172729307828,254.6574162887209,139.26358742937853,276.9075889912805,0.4353793478078193,0.19661505380132452,0.19717488124729132,0.7723895479385721,0.3674039392637422,0.2661005896240592,0.546396679553778,0.7071067811865476,-0.7071067811865475,-0.9749279121818236,-0.2225209339563146
user_05_direct_s159,user_05,direct,2026-01-05T19:49:02.566462217,2026-01-05T19:51:38.807970187,156.241507,19,152.01983656618168,4.221671412999999,0.9729798405373911,0.4078744085367546,40686.779038878245,83.30047695331871,260.4095404614744,0.5331520320865741,0.0,0.0,0.3273412545484374,0.23453730072222218,0.4628067903436716,0.0,0.0,0.28511944699999997,19,0,0,0,8.001044029799036,1.6911358778404972,5.2334583988348555,12.030199684787792,7.726639620837305,6.742434174074791,8.960807913836284,620.3863757913292,269.3824161742888,324.0723656401552,1477.115316291005,592.5519524492283,409.21296942546576,768.7737725696983,1521.023047307526,660.4543225467258,794.5395907597184,3621.495453931864,1452.7804148708487,1003.2817967018652,1884.8296350037417,1.4360321159852965,0.7231947090018467,1.0,3.1337004577627146,1.0,1.0,1.4198864506683422,2.948203513136741,2.1752150048312853,1.0,7.683003375977506,2.1399449967017166,1.3673982855037599,3.4811854358849597,1.1521695143970359,0.6767641736717881,0.35557213354176165,3.2676404959432195,0.9417626334104415,0.8077549215670399,1.1528247651600734,0.5287647295029224,0.3837633517051139,0.04523729494676368,1.6982568088058696,0.4561963459240931,0.2831455849284318,0.5533342931727201,0.6234047848941131,0.31876778492076235,0.310334838594998,1.5693836871373499,0.5116507241710795,0.4388781478389121,0.6422224975246791,1.6809342438999582,1.0530694246116505,0.4008094284885253,4.965897304749089,1.4324633063280912,1.106814961624977,1.6674053337618844,1.1163949985682173,0.6529811091991283,0.39658395085419584,2.9558163062148375,0.9439313311262311,0.8090110710765104,1.1561833349976107,0.4974297257907692,0.3434777967721862,0.05099493384874463,1.3698707450265348,0.40973616495510873,0.2595426836130065,0.5522081933059573,1.095376554791279,0.7797029225960489,0.35713453104410847,3.699178254513659,0.858450115736594,0.7013568637246412,0.9787250345100537,0.49294127851037245,0.30172432691774403,0.0326744304011922,1.2702480237821843,0.43822888065173043,0.27068340767141086,0.5630159107371149,5.599784839863184,1.2852975522541383,3.5543664042151786,7.602230087794422,5.4530634966846,4.52314423875349,6.654413748055983,0.7538545709589806,0.35200467023623805,0.2779622455622441,1.733251128602884,0.6732994739925239,0.49136363878606953,0.9362968527934257,2.4012591899358524,1.0432673965056651,0.7032008238177685,4.42796959699337,2.2934243388806665,1.6662261130360263,3.141817502616463,0.32541935847314346,0.2242874838934906,0.08401267834149313,0.9931534403878108,0.27507997838127896,0.15870382305343828,0.37813278957176955,276.28010276763086,137.9043675450973,153.80060471832547,750.6328565566387,264.9159668463507,183.22817400003697,297.5693787434771,0.5683624488775566,0.4173408958191629,0.24826887287535393,1.7440337693188144,0.3717841255387639,0.3168306146310014,0.5486744125656182,-0.9659258262890684,0.2588190451025203,0.0,1.0
user_05_direct_s161,user_05,direct,2026-01-07T09:33:00.417564860,2026-01-07T09:35:55.917338847,175.499773,22,163.1746836361343,12.325090362000001,0.9297714797393742,0.40787440853675466,35582.3569861846,90.86273475153388,202.74873510055536,0.5177370500162064,0.0,0.0,0.07193864996127684,0.5869090648571429,0.6778975448193709,0.317940818,0.0,1.012380342,9,2,0,0,7.41703107436974,1.927842498416668,4.582395253345482,11.685198647663931,6.978354171600692,6.0504142275134685,8.629764580411422,468.57010185264875,260.69388540791044,205.30110293184555,1152.0294196808275,344.2500718381118,282.8404968765706,610.6391386624158,1148.809761155742,639.1523467803413,503.3439182133569,2824.470953727451,844.0099810946843,693.4499712577167,1497.1254040013873,1.363467399960822,0.5192175949898215,1.0,2.868312352742395,1.0327040786870039,1.0,1.5962873898669718,2.7666569069270817,1.747425262467952,1.0,7.032342046250063,2.3598346650371242,1.1701532583187313,3.9136738085471867,1.37562643377562,0.6851165392319212,0.39523830866594994,2.8696202317861665,1.248346277963398,0.8399364480439175,1.5842257568344151,0.6942378590418201,0.370047198299787,0.06950595254969866,1.534465217233497,0.7224899463915353,0.4248187884979966,0.8802025886952605,0.6813885747338003,0.3575913899555581,0.22060825677200757,1.5414706899600665,0.6667240858819814,0.37430657094066594,0.7989629910140233,2.0698642928174404,1.041521771460849,0.4647442612156486,4.4040854490196635,2.0427908419524754,1.2909022519475186,2.4619978408854304,1.3108035903769795,0.6410375713902021,0.34603645261152366,2.861952981152584,1.1302411039860973,0.8020421667166181,1.676293846849897,0.7055304792644891,0.3957684007346745,0.08011947521358549,1.5049620407399957,0.6569204083284277,0.4502364760036131,0.9781335236354991,1.280459337271961,0.6848154710992972,0.4130380040866302,2.7679977177431994,1.1192931045966736,0.7737349469486253,1.5877641621972927,0.6385813090646527,0.3648758206327451,0.057482097743040896,1.5244042502358444,0.6333448177431468,0.37018849057399483,0.8330538070299048,5.604180648820867,1.4262553273956429,2.8182108740469944,8.726625476064216,5.152534216501025,4.657376037283662,6.165813705714932,0.9344205322217153,0.4165410134338568,0.33534471305350005,1.9357021530883756,0.8317929692765045,0.6526923293258385,1.1644808510554345,1.8128504255488742,0.9788845358207983,0.3950912976835008,4.798490853632514,1.7640306238204593,1.0369148386211555,2.331982346745777,0.29807630570146526,0.17810822311751026,0.037742933263173226,0.7755638875352373,0.2750308329289973,0.1703247904129822,0.4413755454706971,225.57877139328784,126.56348055117283,92.67387022523472,591.7221209210841,185.9080524258035,143.3978790421399,277.3480561917914,0.5512389222142547,0.23914760124028678,0.23647967565216177,1.0244036352646504,0.4719526060514566,0.3609402408683352,0.740543095892804,0.7071067811865476,-0.7071067811865475,0.9749279121818236,-0.22252093395631434
user_05_direct_s163,user_05,direct,2026-01-08T09:30:00,2026-01-08T09:47:56.489136182,1076.489136,26,210.60677296309296,865.88236323,0.19564226513763255,0.4078744085367546,49880.55184076404,117.5324994424802,46.33632627832117,0.10918131499144104,0.0,0.0,0.6566252377907462,34.6352945292,167.09936008757188,0.002630141,0.0,0.702205222,9,3,0,0,8.100260498580498,2.1934670249009667,5.283760561207256,13.936340862734463,7.5585477434535004,6.386079357719672,9.119473559973454,555.8024334736078,392.2641159800053,183.1943666722195,2247.782364672567,457.1451556464989,352.64229178208507,625.8441133164519,1362.6803296327014,961.7276979628332,449.1440571852189,5510.966899679888,1120.7988196329907,864.58548122003,1534.403973913591,1.4795712681011632,0.9032168888115174,1.0,4.431045515562331,1.0107509702044308,1.0,1.5550921952299492,3.0409094796865364,2.589407182127813,1.0,10.86374977890538,2.3322743731505406,1.025154288674653,3.8126741042881975,1.4067998604275291,1.107301639336809,0.1936340267645923,4.460177412998157,1.0254392896639017,0.7355508233180621,1.3798607017998334,0.6891959658002231,0.5843226639555752,0.07960721980749834,2.2233758580363094,0.46312684629072903,0.32462675469532365,0.7902503287019398,0.7176038946273059,0.5428191220303129,0.06446038492339279,2.236801554961848,0.5413978469621912,0.38565657534619574,0.6984188816538124,2.095995826227752,1.6853626295069228,0.3228076686057918,6.683553271034467,1.4217403696711315,1.0435903567657256,2.1356597761678824,1.2775887538900756,0.9032073716334093,0.14140475560768082,3.5529612485654702,0.9455897401351008,0.727399813505345,1.3155593862612198,0.7325135683426732,0.6247670802979536,0.05883992003984306,2.572614405257848,0.5113108245543126,0.3710860326254753,0.8861427018410442,1.2995080307253397,0.9285201112174593,0.18961600348897434,3.8671260308306885,0.9680662264115734,0.7323238859010714,1.490183316964632,0.6942885762912346,0.5135689593682664,0.10253087588225437,1.8943253114401293,0.5569245507511822,0.3119211161887835,0.9040500031893574,5.813730959074264,2.062997534611565,2.9872404012725466,11.206664388313271,5.350524563822807,4.373621770457204,7.0109102724379095,0.7408153318783999,0.44852038253834225,0.3604793310902939,2.166771489067186,0.6037626496550346,0.43684180712330434,0.8482981923501706,2.2865295395062346,0.9763752803000844,0.5063532207909294,4.610919305918152,2.283773199657619,1.5618071532748377,2.884926997323912,0.3745775843891152,0.2296642266755569,0.10203019480405763,0.9288087067989724,0.3606340762435031,0.16452475651274084,0.5129383483115136,248.8278209016131,178.0546338429952,85.2292361106088,921.7112681076503,198.581625475365,141.4645936071932,283.33908054569076,0.5808783413124756,0.45748895962602204,0.19228896217761524,2.0968312561762095,0.3917505102827545,0.28811635754991344,0.7289646243148129,0.7071067811865476,-0.7071067811865475,0.43388373911755823,-0.900968867902419
user_05_direct_s165,user_05,direct,2026-01-10T19:59:00,2026-01-10T20:02:00.762790246,180.76279,20,172.53690774042232,8.225882517,0.9544934980281192,0.40787440853675466,39212.14337956063,73.38264439068413,216.92596899815845,0.4059610077421583,0.0,0.0,0.25991579445599,0.4329411851052632,0.7370369926806639,0.0,0.0,0.6325555985,19,5,0,0,8.626845387021117,2.389485595385348,3.509838040348436,13.14441879198915,8.699097624085585,6.770170320870776,10.092658834501226,568.0062685782947,278.7581826334035,166.05623879233622,1349.977707378474,525.1701945788365,421.5350696378545,601.282807745991,1392.600900399737,683.44121817656,407.12590767354413,3309.7877168158343,1287.5781946282907,1033.4923221834567,1474.1861591735728,1.1860699886698334,0.2813705166716393,1.0,1.9123133192508202,1.0,1.0,1.2406330108774604,2.483062230864373,1.0704646376173346,1.0,4.688485669182397,2.267440302347093,1.8558440950862383,3.0417034874245212,1.2336362595527417,0.7747145243626222,0.3687993043404026,3.824138046835178,0.9587409624965888,0.827743865332292,1.400787584365222,0.6199717365219282,0.4187143113164797,0.18424410960833926,2.0594281727658945,0.4701131957718628,0.37012955459304164,0.7211147859900147,0.6193738379877705,0.3806046012161601,0.0001,1.7647098740692835,0.504073980959133,0.43339911062195186,0.7837425991343262,1.8536079960746696,1.1825641999539542,0.5530434139487419,5.8835662196010725,1.4288541582684515,1.1566001764022678,2.0059891493383386,1.191795721604317,0.7672415842146448,0.4043088610320077,3.8002553606236695,1.0207131951698951,0.6861593937002786,1.3119880597318514,0.647736185470944,0.5349081273339306,0.23545117850218777,2.6567357852804157,0.4620285489383199,0.35949259909953074,0.682128880228732,1.2292108418486825,0.8613945006817493,0.4276570297035456,4.394623012907977,0.87777185615126,0.7352252558060614,1.401414275754045,0.6234536324879627,0.4317228152615847,0.2074167743480473,2.175000848315953,0.47742113446062195,0.3649246514054131,0.8243521185369476,6.459697999042982,2.0967019430376928,3.0479115157675873,10.786407273039128,6.300054455434998,4.698390298454245,7.614585395186355,0.9666530047760855,0.42504683649360075,0.24964954330216949,1.9755678308471587,0.9670838701444493,0.6453094933584699,1.2654926400943545,2.167147387978133,0.9435909969154097,0.4619265245808486,4.137940920727787,2.225697180528986,1.541233703782218,2.736288834349518,0.31776460466736484,0.19554520390672506,0.07752861006492039,0.7449541417110346,0.2457219917773592,0.16220742380681025,0.45160097852158276,246.93014385384603,145.2985138399115,67.55022775435435,644.8211410048211,203.84352489746394,154.4850346927196,278.6455102444287,0.4791382047982597,0.2882600039233679,0.21569049651528757,1.4499013258129527,0.3903638289571307,0.2698983133255465,0.5786143840660692,-0.9659258262890684,0.2588190451025203,-0.9749279121818236,-0.2225209339563146
user_05_direct_s166,user_05,direct,2026-01-11T09:05:00,2026-01-11T09:07:49.019583022,169.019583,19,163.7278223764578,5.291760654,0.968691434864431,0.4078744085367546,31254.09626240767,64.90865443108555,184.91405378989526,0.3840303784862938,0.0,0.0,0.3774158101732838,0.293986703,0.6504211628079168,0.0,0.0,0.08876920575,9,6,0,0,8.617253809287252,1.973851029320834,5.191719852092017,13.889941294538879,8.179225042040379,7.14436396881121,10.064443512478165,476.5581342858494,144.29418865567084,275.5543224471961,784.4667466646251,440.85255854183475,377.4494031840351,560.4636257038211,1168.394300577712,353.7711257083395,675.5862017324022,1923.3046502694096,1080.8536875931711,925.4059467426039,1374.1083381879207,1.1805731146362262,0.3498146864440006,1.0,2.4120256158765443,1.0,1.0,1.17422253068591,2.2356718554209083,1.2759155766031134,1.0,5.913647842064085,1.5976464344621166,1.3768481864462694,2.8788825827499736,1.1061639317833716,0.6554540246373697,0.5166409648629711,3.3029873089845276,0.8458741727031007,0.7162022491661375,1.250439837887599,0.5527255392328513,0.35850608389570415,0.2020214796628005,1.7655542743859582,0.4279509009697877,0.32977526379022565,0.6444484922580115,0.5534383925505201,0.3130765478708269,0.1998498304920634,1.5374330345985694,0.46438213678146956,0.3854482471805081,0.6320093967048394,1.6588894710162227,1.0090967527350412,0.7985843108115338,5.068541583370486,1.2612312978492741,0.9752597912158868,1.8376417161677867,1.1400781725693614,0.7877100783043283,0.4780977658961618,3.924034545315214,0.8929007571243086,0.6539433776199314,1.1950219837381457,0.5096369688851544,0.301243403785997,0.18511937584029078,1.4539968088135722,0.40889600437216433,0.3071247441089331,0.6823495912527997,1.0121471934605664,0.5290017957003972,0.46205485281453035,2.437456115559028,0.8298495362143072,0.7038377074116763,1.0036903720677164,0.5462746313182519,0.3583229459174241,0.20559262594258282,1.7369645872614585,0.4433627272633825,0.28359911108291525,0.7136082384481011,6.180916823030517,1.902483674124382,3.9046662018817244,11.888302867993897,5.699491664068664,4.9110101137447035,6.376492901062649,0.9390494768403181,0.5976709326680373,0.32446206184209797,2.6826948436130427,0.8620232905776152,0.46559580090755676,1.077408332686908,2.436336986256736,1.2034812987966002,0.6175279927640593,4.43162785847433,2.1831466828086716,1.4924994704927879,3.277393123576695,0.4224249443303384,0.2835962446983784,0.08730646364558263,1.0091004969013446,0.3182306100438072,0.20457562585413036,0.6124545170591982,202.31221731366716,78.97282053687272,92.03213351066952,342.5508204873751,180.3010419969632,147.75821023187024,280.4416023791153,0.4237919703574335,0.2625094598207168,0.19626293542944306,1.3221521750923568,0.3570854367440895,0.26303440999036914,0.43118217350005483,0.7071067811865476,-0.7071067811865475,-0.7818314824680299,0.6234898018587334
user_05_direct_s169,user_05,direct,2026-01-13T09:33:00,2026-01-13T09:36:05.488102353,185.488102,20,178.292295063167,7.195807299,0.9612060996945615,0.40787440853675455,39743.20655383079,81.49745489560424,214.2628347872727,0.4393675605975214,0.0,0.0,0.13539117499102102,0.3787266999473684,0.49733814924830183,0.0,0.0,0.753472425,9,1,0,0,8.91461475315835,1.5563643856754072,5.411718145334043,11.649749169671935,8.891315209704562,7.982884365744127,9.94884811293055,575.6989674720196,264.6543970931256,235.78954691115896,1361.0038486020642,506.59900157890576,385.4638471186976,749.3613093340151,1411.4613602195197,648.8624722560326,578.0935061776776,3336.820894168506,1242.0465490745657,945.0552401695053,1837.2354176922775,1.3508486049846729,0.6270739748585116,1.0,3.5708346690758908,1.0164732333371058,1.0,1.538798676047037,2.7240241397955387,1.9426092067664502,1.0,8.75474066119084,2.2285018413322426,1.1627063919183094,3.77272671155678,1.0912405807735372,0.46640187441517295,0.5139248234532603,1.9372969946288465,0.9092971676837933,0.7451899086351861,1.4412823260827081,0.5258566229640957,0.27878465848626016,0.15156128047390266,1.1690111223043904,0.4669242332348168,0.2715652044892662,0.7336844303471775,0.565383957809442,0.24224490365786663,0.17297885639329214,1.056625109007225,0.4785891570071277,0.3950064408449768,0.734708689855569,1.617097203737633,0.7292603068742779,0.6654861039271629,3.092620684120424,1.2904266270053273,1.0056930799181334,2.2372797704696374,1.0597431536510113,0.49000195172978,0.6044472725154487,2.1567693905556817,0.7916379658802777,0.7010422656699113,1.288091080559839,0.5310378363862214,0.3231038696069038,0.12215128866948322,1.4273029627326286,0.471774428598983,0.28127636873451645,0.681018651542144,1.055004919793609,0.5017894994300796,0.48583428885807345,2.1798300586828825,0.8472397770825106,0.7339688863056394,1.313975477059311,0.5386698454582384,0.30146704776779665,0.12863119877474413,1.0892252776680187,0.4819636419225013,0.2663217309344736,0.7143299881241864,6.813824232881858,1.6480908795330633,4.0543991116493885,10.405386747753047,6.486240597087605,5.771485607195299,8.267109618197066,1.0677326097552298,0.5702770654344803,0.33623315642854873,2.324205979551899,0.962583498597056,0.6110918740568501,1.4962845297318268,2.1007905202764925,1.0611120421029776,0.6191943198572893,4.024033974039841,2.0110132494369664,1.2501558268744988,3.0879103357966695,0.3473622478971676,0.23555822629436252,0.07503896699452009,0.8234304522884901,0.25445537495761295,0.15836929193226937,0.5623405159957354,221.55514360499524,82.51532328851779,87.09152975966737,406.2890821170738,212.19923655710943,170.10448330297865,287.0455303535071,0.4566593349574727,0.2521473643718349,0.19388515126903863,1.0659713722197246,0.38487829256542155,0.26789060453209357,0.5722400981531273,0.7071067811865476,-0.7071067811865475,0.7818314824680298,0.6234898018587336
user_05_direct_s170,user_05,direct,2026-01-15T09:03:01.281559880,2026-01-15T09:06:00.310603268,179.029043,19,173.38997693397621,5.639066463000001,0.9685019482228714,0.4078744085367547,37877.98897464255,84.83793501705456,211.57454868729062,0.4738780568527899,0.0,0.0,0.19143049358264527,0.3132814701666667,0.4616215349064976,0.0155200335,0.0,0.48681670675000005,9,3,0,0,9.125788259682958,2.3720997492309626,6.030221444989827,14.194440317038536,7.991233332837355,7.12879942135244,11.35890857619965,577.5583336244918,316.842513557342,189.62521082063097,1524.7047625728178,485.7164447233725,404.836867655052,656.4842803970082,1416.0200334619578,776.8139087078576,464.9107834465749,3738.172169327026,1190.8480516487302,992.5527544309539,1609.5255467292957,1.4765702584150593,0.8301379095015827,1.0,3.95592121407271,1.0,1.0,1.5318995960171837,2.98858421616676,2.458270068537518,1.0,9.69887085650835,2.176851939964799,1.0283718819219854,3.7558119949541773,1.1460261795447078,0.4880368454540494,0.58555513663572,2.4303932025310195,0.932491214934941,0.7923380327412874,1.2536164817267834,0.5778180836695489,0.2802339336664109,0.14232349449812465,1.2185526655471044,0.5374324966807131,0.3667655955012816,0.6319979991036153,0.5682080958751584,0.24050934678911098,0.13881226631764088,1.2118405369839151,0.5429951617408761,0.4350829140737805,0.6706090174547161,1.7238442632142565,0.7586681055012497,0.8735671390015267,3.648945868078124,1.4457047722960636,1.225746244120385,1.856779249985072,1.1038901767752236,0.4887924606428362,0.5556470122416849,2.1648603750599746,0.9743299208671918,0.7314856692339144,1.3543725079371067,0.5869641905548986,0.25829703066314275,0.12693823399098503,1.2183209342831496,0.5820763568863025,0.39738055275817374,0.7159977269782967,1.0272450888487508,0.4422820379898551,0.5639955512641791,1.9305252202223482,0.9213352565783399,0.6720011451601946,1.2235282709241344,0.5761210725371695,0.2782463922178205,0.14066203199323252,1.1553866344224686,0.5484151194716063,0.336079452112921,0.7017218186811119,6.554103384667654,1.926174617630764,3.6815137507108857,9.770506910629544,6.386196391705469,4.779775282840937,8.536332698508584,0.9590391946221937,0.3907616340711213,0.2865051550212645,1.6773633604575993,1.0251127155566326,0.6127493239379107,1.282560448415221,2.5716848750153063,1.2162563905871138,0.6409304793943225,5.527841490757172,2.5940869328892733,1.7247355646743756,3.1537219437153703,0.37900427031194217,0.18949626377319934,0.06094848102922513,0.6283254196265287,0.4362502911696217,0.20685824005860637,0.5556507575179915,231.40882535687973,129.83233038849067,80.17388910521976,514.8851205537663,198.07667440586727,137.32979144158014,286.13063029218597,0.523946978838443,0.4433192811133335,0.14090023666514462,2.096519735665673,0.32785567051205844,0.2701597433142938,0.6466329396203968,0.7071067811865476,-0.7071067811865475,0.43388373911755823,-0.900968867902419
user_05_direct_s174,user_05,direct,2026-01-18T19:24:00,2026-01-18T19:26:00.346249706,120.346249,15,113.87748908152022,6.468760633,0.9462487616171587,0.4078744085367546,23760.683271133916,48.30496217063617,197.43601041636052,0.4013831970004829,0.0,0.0,0.1664755970946345,0.4620543309285714,0.6466218621571178,0.0302485535,0.0,0.9189224415,19,6,0,0,7.591832605434681,2.2403226543899364,4.9780446076491245,11.123643637818144,6.5725970518076515,5.546206813296402,9.811806115695179,458.91283942556765,215.4270422810058,176.7596948599423,976.103990458716,430.96550722941123,290.540221581169,511.1300009045839,1125.13271198336,528.1700390417926,433.36794650604816,2393.1484055606215,1056.6132569471463,712.3276565045576,1253.1553591171794,1.216541123534508,0.44840528413202085,1.0,2.425958805911158,1.0,1.0,1.0,2.003789687841237,1.6127188885892652,1.0,5.947808332997063,1.0,1.0,1.9754910287593068,1.313800411133147,0.7000470130078396,0.5734520150574727,2.7990166955079934,1.0615104341300952,0.7766754090778994,1.6212480460188272,0.6710997768963912,0.3446294104798976,0.1626628986956578,1.4044798344940963,0.5222015701613928,0.4642311941464284,0.7477944695015469,0.6427006342367555,0.37549031686374446,0.16418429198589068,1.394536861013897,0.5526403074348695,0.33057610678404015,0.8812957547658867,1.984900188029538,1.0376307261831663,0.7361149137531304,4.20349653000209,1.569811005456656,1.2568270898995018,2.361200337271768,1.2016013267341605,0.5947454926379061,0.5919039597941425,2.449109182492238,1.0064774670364123,0.7781259549094393,1.3106150713223024,0.6426576477153312,0.33810026373030333,0.152051983661249,1.3306715895446835,0.5515560104626669,0.401034312636985,0.786264773675748,1.1943648785555756,0.7120623891494624,0.40383878124237405,2.733072897923368,0.8753402914811089,0.6845217975913194,1.4372763055673623,0.6492327450600965,0.3818252267781823,0.15232906541397162,1.502793413450361,0.5248520914037456,0.394617773677846,0.7517315219392697,5.87305629296176,2.066013940075744,3.0534837791409277,9.61527551433297,6.183949846698461,3.9845724701399,6.942470082909927,0.9165364462791235,0.636040575167409,0.2262004204009812,2.085434011637474,0.5825544353320361,0.3773236857287142,1.4218075220380975,1.7187763124729218,1.0524500249592954,0.31406710017096096,3.910937180848883,1.508368123485175,0.9702970232469008,2.3772911044601543,0.2402436580112556,0.21945657396503684,0.020418768720929167,0.7665934495178806,0.14263767240192282,0.09568823882844354,0.30592256958989505,217.53750451214128,104.70950741534467,82.09136729872893,498.4267385044138,174.68336992132458,145.2783776861558,259.06538054411794,0.451622558738786,0.325957801801075,0.17979720180898312,1.5530344418614566,0.350844022133251,0.3050382401389017,0.5002298868430392,-0.9659258262890684,0.2588190451025203,-0.7818314824680299,0.6234898018587334
user_05_direct_s176,user_05,direct,2026-01-19T19:51:00,2026-01-19T19:53:11.639793573,131.639793,18,127.9250754678283,3.714718114,0.9717811958867809,0.4078744085367546,36278.32796970759,95.09410492811541,275.58785336062925,0.7223811490505414,0.0,0.0,0.17499451303888186,0.2185128302352941,0.31121171993752783,0.0,0.0,0.452435117,19,0,0,0,7.1069486371015715,2.0563086168009668,3.4590699570487358,10.651384851224353,6.832055749884214,5.529897789666618,8.378527154622848,583.8984197905459,366.5323494574034,197.79454636859217,1936.3339262940722,510.2823202457486,391.45672177490553,646.2622834609303,1431.5642451932094,898.64022303418,484.93983007705276,4747.377834369778,1251.077070700222,959.7481812581784,1584.463918144288,1.6551337021601298,1.4281487759708955,1.0,7.001900631741102,1.0021225436829955,1.0,1.7548460240311756,3.6278721271796153,3.7333466233861006,1.0,17.16680548029564,2.3788930726921933,1.6933851418486725,4.302417575857892,1.0123247455668458,0.3661009689111335,0.5362085949326254,1.9207627832745748,0.9005916218382433,0.7243180588793563,1.2947708955924946,0.5167362295945023,0.1952016589557365,0.28421601066637464,0.8780874209246895,0.45315510279138715,0.36616353734415746,0.6721161790106469,0.4955885159723434,0.20769218709240497,0.22742711870711696,1.0426753623498852,0.47401070223533553,0.3259214523412569,0.5879258630994866,1.5290609751613475,0.5487541978101471,0.8449900711581338,2.7988502041992644,1.3120251846423516,1.1147022030353566,1.9289114108830907,0.9651745474995869,0.3509425574560383,0.5121091350021132,1.7068850224645105,0.9633285354486536,0.668007278059562,1.2084561423090268,0.4703048763866826,0.16726270479756825,0.235152085786267,0.85511851598356,0.4767285732522014,0.3248850616613636,0.564983483188638,0.9739377852383275,0.4061935385678125,0.462787139037116,1.94608485429415,0.8726990427402243,0.6198113918845682,1.215672439785301,0.5088769722002486,0.1884085066326179,0.20089415207336392,0.9783813992633799,0.46250492921147834,0.38775019775760156,0.5884770321474183,5.108912397150838,1.6564904687005009,2.0045717367469753,8.560138354143051,4.917247961935523,3.967459921988952,5.837631095968801,0.7739383341563385,0.4127574319046085,0.274409365764053,1.749761997630888,0.6987174790373589,0.41479736793481486,0.9749011542408,1.998036239950734,0.9332649119814119,0.5233431295570989,3.769349025677834,2.0551503212644895,1.1623190150950458,2.775004564276836,0.32648433757513434,0.19983136168940538,0.06053978710642013,0.7084417822293574,0.3162463413331225,0.14266878314677467,0.4188973258064088,300.1181335560293,191.02277178880422,108.14174632028941,970.7995085060974,245.096084963537,191.87413824515806,366.529889481705,0.7919255371600319,0.781516137701461,0.2527206928429655,3.5104697591661487,0.48058626442758173,0.3844515032680881,0.7585459029910545,-0.9659258262890684,0.2588190451025203,0.0,1.0
user_05_direct_s178,user_05,direct,2026-01-22T09:27:04.054637621,2026-01-22T09:29:06.433585559,122.378947,14,119.06303643151907,3.315911514,0.9729045669229289,0.4078744085367547,21706.76260839845,48.30316178171487,177.37334027231375,0.3947015640011584,0.0,0.0,0.28582182819469704,0.2550701164615385,0.45923375484489204,0.0,0.0,0.363828028,9,3,0,0,8.504502602251362,1.5688660778022232,5.996742607028763,10.91209970368647,8.906333410916357,7.420247546287077,9.431715203952706,449.18946637688987,184.52195741160514,163.48872757218894,746.1435062561018,474.6954337663517,298.0075059742045,569.9041606464605,1101.293577080142,452.3989579870328,400.83105031939385,1829.3462169712584,1163.8274523506311,730.6354596830516,1397.2540289815827,1.206149397538002,0.44533505304939996,1.0,2.5380810074991937,1.0,1.0,1.0696860987286108,2.2440764440130603,1.5048074235836617,1.0,6.222702269074771,1.7657252879987066,1.0749666406908585,2.547790856605019,1.3340975211518817,1.0305427323087795,0.6047763831466177,4.711196092540861,0.9506523184303856,0.838037869810795,1.426240098185581,0.6680872196252433,0.5024265904398937,0.23622628309010152,2.344961435103537,0.48565953824684127,0.435731017634565,0.6606819551154135,0.6660103015266382,0.5357065945473226,0.26060304370717874,2.3662346574373245,0.4705715299773402,0.35476296099481497,0.7631547542674495,2.0021847407771247,1.5303333128274748,0.8410026662367193,7.056157527644398,1.4451881547004874,1.2359599606039409,2.077097292938792,1.3632722755917235,1.036425376140236,0.547260857591159,4.557106354166133,0.965025704871132,0.7348435915642209,1.6128701543719937,0.6910270145787225,0.5895927070744489,0.2710971377940833,2.736155119838833,0.5224711983648105,0.4584278309732485,0.6601313043897753,1.2187596111756458,1.0979696109193149,0.46732290286471706,4.956173760197126,0.9216176661658282,0.6346910004435167,1.1394754862299137,0.6794073189735833,0.526308642353798,0.2883704829361659,2.457855905585937,0.5121622118081903,0.40831036500934387,0.6920518881032551,6.0832037833554065,1.6215667256041129,3.7287594183577855,9.088041860255947,5.7346904981075415,4.730296774688658,7.590320913582522,0.9396094308785099,0.47230821013489316,0.3257673519307728,2.173919958341029,0.8515662492666806,0.7076547354882473,1.1508134758290303,2.4212988188959548,0.9022228224151864,1.0560741598484658,4.073386524755789,2.2734783007829424,1.933334505678063,2.88171169421201,0.3738233947091914,0.20767278353503069,0.1142969005572305,0.855339708016855,0.3622207939288469,0.1921901154656832,0.4804410599252925,186.7912260495493,78.38279412092916,59.49196364061108,332.7688918634405,180.69040548728697,133.90908897437075,235.90936892148108,0.415902290175887,0.2349168972452224,0.21084486481365425,0.9640236397291243,0.32080213384994033,0.26002928508264944,0.459843223663147,0.7071067811865476,-0.7071067811865475,0.43388373911755823,-0.900968867902419
user_05_direct_s179,user_05,direct,2026-01-22T19:57:00,2026-01-22T19:58:13.352791695,73.352791,9,68.83559382694085,4.517197873000001,0.9384181963429429,0.4078744085367547,17189.667469764576,50.61023573873794,234.3423779166709,0.6899565108400298,0.0,0.0,0.13393820720339025,0.5646497341250001,0.7392981800340656,0.1572214975,0.0,0.8786001005,19,3,0,0,7.648399314104539,2.1837417607479077,2.929272099150128,9.776387814971352,8.44310727237629,6.645857942136864,9.288352864850296,553.334193389585,173.64856176998782,348.7075574596867,983.5928597037328,548.5602262005843,434.6681625829113,598.7695845877103,1356.628858806479,425.74027233763036,854.9385550093018,2411.509129078145,1344.9243559274498,1065.6911870060173,1468.0244017657055,1.6746341388070236,0.8304248948149081,1.0,3.809790840198941,1.2640437153801165,1.137132516447135,1.8201714499808324,3.9487253877194144,2.2049886588525096,1.0384300406769262,9.34059789106781,3.099100333151228,2.78794769332694,4.462578214972298,1.364705741600198,0.7267816854517416,0.6402964926223859,2.727729548568496,0.9961748136599129,0.827513669029179,1.8543776638307903,0.6976348214776367,0.3837067219523139,0.1967516324120993,1.3744730010121238,0.5806476536302413,0.41059013480367196,0.843989533471187,0.6670709201225614,0.36976012102568634,0.21486949767882285,1.3532565475563723,0.5470894278224848,0.41692353422550704,1.0103881303596034,2.0623405630778344,1.1018903695277489,0.8370481250344852,4.102202549580619,1.6670469836361477,1.238103803832851,2.698367197301977,1.318608587713525,0.6604621624700554,0.5862132128332014,2.385438042744246,1.0849564374399405,0.7474250218362899,1.8389522972243582,0.5920284874820475,0.27510045557861273,0.1649737017435742,1.048909051584468,0.5299923283581691,0.42522401497379136,0.8376380747097045,1.1861754100298159,0.5218159920843689,0.5853113281836277,2.0371647977552287,0.964841045109154,0.7662109927193069,1.6777019254688152,0.7125229456602314,0.4517134364832285,0.14905448993932904,1.650126115124594,0.5772656219802804,0.3187811974231052,1.0806372388904188,5.367998181393632,1.8812704842246617,1.6235933669773066,8.033653984881667,6.276841588573105,4.134093508990569,6.417295289018738,0.7284220146726974,0.37675750446046574,0.08729343458055422,1.3098970896711126,0.572885484129999,0.5358444780997319,1.0052464434436386,2.2804011327109084,0.879518274094286,1.1345254253499633,3.8154465625790177,1.8696511601391266,1.7202946539325534,2.9570257389511987,0.3959375505382829,0.26641023970691324,0.09928829523243682,0.9234488525824582,0.29238104971925605,0.1693791820088897,0.5070944998227854,300.69413398955896,195.23233537831035,129.5866048569192,663.2509846687907,211.40671027681321,177.6598480025988,284.9119855726582,0.8645240270246034,0.6667133650906414,0.21946087431614608,2.568997427355457,0.60345757646795,0.4887817575311201,0.7579777084899698,-0.9659258262890684,0.2588190451025203,0.43388373911755823,-0.900968867902419
user_05_direct_s181,user_05,direct,2026-01-24T09:40:00.271912409,2026-01-24T09:42:17.759559722,137.487647,17,132.4777203163884,5.009927004,0.96356089588462,0.4078744085367547,27270.861366030855,57.235068114137555,198.3513570934184,0.41629244054294967,0.0,0.0,0.19312540860471222,0.31312043775,0.4630111720173531,0.0,0.0,0.6236210879999999,9,5,0,0,7.792807077434611,2.234035449661933,4.105081546794919,14.30776741096217,7.4242610237038065,6.987983946418601,8.182731217495421,464.74259278476325,158.55337530585714,286.07716640432454,774.9256678909505,376.69028317759256,340.3085343396136,616.3135351756116,1139.4257228641104,388.73087398316017,701.3854275158461,1899.9124526370474,923.5447855847715,834.3463752983841,1511.0375210512232,1.1469330139237583,0.23653712189583892,1.0,1.7188716712523278,1.0,1.0,1.279071426973619,2.2198356986725685,1.0587498461095775,1.0,4.214217992785482,2.125828236157031,1.0963692684522917,3.1359443009976395,1.1117127153206396,0.4204273692437101,0.6558766679179328,2.252675065138797,0.9839726952283376,0.7830271294243834,1.3704918524359757,0.5957421254560997,0.27045990844446444,0.2431449870326714,1.3041744155797317,0.5252730848843652,0.4336961229113947,0.6611166403105947,0.5159705898645397,0.19690067331442587,0.13060358303356756,0.9485006495590653,0.5325389951800383,0.37955361064980053,0.6785696700486376,1.707454840776739,0.6790033833629077,0.9920462119816458,3.5568494807185287,1.4427902568511028,1.3065882062976373,2.050216934906733,1.0601734238967007,0.4122791492755644,0.5088044759380775,2.1654705546851076,0.9817849411607618,0.7151120146662959,1.1806248558016628,0.5805180353982676,0.2595236027635182,0.2827580638686159,1.3375381449764299,0.5109185732054632,0.42966865877416327,0.7092851370116924,1.102345863704506,0.5067994851258325,0.5575214802745775,2.5856738367959586,0.9560422185242398,0.7970580504575818,1.2787386150023001,0.5566801362672504,0.272727404108272,0.21987526357477394,1.3084528469462113,0.4650622612826342,0.42047070842432904,0.6437712633660819,5.537049950567092,1.6625312694361727,3.304412140230697,10.841252939059341,5.320033101906602,4.464149646107262,6.177360325837681,0.9022284336565802,0.44681066123131796,0.33500804638707665,2.2302754833916065,0.831701244703218,0.5997933635210349,1.07119394566035,2.255757126867519,1.0107494592874688,0.8006694065642219,3.7884070567978894,2.594187812194387,0.9760846151803317,3.1015885115838895,0.3051464525843672,0.1568294847705575,0.11657130559242891,0.6675774908144794,0.22159844984902632,0.19764419512901032,0.4061511283258531,220.34270880740993,96.33817993989274,97.6868509497815,489.04675767151747,182.99550173452965,166.05927042748743,275.4991730877472,0.46174389975039565,0.20893367636868515,0.1988374834823695,0.916097865805757,0.4031558779342103,0.2979090599946176,0.5395528229659499,0.7071067811865476,-0.7071067811865475,-0.9749279121818236,-0.2225209339563146
user_05_direct_s182,user_05,direct,2026-01-24T19:56:00.378373642,2026-01-24T19:56:58.682862387,58.304488,7,58.30448874845957,0.0,1.0000000128370834,0.4078744085367546,10401.876456751095,28.872716979038337,178.40610240417678,0.49520573749036845,0.0,0.0,0.0,0.0,0.0,0.0,0.0,0.0,19,5,0,0,8.329212678351366,1.4168308724124097,6.435224531540242,9.906216267797298,9.299149961957333,6.860180143260222,9.471768850322128,430.50301136278875,126.17195098798989,289.7994984574554,704.4375830934193,375.1152485949152,367.6218137829338,454.46256091393207,1055.4793396016535,309.34019969683936,710.5115996296706,1727.0943416640973,919.6832180293865,901.3113009511271,1114.221807993083,1.3510269186971127,0.7146471676797189,1.0,3.0940763051780245,1.057273358555704,1.0,1.1529193835730307,2.773646935451221,2.0996212285044975,1.0,7.585855450647154,2.5921541936123456,1.2921065425181213,2.826652909431404,0.8185302452459287,0.21775431819429472,0.5425707610610684,1.1805243220568766,0.741160488056589,0.659550998205833,0.9731770745676507,0.37310763661561486,0.14494043669151552,0.17326340445103347,0.6137723344856546,0.37713504257141006,0.26111902347491434,0.46267231392568864,0.4454226086303139,0.11234477101441727,0.27450561859804035,0.5678970836055555,0.5019906427764735,0.34389702467672767,0.5428854330393362,1.1916378818615436,0.3524599253630076,0.8106359035240964,1.7942966565425311,1.1077785223694885,0.8785276568040052,1.4358493884933394,0.827016814380274,0.2122054192830418,0.48084427494525805,1.148748201354085,0.8353781385545118,0.7014503828319649,0.9606231600720668,0.36566555714876775,0.17347631045146775,0.15366844733259802,0.610615775407265,0.2887789090608483,0.22676966887295713,0.5265282152473741,0.7655275446926112,0.1879241428575231,0.48785834807772394,1.0685820104776347,0.8093107302102589,0.6159065013913287,0.8805643606500015,0.3931023302346766,0.1569360975815098,0.21321862938005395,0.6544642891762136,0.3292044395013646,0.2742117559227119,0.5032027208698397,5.9491008054194205,1.456916082832551,3.568411667461541,7.678408487456531,6.448772425304528,4.79481340163289,7.179243127223785,0.9199018555195766,0.38950069783625785,0.29821069777675646,1.422492642283945,0.8981844698751298,0.6326925222832975,1.277520067067305,2.3801118729319457,0.6351585514874908,1.5681060773526676,3.4574438424927694,2.5626274059019973,1.801756025270071,2.7345468671180226,0.39364971471424454,0.20640040620418168,0.09778444163190958,0.616710019830313,0.5225230930135069,0.20473797113994757,0.5545272531220434,178.76289724460986,40.364856647772285,138.44445890275543,258.88622056289574,181.22107556469706,141.62528688082045,194.76897596013995,0.5018652736090383,0.29873128594771303,0.20189343195560086,1.1370967989289134,0.4151486449418974,0.2861832691888057,0.5932757505296224,-0.9659258262890684,0.2588190451025203,-0.9749279121818236,-0.2225209339563146
user_05_direct_s184,user_05,direct,2026-01-24T19:57:00.397106048,2026-01-24T19:57:15.947253095,15.550147,2,15.550147047206035,0.0,1.0000000030357292,0.4078744085367546,2563.667496709052,4.65453032609838,164.86451843246576,0.2993238794526109,0.0,0.0,0.0,0.0,0.0,0.0,0.0,0.0,19,5,0,0,7.775073523603018,0.3585790725816218,7.4164944510213955,8.133652596184639,7.775073523603018,7.595783987312206,7.954363059893828,371.3592482272216,17.838387216749993,353.5208610104716,389.1976354439716,371.3592482272216,362.4400546188466,380.2784418355966,910.4745001273044,43.734999900447406,866.739500226857,954.2095000277518,910.4745001273044,888.6070001770806,932.3420000775282,1.0,0.0,1.0,1.0,1.0,1.0,1.0,1.3272651630491896,0.18375216873408262,1.143512994315107,1.5110173317832722,1.3272651630491896,1.2353890786821484,1.4191412474162308,1.558895981569799,0.8848394447778197,0.6740565367919793,2.4437354263476188,1.558895981569799,1.1164762591808892,2.001315703958709,0.8902541959314078,0.4276618424143407,0.46259235351706707,1.3179160383457484,0.8902541959314078,0.6764232747242374,1.1040851171385782,0.6686417856383913,0.45717760236347904,0.21146418327491223,1.1258193880018703,0.6686417856383913,0.44005298445665175,0.8972305868201308,2.4491501775012066,1.3125012871921602,1.1366488903090464,3.761651464693367,2.4491501775012066,1.7928995339051266,3.1054008210972865,1.4192869719598573,0.7603350274016132,0.6589519445582442,2.1796219993614705,1.4192869719598573,1.0391194582590508,1.799454485660664,0.7467573554517115,0.4208234936000192,0.3259338618516923,1.1675808490517308,0.7467573554517115,0.536345608651702,0.9571691022517211,1.4159071610642457,0.8857620506047398,0.5301451104595059,2.3016692116689854,1.4159071610642457,0.9730261357618757,1.8587881863666156,0.901086320426302,0.31923488853620485,0.5818514318900971,1.2203212089625068,0.901086320426302,0.7414688761581996,1.0607037646944044,5.044184184743013,0.17016823838355366,4.87401594635946,5.214352423126567,5.044184184743013,4.959100065551237,5.129268303934791,0.4372148405878775,0.14530318497806008,0.2919116556098174,0.5825180255659376,0.4372148405878775,0.36456324809884744,0.5098664330769075,2.7308893388600035,0.18841083419806814,2.5424785046619354,2.9193001730580717,2.7308893388600035,2.6366839217609694,2.8250947559590376,0.2872834166640649,0.10176050580527897,0.1855229108587859,0.38904392246934383,0.2872834166640649,0.23640316376142537,0.33816366956670435,165.58193747392718,15.555814916180822,150.02612255774636,181.137752390108,165.58193747392718,157.80403001583676,173.3598449320176,0.30105416558249787,0.03751783071117651,0.26353633487132133,0.33857199629367435,0.30105416558249787,0.2822952502269096,0.3198130809380861,-0.9659258262890684,0.2588190451025203,-0.9749279121818236,-0.2225209339563146
user_05_direct_s186,user_05,direct,2026-01-24T19:57:15.947253095,2026-01-24T19:57:26.762853883,10.8156,1,10.815600788430878,0.0,1.0000000728975627,0.40787440853675466,743.3862810731398,2.0,68.73278237667256,0.18491808128998855,0.0,0.0,0.0,0.0,0.0,0.0,0.0,0.0,19,5,0,0,10.815600788430878,0.0,10.815600788430878,10.815600788430878,10.815600788430878,10.815600788430878,10.815600788430878,215.36597147339143,0.0,215.36597147339143,215.36597147339143,215.36597147339143,215.36597147339143,215.36597147339143,528.0203095997483,0.0,528.0203095997483,528.0203095997483,528.0203095997483,528.0203095997483,528.0203095997483,1.0,0.0,1.0,1.0,1.0,1.0,1.0,1.0,0.0,1.0,1.0,1.0,1.0,1.0,0.5573085676440146,0.0,0.5573085676440146,0.5573085676440146,0.5573085676440146,0.5573085676440146,0.5573085676440146,0.49448040555263123,0.0,0.49448040555263123,0.49448040555263123,0.49448040555263123,0.49448040555263123,0.49448040555263123,0.06282816209138337,0.0,0.06282816209138337,0.06282816209138337,0.06282816209138337,0.06282816209138337,0.06282816209138337,1.0517889731966459,0.0,1.0517889731966459,1.0517889731966459,1.0517889731966459,1.0517889731966459,1.0517889731966459,0.5173494870419971,0.0,0.5173494870419971,0.5173494870419971,0.5173494870419971,0.5173494870419971,0.5173494870419971,0.5275617499302909,0.0,0.5275617499302909,0.5275617499302909,0.5275617499302909,0.5275617499302909,0.5275617499302909,0.6226568196754381,0.0,0.6226568196754381,0.6226568196754381,0.6226568196754381,0.6226568196754381,0.6226568196754381,0.3997967438732281,0.0,0.3997967438732281,0.3997967438732281,0.3997967438732281,0.3997967438732281,0.3997967438732281,10.090687947549435,0.0,10.090687947549435,10.090687947549435,10.090687947549435,10.090687947549435,10.090687947549435,1.1593045887034352,0.0,1.1593045887034352,1.1593045887034352,1.1593045887034352,1.1593045887034352,1.1593045887034352,0.7249128408814425,0.0,0.7249128408814425,0.7249128408814425,0.7249128408814425,0.7249128408814425,0.7249128408814425,0.1292942248130753,0.0,0.1292942248130753,0.1292942248130753,0.1292942248130753,0.1292942248130753,0.1292942248130753,68.73277736622063,0.0,68.73277736622063,68.73277736622063,68.73277736622063,68.73277736622063,68.73277736622063,0.18491806780991213,0.0,0.18491806780991213,0.18491806780991213,0.18491806780991213,0.18491806780991213,0.18491806780991213,-0.9659258262890684,0.2588190451025203,-0.9749279121818236,-0.2225209339563146
user_05_direct_s188,user_05,direct,2026-01-24T19:57:26.762853883,2026-01-24T19:57:33.712956170,6.950102,1,6.950102287436052,0.0,1.0000000413570984,0.4078744085367546,1662.3833001482235,2.0,239.18833135804675,0.2877655608507616,0.0,0.0,0.0,0.0,0.0,0.0,0.0,0.0,19,5,0,0,6.950102287436052,0.0,6.950102287436052,6.950102287436052,6.950102287436052,6.950102287436052,6.950102287436052,481.60801929345786,0.0,481.60801929345786,481.60801929345786,481.60801929345786,481.60801929345786,481.60801929345786,1180.7752808547657,0.0,1180.7752808547657,1180.7752808547657,1180.7752808547657,1180.7752808547657,1180.7752808547657,1.0,0.0,1.0,1.0,1.0,1.0,1.0,1.0,0.0,1.0,1.0,1.0,1.0,1.0,0.8658563560062442,0.0,0.8658563560062442,0.8658563560062442,0.8658563560062442,0.8658563560062442,0.8658563560062442,0.3766115926771184,0.0,0.3766115926771184,0.3766115926771184,0.3766115926771184,0.3766115926771184,0.3766115926771184,0.4892447633291258,0.0,0.4892447633291258,0.4892447633291258,0.4892447633291258,0.4892447633291258,0.4892447633291258,1.2424679486833625,0.0,1.2424679486833625,1.2424679486833625,1.2424679486833625,1.2424679486833625,1.2424679486833625,0.6196836480078611,0.0,0.6196836480078611,0.6196836480078611,0.6196836480078611,0.6196836480078611,0.6196836480078611,0.3680482564172534,0.0,0.3680482564172534,0.3680482564172534,0.3680482564172534,0.3680482564172534,0.3680482564172534,0.901669290874755,0.0,0.901669290874755,0.901669290874755,0.901669290874755,0.901669290874755,0.901669290874755,0.3901905253327119,0.0,0.3901905253327119,0.3901905253327119,0.3901905253327119,0.3901905253327119,0.3901905253327119,5.764434853879701,0.0,5.764434853879701,5.764434853879701,5.764434853879701,5.764434853879701,5.764434853879701,1.1690374658753921,0.0,1.1690374658753921,1.1690374658753921,1.1690374658753921,1.1690374658753921,1.1690374658753921,1.1856674335563513,0.0,1.1856674335563513,1.1856674335563513,1.1856674335563513,1.1856674335563513,1.1856674335563513,0.28831345965632943,0.0,0.28831345965632943,0.28831345965632943,0.28831345965632943,0.28831345965632943,0.28831345965632943,239.18832146591183,0.0,239.18832146591183,239.18832146591183,239.18832146591183,239.18832146591183,239.18832146591183,0.2877655489496135,0.0,0.2877655489496135,0.2877655489496135,0.2877655489496135,0.2877655489496135,0.2877655489496135,-0.9659258262890684,0.2588190451025203,-0.9749279121818236,-0.2225209339563146
user_05_direct_s190,user_05,direct,2026-01-24T19:57:33.712956170,2026-01-24T19:57:44.568472285,10.855516,1,10.855516115595554,0.0,1.0000000106485545,0.40787440853675466,1256.4354469225257,4.019041591512532,115.74166045377537,0.37023035952528943,0.0,0.0,0.0,0.0,0.0,0.0,0.0,0.0,19,5,0,0,10.855516115595554,0.0,10.855516115595554,10.855516115595554,10.855516115595554,10.855516115595554,10.855516115595554,364.0011223094545,0.0,364.0011223094545,364.0011223094545,364.0011223094545,364.0011223094545,364.0011223094545,892.4343246130711,0.0,892.4343246130711,892.4343246130711,892.4343246130711,892.4343246130711,892.4343246130711,1.1643540091949869,0.0,1.1643540091949869,1.1643540091949869,1.1643540091949869,1.1643540091949869,1.1643540091949869,2.854687582317545,0.0,2.854687582317545,2.854687582317545,2.854687582317545,2.854687582317545,2.854687582317545,0.442728777019396,0.0,0.442728777019396,0.442728777019396,0.442728777019396,0.442728777019396,0.442728777019396,0.29756848308137596,0.0,0.29756848308137596,0.29756848308137596,0.29756848308137596,0.29756848308137596,0.29756848308137596,0.14516029393802005,0.0,0.14516029393802005,0.14516029393802005,0.14516029393802005,0.14516029393802005,0.14516029393802005,0.740297260100772,0.0,0.740297260100772,0.740297260100772,0.740297260100772,0.740297260100772,0.740297260100772,0.42186532792160825,0.0,0.42186532792160825,0.42186532792160825,0.42186532792160825,0.42186532792160825,0.42186532792160825,0.3228103865453072,0.0,0.3228103865453072,0.3228103865453072,0.3228103865453072,0.3228103865453072,0.3228103865453072,0.4151018391322905,0.0,0.4151018391322905,0.4151018391322905,0.4151018391322905,0.4151018391322905,0.4151018391322905,0.3786878144099167,0.0,0.3786878144099167,0.3786878144099167,0.3786878144099167,0.3786878144099167,0.3786878144099167,6.720385719290236,0.0,6.720385719290236,6.720385719290236,6.720385719290236,6.720385719290236,6.720385719290236,0.8164764094579741,0.0,0.8164764094579741,0.8164764094579741,0.8164764094579741,0.8164764094579741,0.8164764094579741,4.1351303963053185,0.0,4.1351303963053185,4.1351303963053185,4.1351303963053185,4.1351303963053185,4.1351303963053185,0.26817600574670286,0.0,0.26817600574670286,0.26817600574670286,0.26817600574670286,0.26817600574670286,0.26817600574670286,115.74165922129399,0.0,115.74165922129399,115.74165922129399,115.74165922129399,115.74165922129399,115.74165922129399,0.3702303555828713,0.0,0.3702303555828713,0.3702303555828713,0.3702303555828713,0.3702303555828713,0.3702303555828713,-0.9659258262890684,0.2588190451025203,-0.9749279121818236,-0.2225209339563146
user_05_direct_s192,user_05,direct,2026-01-24T19:57:44.568472285,2026-01-24T19:57:54.502849820,9.934377,1,9.934377535187998,0.0,1.0000000538723262,0.40787440853675466,2604.6187446044933,5.106865901492289,262.1823939844938,0.514060006127439,0.0,0.0,0.0,0.0,0.0,0.0,0.0,0.0,19,5,0,0,9.934377535187998,0.0,9.934377535187998,9.934377535187998,9.934377535187998,9.934377535187998,9.934377535187998,754.5824567004108,0.0,754.5824567004108,754.5824567004108,754.5824567004108,754.5824567004108,754.5824567004108,1850.0362879040824,0.0,1850.0362879040824,1850.0362879040824,1850.0362879040824,1850.0362879040824,1850.0362879040824,1.4795069051738565,0.0,1.4795069051738565,1.4795069051738565,1.4795069051738565,1.4795069051738565,1.4795069051738565,3.6273589963184323,0.0,3.6273589963184323,3.6273589963184323,3.6273589963184323,3.6273589963184323,3.6273589963184323,0.8540855769924014,0.0,0.8540855769924014,0.8540855769924014,0.8540855769924014,0.8540855769924014,0.8540855769924014,0.47086058364421157,0.0,0.47086058364421157,0.47086058364421157,0.47086058364421157,0.47086058364421157,0.47086058364421157,0.3832249933481898,0.0,0.3832249933481898,0.3832249933481898,0.3832249933481898,0.3832249933481898,0.3832249933481898,1.324946160636613,0.0,1.324946160636613,1.324946160636613,1.324946160636613,1.324946160636613,1.324946160636613,1.0208229735610004,0.0,1.0208229735610004,1.0208229735610004,1.0208229735610004,1.0208229735610004,1.0208229735610004,0.4442645918435225,0.0,0.4442645918435225,0.4442645918435225,0.4442645918435225,0.4442645918435225,0.4442645918435225,0.898469533739225,0.0,0.898469533739225,0.898469533739225,0.898469533739225,0.898469533739225,0.898469533739225,0.5225432034474694,0.0,0.5225432034474694,0.5225432034474694,0.5225432034474694,0.5225432034474694,0.5225432034474694,8.930038267282892,0.0,8.930038267282892,8.930038267282892,8.930038267282892,8.930038267282892,8.930038267282892,0.8555026764333067,0.0,0.8555026764333067,0.8555026764333067,0.8555026764333067,0.8555026764333067,0.8555026764333067,1.004339267905106,0.0,1.004339267905106,1.004339267905106,1.004339267905106,1.004339267905106,1.004339267905106,0.1942250442690375,0.0,0.1942250442690375,0.1942250442690375,0.1942250442690375,0.1942250442690375,0.1942250442690375,262.18237986011906,0.0,262.18237986011906,262.18237986011906,262.18237986011906,262.18237986011906,262.18237986011906,0.5140599784338321,0.0,0.5140599784338321,0.5140599784338321,0.5140599784338321,0.5140599784338321,0.5140599784338321,-0.9659258262890684,0.2588190451025203,-0.9749279121818236,-0.2225209339563146
user_05_direct_s194,user_05,direct,2026-01-24T19:57:54.502849820,2026-01-24T19:58:03.506408309,9.003558,1,9.003558489328906,0.0,1.0000000543483927,0.4078744085367547,702.3222351132699,2.0,78.0049659382735,0.222134405087411,0.0,0.0,0.0,0.0,0.0,0.0,0.0,0.0,19,5,0,0,9.003558489328906,0.0,9.003558489328906,9.003558489328906,9.003558489328906,9.003558489328906,9.003558489328906,203.46933257119298,0.0,203.46933257119298,203.46933257119298,203.46933257119298,203.46933257119298,203.46933257119298,498.85290254207695,0.0,498.85290254207695,498.85290254207695,498.85290254207695,498.85290254207695,498.85290254207695,1.0,0.0,1.0,1.0,1.0,1.0,1.0,1.0,0.0,1.0,1.0,1.0,1.0,1.0,0.9507287650296933,0.0,0.9507287650296933,0.9507287650296933,0.9507287650296933,0.9507287650296933,0.9507287650296933,0.3189819239573822,0.0,0.3189819239573822,0.3189819239573822,0.3189819239573822,0.3189819239573822,0.3189819239573822,0.631746841072311,0.0,0.631746841072311,0.631746841072311,0.631746841072311,0.631746841072311,0.631746841072311,1.2697106889870755,0.0,1.2697106889870755,1.2697106889870755,1.2697106889870755,1.2697106889870755,1.2697106889870755,0.7422075282687419,0.0,0.7422075282687419,0.7422075282687419,0.7422075282687419,0.7422075282687419,0.7422075282687419,0.347251710245045,0.0,0.347251710245045,0.347251710245045,0.347251710245045,0.347251710245045,0.347251710245045,1.01650809856402,0.0,1.01650809856402,1.01650809856402,1.01650809856402,1.01650809856402,1.01650809856402,0.411544509646519,0.0,0.411544509646519,0.411544509646519,0.411544509646519,0.411544509646519,0.411544509646519,6.589687596948769,0.0,6.589687596948769,6.589687596948769,6.589687596948769,6.589687596948769,6.589687596948769,0.6317091532709042,0.0,0.6317091532709042,0.6317091532709042,0.6317091532709042,0.6317091532709042,0.6317091532709042,2.413870892380137,0.0,2.413870892380137,2.413870892380137,2.413870892380137,2.413870892380137,2.413870892380137,0.49229548754096747,0.0,0.49229548754096747,0.49229548754096747,0.49229548754096747,0.49229548754096747,0.49229548754096747,78.0049616988292,0.0,78.0049616988292,78.0049616988292,78.0049616988292,78.0049616988292,78.0049616988292,0.22213439301476376,0.0,0.22213439301476376,0.22213439301476376,0.22213439301476376,0.22213439301476376,0.22213439301476376,-0.9659258262890684,0.2588190451025203,-0.9749279121818236,-0.2225209339563146
user_05_direct_s196,user_05,direct,2026-01-24T19:58:06.592501279,2026-01-24T19:58:19.285800192,12.693298,1,12.693298913948084,0.0,1.000000072002413,0.40787440853675466,1218.6754918780844,3.3234505440793676,96.00936587781082,0.2618271897563082,0.0,0.0,0.0,0.0,0.0,0.0,0.0,0.0,19,5,0,0,12.693298913948084,0.0,12.693298913948084,12.693298913948084,12.693298913948084,12.693298913948084,12.693298913948084,353.06170950619673,0.0,353.06170950619673,353.06170950619673,353.06170950619673,353.06170950619673,353.06170950619673,865.6137823718876,0.0,865.6137823718876,865.6137823718876,865.6137823718876,865.6137823718876,865.6137823718876,1.0,0.0,1.0,1.0,1.0,1.0,1.0,2.3234505440793676,0.0,2.3234505440793676,2.3234505440793676,2.3234505440793676,2.3234505440793676,2.3234505440793676,3.888628336411066,0.0,3.888628336411066,3.888628336411066,3.888628336411066,3.888628336411066,3.888628336411066,1.911566161504734,0.0,1.911566161504734,1.911566161504734,1.911566161504734,1.911566161504734,1.911566161504734,1.977062174906332,0.0,1.977062174906332,1.977062174906332,1.977062174906332,1.977062174906332,1.977062174906332,5.8001944979157996,0.0,5.8001944979157996,5.8001944979157996,5.8001944979157996,5.8001944979157996,5.8001944979157996,3.994722826605884,0.0,3.994722826605884,3.994722826605884,3.994722826605884,3.994722826605884,3.994722826605884,2.3513474771197584,0.0,2.3513474771197584,2.3513474771197584,2.3513474771197584,2.3513474771197584,2.3513474771197584,3.2245092574868623,0.0,3.2245092574868623,3.2245092574868623,3.2245092574868623,3.2245092574868623,3.2245092574868623,1.624559549188903,0.0,1.624559549188903,1.624559549188903,1.624559549188903,1.624559549188903,1.624559549188903,10.456474434252108,0.0,10.456474434252108,10.456474434252108,10.456474434252108,10.456474434252108,10.456474434252108,1.6261170518140822,0.0,1.6261170518140822,1.6261170518140822,1.6261170518140822,1.6261170518140822,1.6261170518140822,2.2368244796959758,0.0,2.2368244796959758,2.2368244796959758,2.2368244796959758,2.2368244796959758,2.2368244796959758,0.20647997407704458,0.0,0.20647997407704458,0.20647997407704458,0.20647997407704458,0.20647997407704458,0.20647997407704458,96.00935896490532,0.0,96.00935896490532,96.00935896490532,96.00935896490532,96.00935896490532,96.00935896490532,0.26182717090412017,0.0,0.26182717090412017,0.26182717090412017,0.26182717090412017,0.26182717090412017,0.26182717090412017,-0.9659258262890684,0.2588190451025203,-0.9749279121818236,-0.2225209339563146
user_05_direct_s198,user_05,direct,2026-01-24T19:58:19.285800192,2026-01-24T19:59:20.015541639,60.729741,7,56.139337684092084,4.590403767,0.9244125985008249,0.4078744085367547,12313.174477908418,25.16015921593779,202.7536142119957,0.4142971598699522,0.0,0.0,0.16493706882736778,0.7650672945,1.0672911205134858,0.46349967799999997,0.09657725025,0.56103956125,19,5,0,0,8.019905383441726,1.9045384308772386,5.0574711893796565,10.384910829478114,7.917636547702225,6.585183421940201,9.804476136825846,509.6060037066303,147.3667219581288,348.3276435734877,805.104636563527,526.6685037636036,381.66427599656106,561.9063450263359,1249.418921708858,361.3041634232593,854.0071068030711,1973.9032891321422,1291.2516518332727,935.7396983198279,1377.6455037769329,1.2331236724399106,0.396721527429832,1.0,2.090386379547347,1.0,1.0,1.270739663766014,2.3611847869797735,1.4323514785789317,1.0,5.125073639816204,1.9397596398315624,1.2123159977324462,3.0194141168728788,1.4821016361511536,1.0871793352722052,0.7040580558348488,4.063201090243295,1.2360504001285366,0.8066276829987915,1.3790732704269058,0.7784583936597423,0.5842783775474155,0.3669908920548176,2.1780090583808165,0.5512267478012147,0.49524868588630944,0.6812423428043641,0.7036432424914113,0.5190424766471754,0.27870333990730434,1.8851920318624784,0.555118975840353,0.34056090904884545,0.7626832658660263,2.2605600298108954,1.6665158764502288,1.0710489478896665,6.241210148624111,1.8002231089534684,1.3018763688851007,2.0538426327194115,1.4613840940339002,1.2927995300714292,0.53882540620049,4.526076728633507,0.9872810294224776,0.6854043374526223,1.4033484095377922,0.7212446449373641,0.37556659029015255,0.40451782791692836,1.6164147584744135,0.578890630756399,0.5695389046185422,0.6549057440883617,1.4135479414469507,1.0684491922530226,0.6760445315276674,3.9664782683242117,1.0245870444218488,0.8140406648197227,1.299822208107741,0.6472808542489409,0.41461128046023626,0.28528254415734283,1.6218963690215638,0.4822626137326546,0.43443121730222,0.6363310091132928,6.716058363620832,1.8676746649178462,3.82694986185354,9.39838093029429,6.728984479290303,5.4034802881727675,8.125566348781078,0.932895639544167,0.4359867085874614,0.3828298630781777,1.7747441372145916,0.8102323940134085,0.6645853754523496,1.1166461657991462,1.303847019820895,0.6809160317035753,0.3880611143372992,2.2603250451745134,1.1886520684119217,0.7361039685687429,1.908841486842523,0.23417725497994166,0.15099596949751798,0.040519133382694056,0.5449370809144122,0.22595545171536743,0.14107796975395387,0.2728365896696051,228.12373910373597,76.72896261783492,165.9558093347201,390.0943964399897,192.0607976491321,172.40057951987166,251.9770056312834,0.43456582656900566,0.13821941999877277,0.26376059945333746,0.6948023086420818,0.41503903465327047,0.3284843607530007,0.5056950608641743,-0.9659258262890684,0.2588190451025203,-0.9749279121818236,-0.2225209339563146
user_05_direct_s199,user_05,direct,2026-01-25T09:13:02.679892668,2026-01-25T09:15:01.933914815,119.254022,15,111.9662164965593,7.287805657,0.9388883881548187,0.40787440853675455,27698.370163658932,65.67656967292763,232.263614250754,0.5507283408263381,0.06666666666666667,0.0,0.2349201698562494,0.5205575469285714,0.8402352133008127,0.0,0.0,0.75083358175,9,6,0,0,7.464414433103953,2.2298272126093104,1.677883494387057,10.182379148865476,8.099390248367905,6.26767853732837,9.112350898991348,534.965158796906,215.49888689747183,275.4493339271305,1002.5433000820095,502.9642838468473,339.13024613160144,704.7006419827037,1311.5928521136893,528.346183009059,675.3287976936388,2457.97058873741,1233.1351840661605,831.4575247518662,1727.7392923738712,1.4147488293484516,0.5396943317064959,1.0,2.7648763260253677,1.1621953305535007,1.0,1.6069688707556697,2.963689148846724,1.789772437002222,1.0,6.77874430990739,2.849395074142712,1.0868752675654907,3.9398619700624375,1.6605195444732337,0.9933928965357564,0.6861809707006942,3.731042424872256,1.192485054675958,0.9776793505272232,2.253457639105144,0.8420900558276779,0.48952748108669025,0.2094937300443899,1.7933036028069058,0.7573394730251803,0.4481952077580828,1.132009173833771,0.8184294886455555,0.5237528792326872,0.3047152468962356,1.9377388220653502,0.5735745801295707,0.4755033243004371,1.121448465271373,2.502609600300912,1.4760135923320727,0.9350120264298933,5.524346027679162,2.0035469935369736,1.4258745582853058,3.3854668129389154,1.5435069624832223,1.0082293979949446,0.6887840893819407,4.444112578190594,1.0491102061550164,0.9844061592720401,1.9623554043908502,0.7574587442643004,0.3902137436628456,0.20265532182320256,1.5537759906375828,0.8288880643795049,0.39529185820394563,1.0577892412631087,1.587706797167022,0.8466957987478858,0.7034801037128856,3.2362143053525454,1.1717738629693566,0.9994061455820453,1.9593548366539029,0.8121180652620329,0.48774038968570127,0.15533404034276047,1.911989704506652,0.6937746352820422,0.44237581192753617,1.0250965131550873,5.468669870396001,2.0077153035893525,1.5856151910256255,9.210535308562346,5.611448373668999,4.358295475194654,6.6299673399768935,0.7994085205852818,0.4150201825733271,0.38779681506447883,2.06971596841849,0.5772719176523712,0.5371832896043695,0.9374035497688192,1.9957445627079542,1.1316360861479389,0.09226830336143155,3.889982602999087,2.0368039739981763,1.117501726728383,2.757824953418475,0.2706665766939575,0.2181459653429039,0.012212230152987178,0.8335047828069561,0.21195465410375824,0.09431424501514497,0.37198971168168493,314.83849423209506,316.9907354185807,121.41232001223402,1442.5919662140382,238.76978299423658,164.56219923929686,264.1531263213907,0.789589091508298,0.9874215132284229,0.22301949690019748,4.362266108670729,0.48410641706262186,0.332144594393818,0.8736496409635721,0.7071067811865476,-0.7071067811865475,-0.7818314824680299,0.6234898018587334
user_05_direct_s200,user_05,direct,2026-01-25T19:54:00,2026-01-25T19:56:33.759570748,153.75957,18,144.75658182622578,9.002988930999999,0.9414476238859525,0.40787440853675466,30367.58880009134,49.36122981575023,197.50047948294431,0.3210286671310945,0.0,0.0,0.11583785977068226,0.5295875841764706,0.6683546485436861,0.12292337,0.0,0.727822911,19,6,0,0,8.04203232367921,2.1045551570684813,2.996293171549561,12.466285044932423,8.09167359092432,7.27708528587436,9.255405702872732,488.7652795913938,176.48692157620064,136.0892573014751,808.793334383166,546.5896386695738,346.78456427161643,607.6539903535353,1198.3229870803473,432.6991786744986,333.6548075906354,1982.9469990154666,1340.0929973284146,850.223885130971,1489.8066111416206,1.0330626070231177,0.09677283023896299,1.0,1.3722564030634727,1.0,1.0,1.0,1.7092279382963396,0.6891695061125046,1.0,3.364409176801332,1.6026416368627996,1.0397939682653012,2.0142195819218633,1.3070493810979622,0.6645798275770487,0.43695212715358217,2.8834802880218873,1.1144000040555206,0.9097261523511231,1.4965473355257044,0.6838527498439986,0.30508487798683126,0.31076916227971446,1.384035518172056,0.6172761408660917,0.462916412306997,0.7624005601472191,0.623196631253964,0.3775946531027549,0.1261829648738677,1.4994447698498312,0.5078944701321729,0.3864112472308868,0.8296890150311472,1.990902130941961,0.9627608934441455,0.7477212894332966,4.267515806193943,1.7229484463999531,1.368975750301596,2.184617010946096,1.2752117146068065,0.6482683091874291,0.47790349297412515,2.91309304943597,1.017492509683536,0.9022325771567338,1.6156801332219088,0.631070640762128,0.2822059409908685,0.21956542878477933,1.2512907579826469,0.570622528660989,0.4498467305184275,0.7325936193192825,1.278732986016233,0.6390559135940633,0.47944916175098945,2.5084779967431268,1.0848766813403068,0.8360484990765273,1.5261247594006004,0.7091459653448429,0.3198707455878453,0.2774497564513067,1.5905543482104223,0.6747132336492128,0.4691737174371129,0.8134877984102484,6.128652918415239,1.7077087561224007,2.781084775766093,9.68932744989704,6.078983745918581,5.312240257895015,7.327414141857576,1.0441366669248218,0.4750284224228779,0.26030704798264886,1.9697792770628262,1.1280824271803938,0.5754949781299298,1.4400740430278924,1.9133794052639708,1.326804118899059,0.21520839578346784,4.870672475790319,1.9569724922682656,0.7687717675126116,2.688725512601379,0.2541974068613035,0.19699998913870442,0.030107858964964606,0.6937051356562742,0.18015019165973375,0.12214663117197838,0.31416487667019966,239.74012645294357,144.34818402288948,51.39749690078278,653.652982531089,221.70190429758287,137.26150548022846,293.9809248431892,0.3954002165586262,0.27338831910821976,0.20207894053557915,1.408749029265339,0.30290369296711683,0.2461922974721864,0.4160341472420712,-0.9659258262890684,0.2588190451025203,-0.7818314824680299,0.6234898018587334
user_05_direct_s202,user_05,direct,2026-01-27T19:16:00,2026-01-27T19:18:06.034558516,126.034558,15,119.80182153296936,6.2327369919999995,0.950547400919749,0.4078744085367546,30674.352712201387,66.77310235830647,243.38049181877074,0.5297999486641313,0.0,0.0,0.26285510540931484,0.4451954994285714,0.7626959278756232,0.0,0.0,0.39090415325,19,1,0,0,7.986788102197957,1.8327174543551168,4.444939976665891,11.184039442497376,7.845857033427434,6.993505060492053,9.063836204739207,592.4431608328038,235.7224593511834,209.03886120582266,1005.9067669176337,570.4949434040244,421.14994881735805,716.3047134478927,1452.5136866472888,577.9290252527373,512.5079113341469,2466.2169184046484,1398.7024717992708,1032.548107953694,1756.189401579836,1.4187499808548578,0.568231485983299,1.0,2.9445670682860774,1.1232062371793756,1.0,1.6364468503331384,3.0327901763655736,1.7794144602710718,1.0,7.219298408178347,2.753804145763562,1.5360383786801626,4.012134166994873,1.2264679186440663,0.889229956659857,0.4555840998584366,3.5389237058589367,0.84546571369152,0.748083193463503,1.2371981754049992,0.6116686532199948,0.44026729061185454,0.23690516760184002,1.7853790555737763,0.40309745553666426,0.35416376084359696,0.6132864048049099,0.6147992654240716,0.45657528704574124,0.12040142745210469,1.7535446502851604,0.468903203061384,0.3205496126301775,0.6239117706000893,1.8381365718640612,1.3269021867745519,0.6924892674602766,5.324302761432713,1.236701473678648,1.0849711799401072,1.8504845802099092,1.1049850885434858,0.7814826030721058,0.34268166034474423,3.3692365604437056,0.9216024503156557,0.5835222749973721,1.2854751938888596,0.5830693235784139,0.39657505950812044,0.26088693501336835,1.5484938166510729,0.37768819118118635,0.33390586208309136,0.6411336952867915,1.2333444580750643,0.9879424885327264,0.3540547416250232,4.140443429981186,0.7947097233799737,0.6873965635974273,1.3960699219436523,0.5599181196127396,0.3873231498038262,0.21833538335774072,1.6250444172899898,0.45123109508241943,0.2967947104923274,0.5833774283364002,6.321528661718444,2.0030746166131235,2.9502530790325086,10.220202431680681,6.287536843755647,4.6676493892649855,7.618969233646183,1.059482687745387,0.5292014484865905,0.38029153613744837,1.8312099710689778,0.8810304071657247,0.5978545412020936,1.6335471600488702,1.6652594404795125,0.8534358611388133,0.3429004213363269,2.825620789483496,1.5914756125433631,0.9601156318151407,2.4027787688733993,0.2487513253623865,0.16671263500531724,0.04722907295505417,0.6510862742972977,0.22589903178312035,0.11802621611584348,0.2995537588235748,270.95254607477375,109.51548931705362,64.51575714211263,436.6698090934061,281.5392681221116,221.37021069020227,353.5705851652117,0.6109081336705878,0.3694821840120017,0.17882626490035014,1.3251800156319309,0.4964409073384643,0.32261838666005005,0.8311776317330293,-0.9659258262890684,0.2588190451025203,0.7818314824680298,0.6234898018587336
user_05_vpn_s155,user_05,vpn,2026-01-02T19:28:01.385178194,2026-01-02T19:30:52.574787011,171.189608,19,154.2917261125525,16.897882713999998,0.9012914271791107,0.40787440853675455,33099.194192521056,62.72143293440236,193.3481510894111,0.3663857500883019,0.0,0.0,0.21113016751727265,0.9387712618888888,1.4412697112445174,0.4512969785,0.0,1.3031359735,19,4,1,0,8.120617163818553,2.245634660198991,4.032488555589626,11.916389738750926,8.576789547455922,6.843585355039037,9.312514711839388,504.6919321652376,189.71707410121752,271.82823566895263,887.9956642086976,464.6949893626134,359.1584729409045,586.4728322072835,1237.3709200727128,465.1360078751339,666.450824027263,2177.1301303123505,1139.3090118835896,880.5614312243368,1437.876022453208,1.1544301246970583,0.26615895652330507,1.0,1.990716602914805,1.0,1.0,1.2043883537268036,2.1466979244820132,1.1676903608965847,1.0,4.880709750965943,1.4956590168083257,1.0031578544455435,2.9528411896385816,1.9096436557979322,1.3933030759379181,0.6287575690255189,7.022514880270072,1.5664765271581318,1.1626901112918988,2.105583441022053,0.9657515172087233,0.6387768347340913,0.36938200474379335,3.247386461137763,0.7807063655196229,0.59028699375545,1.0556171745447909,0.9438921385892086,0.7666732192201692,0.2593755642817256,3.775128419132309,0.7528992342101926,0.5128128622317961,1.0672686122999304,2.8753951730066554,2.027528245660839,0.9981395737693123,10.269901341407834,2.3393240053153836,1.7600017837370086,3.1612006155668437,1.8545411472378148,1.3545052077848077,0.5601964275519618,6.493775130302223,1.4041782108864662,0.9826805666941762,2.2316802058150436,0.9294083534734642,0.5112280674739691,0.3771158269228488,2.6289195525161086,0.7830494118341944,0.6557188800543449,1.0148348718269555,1.743230064368446,1.0339547343065127,0.5378102076702027,5.3239912346027864,1.592382590854144,1.0292719617570403,2.0079731511036334,0.9983607118439394,0.652606548621131,0.37878484180854366,2.9511165553634116,0.9170059062582443,0.5359166514841559,1.1133050359000045,6.348223205580045,2.203770103739588,2.7825814602092844,11.068809313276795,6.14708761970053,5.009915107165037,7.972780904379929,0.9810616325720618,0.5094858155375491,0.30061376754851465,2.0056670745490357,0.8210138892425646,0.6322217231697067,1.2396669716192699,1.772393958238507,0.9446495478321827,0.6247225301243144,3.9246540224380686,1.355801911748301,1.1268847671527182,2.2715915521842773,0.2253984914459823,0.14538266093943358,0.04054413471531016,0.6415444378193652,0.24832757743789174,0.10912983482122904,0.3078279686464852,236.54008157463878,119.24088296651267,102.86768201714393,518.9561832929426,195.70822862415048,143.42227596086002,316.1198766584379,0.46112086818532205,0.2994027992006108,0.16853738615738673,1.3804046047600131,0.3417066820768331,0.26507921502137016,0.5897945891858024,-0.9659258262890684,0.2588190451025203,-0.433883739117558,-0.9009688679024191
user_05_vpn_s157,user_05,vpn,2026-01-03T19:14:01.550713605,2026-01-03T19:15:57.202411778,115.651698,14,108.25246061421772,7.399237565,0.9360213683522202,0.40787440853675455,24884.242229598553,51.205106773782106,215.16538589514315,0.44275274517614177,0.0,0.0,-0.022593083600924976,0.5691721203846154,0.5440216406769239,0.515686478,0.0,1.027000041,19,5,1,0,7.732318615301266,1.6996060998493725,4.799484900389856,9.941895533868855,8.23262283228723,6.306281005885409,8.936283335359812,514.9427249912394,198.25097154155876,171.1901509208906,994.0948380382227,516.7252896019695,366.7404094496878,611.4375819562689,1262.5031485515144,486.0588636898846,419.7129001915898,2437.2571978823776,1266.8735247590462,899.1503310182303,1499.0829754428455,1.2404050368010164,0.6020755490664521,1.0,3.348479419701044,1.0,1.0,1.1796123710670232,2.4171025898977057,1.7999937607340855,1.0,8.20958449370158,1.9421319053343187,1.2413903568348732,2.8634255077862196,1.6486752579346835,0.5447890053436223,0.8279826538620152,2.802661884513281,1.4092108082437564,1.2678536597138883,2.145918452518988,0.83281586597603,0.3007859285535163,0.24306065441776703,1.5518462806746052,0.7846742669161684,0.6581836336268665,1.0192970545982734,0.8158593919586536,0.2875420187075815,0.34115536815921654,1.2508156038386757,0.813648526344032,0.5898031681160253,1.0955988715326652,2.481491123910714,0.8317776492523452,1.0710433082797821,4.354508165187886,2.0813204914856165,1.9647356509036324,3.1687555750051972,1.580165668558975,0.4804635267992758,0.7970755375786118,2.3888906652197224,1.5488403968315354,1.3732173756559052,1.884012980301132,0.7692682644403039,0.3233675498380731,0.2663032818340102,1.580185148620126,0.7017973279541648,0.5893459498320097,0.8644708861876818,1.5954477439903834,0.5952476329224409,0.6324314960629975,3.181733713087785,1.4888489742512954,1.2458743506038499,1.8909462575377054,0.8127809777290205,0.3046395497167748,0.2815276074449692,1.645726730756287,0.8675240160205386,0.6036548520482873,0.9280482736540633,6.000444426289782,1.675442171758046,2.7941923716033967,8.668358340711146,6.38087169296635,4.863007281444596,7.253699570902334,1.0060084859279723,0.42895772964846307,0.39984444390151497,1.789077321530851,0.8688093863173783,0.7064754635871637,1.250853460829884,1.731874189011483,0.8165887078059803,0.5533416627194052,3.80654091438113,1.747753642564775,1.181522360417428,2.1919511755049546,0.289032610500145,0.1965793688542467,0.09042385305868528,0.8040676489389023,0.21291820937566833,0.15188993438639484,0.3758405160995499,245.55523311458933,110.16471027992577,59.43565279875079,444.5990915088105,227.44203446086766,152.5604378841188,312.5740397378048,0.5020844338036367,0.3327343705936678,0.20116888104352337,1.497574326885089,0.3742789511636845,0.28491669717309775,0.6015264317547804,-0.9659258262890684,0.2588190451025203,-0.9749279121818236,-0.2225209339563146
user_05_vpn_s158,user_05,vpn,2026-01-05T09:00:00,2026-01-05T09:01:29.683716017,89.683716,10,84.58263077840154,5.101085244,0.9431213887078623,0.4078744085367546,16669.30395130763,36.69503444439819,185.86767692930596,0.4091605040584869,0.0,0.0,0.19077974653381846,0.5667872493333334,0.834035942883074,0.104929811,0.0,0.98958311,9,0,1,0,8.458263077840154,1.5191188925150747,5.959638846449473,10.683143543789862,8.461859603640086,7.7454544073308025,9.621651283548001,482.9253553181188,218.31395107257552,178.4801405787201,1064.9901560344417,453.71834691683705,412.7405126788721,512.3932896619145,1184.005039812644,535.2479746296775,437.58602364638614,2611.0737367786405,1112.3971924214295,1011.9303982801339,1256.2526084931885,1.197161716536867,0.27074689744947233,1.0,1.7669485346549954,1.0555664784311165,1.0,1.306057624970072,2.4723417279029514,1.1461072120425988,1.0,4.332089725839642,2.5879693757153106,1.2947809363065952,3.2021073095895884,1.4258288761917923,0.798592551510663,0.7361446432466596,3.3795769983541684,1.0337298940897846,0.8950405641926931,1.735860399346289,0.7339181238405033,0.38437512520961464,0.32647105998541404,1.5757548687215759,0.5500128294651239,0.5115626625753,0.9500826232023319,0.6919107523512892,0.430928610253986,0.21346630020169288,1.8038221296325925,0.524443634583968,0.4513040079263512,0.7857777761439573,2.159747000032296,1.176983064143662,1.1808855050533715,4.955331867075744,1.551801393353128,1.3692467260445293,2.685943022548621,1.3570769954439617,0.8922426685038773,0.6584732200404075,3.614617701416943,0.9910647637189696,0.7544984667559349,1.466509981147225,0.8046656205232539,0.5330712047817316,0.31527206466222724,1.9760433646208482,0.6356189905516269,0.3952016197850562,1.006835009215628,1.4417110580282357,1.0079976155476496,0.6858880643488522,4.007893569910894,1.0737813374295713,0.7948300472286176,1.363850010871871,0.7269033679453948,0.4295160386952407,0.3659228974180853,1.885603290973566,0.6161062625147116,0.42457609255103446,0.7702441164330581,6.339775856070985,1.4895149129261949,3.4917188089453735,8.85318362973347,6.457599897709593,5.767724478117687,7.341591320282289,0.8563169601854899,0.34568374117982087,0.2507990448631378,1.4506915588899394,0.8619379998909655,0.6044147211905162,1.0294528980933324,2.1184872217691684,1.2667711663608,0.6909751548126613,4.368479035304355,1.8315821769859628,0.9345074311982917,3.009745952685228,0.30171761422953247,0.1708542977855862,0.04920400898498093,0.5918726717463023,0.2553069222162395,0.16916059569104602,0.4211197510688056,206.314055986716,96.45161034814066,57.667124072598185,418.06816286983786,179.99119679173532,147.47614707678852,254.57933848213395,0.4472550702422703,0.16735971673086197,0.18721081410186657,0.6846102355015161,0.4826285440720309,0.3047598254994713,0.5650223383461525,0.7071067811865476,-0.7071067811865475,0.0,1.0
user_05_vpn_s160,user_05,vpn,2026-01-06T09:06:00.403426632,2026-01-06T09:09:28.830576512,208.427149,22,201.18663113803393,7.24051875,0.965261157691285,0.40787440853675466,37518.50889453623,79.17616919260341,180.00778245321695,0.37987454884106014,0.0,0.0,0.22906508051544533,0.34478660714285714,0.5496769809726758,0.0,0.0,0.635565395,9,1,1,0,9.144846869910634,2.589416986539662,4.83991237167258,13.3102694705211,9.845126642135728,6.959892774373481,11.1205245613688,494.0665268716762,168.1910608676525,171.59708567787345,868.6727835909176,491.5461740263485,393.0495031049199,561.0052429352418,1211.320241061789,412.35992586795584,420.71059641490206,2129.755545848715,1205.1410035500032,963.653259136755,1375.4362401599121,1.202022959960761,0.3012089395402632,1.0,2.131341065875645,1.0,1.0,1.2770136442593332,2.3968938215212123,1.2048711752920775,1.0,5.225483681415094,2.219894996042626,1.292379590061798,3.1308991629080305,1.2501394834825077,0.5937296971382341,0.474258323030337,2.908500743693133,1.0547678001783107,0.8150201348366828,1.5202247545458227,0.6465336238522735,0.3004209887918357,0.25081091793776555,1.3430586091677033,0.5122372229005396,0.4458632687273882,0.8706180261181016,0.6036058596302342,0.3251385218217124,0.22344740509257144,1.5654421345254297,0.5111702670116398,0.37022453258550014,0.8183559912791063,1.8966731073347811,0.8830743961686573,0.7250692409681025,4.251559352860836,1.5345316358351162,1.2980225634338636,2.3434446349307443,1.1565609000576988,0.6823055038773247,0.39671236538660365,3.4072720310838,0.9232428610266321,0.7353802873421139,1.4038271749425344,0.6393175462004783,0.34783958137957716,0.2325148107272208,1.5374386241460722,0.5670906371322058,0.3721009920942465,0.6689574845635708,1.204939847049504,0.6457705337134618,0.5281630319469465,3.188770851890959,0.9693376155173794,0.806333935115909,1.3681271078909103,0.6802209997643863,0.36035737222412967,0.23435935243240943,1.7079175801709605,0.5530654002793078,0.4449942631033629,0.8253279992332183,7.020669996722756,2.5098754212725924,3.6451505771108397,12.20329200861976,5.921755543147974,4.928909011344935,9.294039983973335,1.048196486270028,0.5771107786143803,0.26407222277322623,2.2880405942969455,0.8554176203866071,0.5767657426302651,1.260920807537033,2.12417687318788,1.1462562920278043,0.42588368506320773,4.828839033741484,1.8863922439789977,1.2694114001984944,2.963430994381845,0.29279572079577504,0.20621438357345132,0.04637858844027966,0.8392996642485733,0.23261966364028333,0.14561779296764105,0.4307360398204303,207.37417045015047,95.75502513850682,53.29072083377896,409.2044059388875,201.6425870798821,130.04990053408036,281.3218746359813,0.42418212980033565,0.19462984986049578,0.15315577583125273,0.9279537493814074,0.4271761376806113,0.2476070913418081,0.5495484777611226,0.7071067811865476,-0.7071067811865475,0.7818314824680298,0.6234898018587336
user_05_vpn_s162,user_05,vpn,2026-01-07T09:52:00,2026-01-07T09:53:18.127164804,78.127164,8,68.56429985993131,9.562864947000001,0.8775987294243948,0.4078744085367546,13191.069340351769,30.019477835750184,168.84101079557644,0.3842386731937459,0.0,0.0,0.13880376362309252,1.366123563857143,1.8064949547849918,0.0,0.0,2.5277453415,9,2,1,0,8.570537482491414,2.64368835337707,3.6680689990178914,12.459549383530117,9.425899762296213,7.164605252109426,10.091540883680073,477.69704923069094,166.09365621647913,299.38685808013554,868.0587725185258,433.6645033726496,382.1987577581147,478.4467531950146,1171.1866183132802,407.21764528531827,734.0172656435665,2128.2501533564655,1063.2304805011345,937.0501060099577,1173.0246938302346,1.2760256830790166,0.4202858085438461,1.0,2.250525790191175,1.0,1.0,1.4732187017835114,2.4764090463897563,1.5138045403048666,1.0,5.517693052292527,1.811569690552782,1.2114284762793806,3.611941987408989,2.2410257349817724,1.607715277651849,0.7348063735305488,5.3087225804585625,1.3429004551912658,1.1426970229733762,2.9934833486884305,1.1119469764066623,0.7284014100591284,0.4109691491712367,2.4718589512137323,0.6908284033889713,0.6086608407614311,1.5782212044656059,1.12907875857511,0.8918936700189923,0.2121692103013959,2.83686362924483,0.6736294092493569,0.6075715601019394,1.4152621442228246,3.3529727113884347,2.331342904362769,1.2574435367597017,7.780581531672295,2.033728858580237,1.7234408602203284,4.571704553154037,2.318594375044886,1.788598119411895,0.6017750420184047,5.838694664536067,1.2781944239140086,1.1603853141990543,3.1896741068106405,1.0015501163046505,0.698243893362611,0.36464608557379086,2.5641308940055283,0.6009088724417074,0.5562556692641141,1.3703011366074835,1.9591315498749702,1.2979214647506894,0.646733449443213,4.367694859073616,1.3778005074474327,0.9465980247296147,2.7891622078764717,1.1639206757470677,0.7344119778048457,0.40998165644924384,2.436420234382414,0.78610598894522,0.5695440132935765,1.851216059690802,6.2243787048356385,2.020435472724319,2.033965645573424,7.913530700917771,7.042501730709553,6.009951178655103,7.640204708197072,1.0428056066973816,0.4276856280527576,0.38217727329884066,1.551038936925781,1.0174467520531076,0.8009882892063093,1.4794204316869612,2.3461587776557753,1.337670971593957,0.8545169539655015,5.211044903948524,2.098072279416579,1.4715811384364237,2.6700455679357544,0.3551698930306167,0.3239924969789868,0.07517584533809035,1.1613009136007308,0.26297711095077725,0.18508518946527264,0.3622170835251046,217.16181959129332,103.60251874446078,100.52904273209565,416.36701985280973,197.8101450146197,127.04325223420847,262.8336438265366,0.517425512677489,0.31351112374214396,0.17702344755011176,0.9069685831955314,0.4601822074343994,0.21540466826939186,0.852064372540439,0.7071067811865476,-0.7071067811865475,0.9749279121818236,-0.22252093395631434
user_05_vpn_s164,user_05,vpn,2026-01-10T09:52:02.162142469,2026-01-10T09:54:40.733677571,158.571535,18,148.3207796097408,10.2507555,0.9353556400254358,0.40787440853675466,28400.163403566337,68.02947175956554,179.10000936527692,0.42901439882993836,0.0,0.0,0.3082454502579802,0.6029856176470588,1.140365742664005,0.011476557,0.0,0.455042312,9,5,1,0,8.240043311652267,1.9263980376024046,5.468246444740698,13.85247816736709,7.978589844568155,7.0933093345295655,8.763848941834052,457.0996366475964,150.5082301726771,158.93270510909974,742.0398472757901,464.4124140470641,398.8082508838558,520.6207161840744,1120.687219106089,369.00630935052743,389.6608901727109,1819.2851322490433,1138.6162120666972,977.772183144749,1276.4240788035613,1.227791064616821,0.37600804227943396,1.0,2.508913725134891,1.048230629823783,1.0,1.3092432418641993,2.55162403313682,1.3052268098677209,1.0,6.151191819402433,2.5699838182647934,1.5137894932002296,3.2099175983143833,1.6711847349997133,1.1773895586424163,0.7860463449931288,5.605328925517413,1.2015927106089108,1.0296783445718554,1.7669239003523134,0.8174030027364706,0.6037798979265432,0.2665959063089717,2.757773549726057,0.6101283737355004,0.45413395193756917,0.8794207419986968,0.8537817322632426,0.6006388099615348,0.31792488975954036,2.847555375791356,0.6097102427920733,0.5158181957350798,0.9506516276653836,2.488587737736184,1.7722374829149543,1.2113460999477907,8.363102475243469,1.8174497627065485,1.4788800878213109,2.6916397902196314,1.504857931706455,1.027777043296473,0.600706509929527,5.091797217387528,1.1297807839653,0.8814594421843475,1.8346613841319077,0.847099706076098,0.7255842813145551,0.1910586297788443,3.3298159922399013,0.6041161822710666,0.4800412353802902,0.8549340438247199,1.643804841831538,1.2490397162137454,0.5957902600073192,6.036628530305688,1.219024476081331,0.9093135961948369,1.9469949538985238,0.7736701645218154,0.5453681607996466,0.2840073530737916,2.352199233629016,0.5398512577506993,0.48013792590401766,0.7404341126631608,6.7273364217043055,2.189824049422858,4.239152757671574,13.152028393196698,6.5099692423986415,5.1864943900620695,7.471156210634097,0.9451845160072094,0.4182848867640884,0.41603453576861993,2.0989320005983836,0.9088724678704394,0.6517241781889569,1.0656029560674725,1.5127068899479619,0.6674528661586627,0.38554354808285485,2.7482659538596668,1.4707531255395971,1.0428223845599567,1.9979374352995993,0.18529833971629578,0.0938129636861445,0.04350989882390741,0.4140528810877232,0.17838937040361338,0.11393641054804082,0.24298119577833935,199.7774268638808,80.48929095707003,78.51162466855953,402.0922635677172,186.03494775730667,150.18044820950564,250.89346800655795,0.4862207347075297,0.26297453808496407,0.1875358604783984,1.0916225938711928,0.4063168556307657,0.3080049772020807,0.48705279807402263,0.7071067811865476,-0.7071067811865475,-0.9749279121818236,-0.2225209339563146
user_05_vpn_s167,user_05,vpn,2026-01-11T19:07:00.949096482,2026-01-11T19:10:05.792402762,184.843306,21,177.84636309127472,6.996943197999999,0.9621466253761698,0.4078744085367546,37272.53976986664,73.42319396257226,201.64397930572957,0.39721857151035944,0.0,0.0,0.23738714713482797,0.3498471599,0.5676489420489979,0.0,0.0,0.5533845755,19,6,1,0,8.468874432917843,1.7141834115310353,4.151329939147421,10.902063453212307,8.964750334096344,7.64165626259169,9.781560398134545,514.2001919487853,150.67023329694743,260.4434783222577,776.1767068227592,501.41345352943074,406.4706440157677,638.9848896250298,1260.6826542353404,369.4034980951008,638.5384149414917,1902.9796686859695,1229.3329589572595,996.5583412648443,1566.6216763081109,1.1701554697121554,0.4581213556687323,1.0,3.0856035331976868,1.0,1.0,1.1180969615704233,2.3261870999341423,1.394798298043774,1.0,7.565082458267628,2.0418443222493687,1.5521323356440964,2.741277555465137,1.330629500418445,0.6627251740452631,0.6208734079030984,2.9624099679287594,1.0784065844858304,0.830686290702256,1.974337311942955,0.679236736536239,0.3163656288661109,0.2939835292401294,1.3361674329959878,0.5771286603288572,0.42135109564801976,0.9887929493078355,0.6513927638822059,0.3655422014197267,0.23699406978412718,1.6262425349327716,0.47894413054895124,0.4128347375341358,0.9855443626351196,2.0098662369546836,0.9720918855044355,0.9148569371432278,4.2985774009247475,1.6555352448146876,1.2520373863502758,2.9631302612507904,1.2108198189903017,0.5809638423762222,0.5393137924811153,2.626799281918831,0.9219821898036961,0.7964405194352961,1.5619316406665111,0.7231734346480269,0.3714498514265395,0.2505323222998614,1.4406967801447548,0.6493477828497939,0.4038814713511646,0.9268187865037808,1.3267388113914058,0.7247567544541141,0.5954217142921173,3.076081476713645,1.0307291157340326,0.7391362568145176,1.8768680263655566,0.6943944245544407,0.3469624330760572,0.26408223334082165,1.3642165397063408,0.571093291561896,0.44096660477310495,1.031502032322442,6.368142247942853,1.4987323023243773,2.65734125095535,9.005737897988451,6.107085304013626,5.598477441043318,7.355999958365313,0.9204712711018177,0.42468077573093405,0.2957862622467353,2.1219809644729204,0.972742792955027,0.5971559720580689,1.182823686829418,2.10073218497499,1.1799740522621374,0.3957394094076161,4.3462381625410815,1.8963255552238554,1.2162798268526913,2.904798481129763,0.3375516188783588,0.24128161066814732,0.03017028650859283,0.9486235380114793,0.30684150442741426,0.1702332794714325,0.46370645542619066,226.09568166418063,103.04648048071972,93.03359147009093,482.38711561901624,191.66508062476976,160.6069779670719,293.86703608309836,0.43029646917682723,0.22013962981193558,0.24081498299233847,1.037997779048998,0.3628451394964327,0.2799055705480305,0.4282782130957449,-0.9659258262890684,0.2588190451025203,-0.7818314824680299,0.6234898018587334
user_05_vpn_s168,user_05,vpn,2026-01-13T09:29:00,2026-01-13T09:30:50.322063959,110.322063,12,104.30325453285391,6.018809432,0.9454432929961971,0.40787440853675466,29048.597090386054,62.82823381443673,263.30723248337057,0.5694983587683339,0.0,0.0,0.05889084395766076,0.5471644938181819,0.6156432215358608,0.352849471,0.0,1.0555102795,9,1,1,0,8.691937877737827,2.1964647798640926,4.6960500185117136,12.311409451025234,8.520582906013296,7.3766766469284395,10.049716373095244,701.3042312357171,475.6876624911312,217.4624224477969,2099.921835222408,637.6301423951636,449.27898359086555,751.9909199293695,1719.4121929631208,1166.260134333154,533.1602520195889,5148.4520511003775,1563.300194985646,1101.5130495748665,1843.6825262637324,1.5953495805588138,0.8170990733034764,1.0,3.990372554298823,1.2803091367815744,1.061410066426202,1.7492975254504513,3.6403365706442465,2.256641697079021,1.0,9.783336416261674,3.138978837565884,2.515049917057162,4.288814127186941,1.4653441479002423,0.533257587252417,0.8528201344897687,2.2936885878350397,1.3340635726762269,0.9958776859343659,1.9132826165682197,0.7377124803755337,0.29755423208633985,0.31214649232473723,1.2870005739977644,0.7820335220025039,0.4385970692938076,0.9353361240622964,0.7276316675247086,0.27879089050035094,0.2723143941088739,1.208898015516916,0.661729086124988,0.5672556822390358,0.9260071200866169,2.2030566282757764,0.8173616030641165,1.2261734238409159,3.5354259998093185,2.1160970946787305,1.4330951621239028,2.848618740630516,1.3899267810443465,0.43214469207894773,0.7364815035095871,2.123505513764921,1.1201157409976061,1.0949965506806956,1.7862213134278135,0.6967538694146004,0.2748103148672891,0.29316526684373523,1.1598264792326476,0.7928009275124293,0.46609013838387764,0.8200653161729287,1.3672924723154611,0.5116976595558926,0.7672309511156313,2.567005604670405,1.1999687872655733,0.9944383019910903,1.672164017682844,0.7742077415623859,0.3377857823747856,0.2907482634262048,1.3893482374277493,0.6680439871161125,0.5214032944675728,1.0145785785592734,6.929943635813135,2.362551606106535,2.7744917826720537,11.343691768400044,7.002293962121716,5.372193904054419,7.701835884109874,0.8934654537580724,0.4438981150737725,0.2789965351683026,1.6828198638757128,0.826646340772364,0.5469764211914158,1.197035769894729,1.7619942419246903,0.9274178677129388,0.3816251801756918,3.614926000246456,1.7265362707245764,1.1757503876846978,2.2396850401459965,0.30110662260733445,0.2092754617613453,0.07007095371000414,0.8591697480549382,0.27937873838224286,0.16547141213022176,0.3475978943437024,332.3089444251046,374.7650642200915,84.07380884978643,1543.5044042865545,232.5873731104531,172.79850696031966,318.1623887829416,0.7178141829237333,0.7079853388193743,0.19495806185179865,2.9330413680145813,0.5330299848406811,0.3410684115224496,0.6504665908032599,0.7071067811865476,-0.7071067811865475,0.7818314824680298,0.6234898018587336
user_05_vpn_s171,user_05,vpn,2026-01-15T19:30:00,2026-01-15T19:31:34.298584048,94.298584,11,90.68307827001757,3.6155057830000006,0.961658960541948,0.4078744085367547,21386.82103394185,46.73638331094812,226.79896268582198,0.49562126310346416,0.0,0.0,0.08519511758297237,0.36155057830000004,0.42889246643919876,0.27023565000000005,0.0,0.5121037915,19,3,1,0,8.243916206365235,1.9375174276820901,3.621336158044591,10.930966637367218,8.74475495610619,7.44244038953376,9.55979614081929,563.2693142879433,205.283554799277,253.33213710017145,905.2414590833436,566.8210409683002,402.9072282737298,662.2807320526313,1380.9871433431342,503.3008948409626,621.1032901255021,2219.412250773193,1389.6950362778705,987.8217898474078,1623.7369106548185,1.3303598029727821,0.36596252773703103,1.0,2.1318882884660013,1.2440189539635464,1.0,1.5853895739362,2.91840231620432,1.2656041314137871,1.0,5.226825326242284,3.050004922903724,1.9692427632039755,3.8869552508179397,1.2138536134543632,0.4058046264784253,0.7786040586911837,2.1205373441634676,1.0380021822462309,0.9776250141904953,1.387937453502628,0.5900610882870692,0.2032268596249245,0.3051255902591865,0.940599926967598,0.5608865328547028,0.4449202286644548,0.6986802054138572,0.623792525167294,0.230596853864921,0.3801341821537572,1.1988006161927127,0.5264710275498229,0.47580185405370734,0.7231344774118541,1.8039147017414323,0.5989843016942986,1.1732131658315044,3.0422740721342225,1.5917856131700225,1.4074445894997083,2.0866176589164853,1.1361703140723718,0.4633995639902439,0.5905739293127245,2.253613621625557,0.9945179999347927,0.9600913777904443,1.10576345396513,0.5427967822126306,0.15814833056569028,0.2984161704720951,0.7833871739934309,0.5435245500355126,0.41124458754648713,0.6611618109056847,1.2442095801908075,0.5332098659134646,0.7018385296323015,2.3783545256091836,1.089458211276513,0.8195591558166687,1.4867567103392263,0.6140200432143317,0.23616706504133034,0.27742263546219337,1.1531762086508985,0.6450325241391194,0.4249351443796453,0.7123856723536222,6.098247629536803,1.8796658009264515,3.342104490739969,9.336733160743323,5.549053073704483,4.666076491959755,7.584357183834953,0.8929545489488391,0.47962158849892145,0.37626374130162454,2.006546782898446,0.8130189619302262,0.5612795090085099,0.9408836518920018,2.145668576828432,1.1302145389715899,0.279231667304622,3.778038093262987,2.1461536764106253,1.3145314848154714,2.9612649897870966,0.3968233888224572,0.2624127939656914,0.041960216081873315,0.9053254159153629,0.35068895370242975,0.2020813769941523,0.5077633311785791,252.99033284091203,117.6140946459243,95.33772659196283,536.4131951887456,237.58406870591367,163.87422617681239,317.55134952688206,0.5652883643694331,0.3273019953616431,0.21075118839482965,1.4549696435048194,0.4667460032284399,0.37238565464976203,0.6601569074279385,-0.9659258262890684,0.2588190451025203,0.43388373911755823,-0.900968867902419
user_05_vpn_s172,user_05,vpn,2026-01-16T19:05:00,2026-01-16T19:08:21.147615859,201.147615,22,186.27606596494206,14.871549903999998,0.9260664908452534,0.40787440853675466,43527.11763100164,99.76139038176552,216.39390370600037,0.49596108997745525,0.0,0.0,0.07744233790849979,0.708169043047619,0.8270608339492338,0.349409035,0.0,1.344647566,19,4,1,0,8.467093907497366,2.0440982945628643,3.752353593268312,12.316450830506207,8.437771706745577,7.52112437040468,9.613002850488908,573.1915384253361,280.1375296370131,207.45162681405256,1290.372088769614,547.8622004102283,358.17460885664786,635.983385140976,1405.3138084383745,686.8230116275344,508.61643307870963,3163.650530070791,1343.2129816030342,878.149257124505,1559.2627824397223,1.4393811633692568,0.7015807860148756,1.0,3.4783346406382285,1.1167908407349845,1.0,1.5098475414125812,3.095227490347358,2.0763784350238526,1.0,8.527955095581307,2.738075293180223,1.1548904165699816,3.701746198858477,1.630327609346114,0.8071056624810871,0.8327262330109746,3.6989830634672636,1.3457691594909087,0.9756259520865072,2.1316977980958773,0.7912484351030628,0.46110930610960027,0.2548465646181354,1.917043452568245,0.6758175742180894,0.404244394035364,1.0042307789901739,0.8390791742430509,0.37607727565309745,0.30772660996488155,1.7819396108990186,0.7299306587561732,0.567220786000523,1.067246544919032,2.4215760444491763,1.2596223910034179,1.08757279762911,5.616026516035508,1.9482463539130008,1.44929484666628,3.129540826803899,1.5551048052254208,0.8119424136466947,0.7279212360005897,3.9514913217711847,1.1549217610320985,1.036312590245601,1.9353889619734528,0.8097873900210505,0.49242959820517995,0.2350396423380101,1.9416021687582559,0.6947927015085217,0.39638494359154824,0.9581384850422214,1.510845504356533,0.6967224056704703,0.7890423684797424,3.4786026900316034,1.333584545276255,0.9450531001156535,1.8382845159449313,0.7574355604258108,0.390426246535076,0.23663502408742884,1.7266850774756772,0.7178401272601145,0.44915968034310244,1.012586498500327,6.181561621630096,1.5421129184778566,2.194546907351899,8.231026887739672,6.681992490355349,5.282634214018962,7.3856345175119005,0.9578794082505163,0.39146127083139765,0.343507255814268,1.579179706114326,0.9078417234454359,0.6078052573242276,1.346680164162419,2.2855322858672698,1.2504516664454093,0.47360578232629624,4.703744508827658,2.2742730785230734,1.2996361615033016,3.1176418581895815,0.33653698493177514,0.2099516390229902,0.062560005675734,0.7303417678006494,0.28867039006740947,0.15224867528850522,0.4599933954124747,257.1936117208999,148.67639535314567,83.78570017710136,554.9589286370798,208.60549217186804,129.77079959450572,375.49162654464294,0.5713713742818783,0.3699419436074928,0.16238444236275165,1.6028742950917152,0.47940295294301133,0.33392814786480646,0.6478582213207813,-0.9659258262890684,0.2588190451025203,-0.433883739117558,-0.9009688679024191
user_05_vpn_s173,user_05,vpn,2026-01-18T09:55:02.698184482,2026-01-18T09:57:43.616051114,160.917866,18,147.0532452204215,13.864621421,0.9138403887385724,0.40787440853675466,34551.55191161645,70.3682797788974,214.71544938096835,0.43729314542921793,0.0,0.0,0.15640299486417153,0.8155659659411765,1.1179780390185408,0.43249418,0.0,1.032784486,9,6,1,0,8.169624734467861,2.368154674194083,4.158884790640202,12.590212341282177,7.775371102343236,6.355851978866944,10.447581587164485,556.1060195318166,335.81142351418936,185.2601085172276,1692.6490369080375,528.212875985774,326.7471201640143,654.0357738463097,1363.424642224653,823.3206508810139,454.20870895491186,4149.927039993509,1295.0380434034396,801.0973802848193,1603.5224572991879,1.3091730243161317,0.46337240447890454,1.0,2.478075965893435,1.0114454925511434,1.0,1.5470917183911732,2.6001758522892797,1.618150611775012,1.0,6.075585802952208,2.0512319264668006,1.1445446146724145,3.7930590544803953,1.859321984486439,1.2049690494522263,0.7775366991831603,4.758593324274442,1.4067778054412021,1.0450267250045753,2.1187479736945622,0.9036856873132231,0.615336234437859,0.22424200688892,2.346511134694387,0.6572123015513632,0.4938065358024867,0.9778087723640093,0.9556362971732157,0.6030246038630902,0.33302669175056343,2.496309664973204,0.761551985650499,0.4985475438412848,1.1231002545461846,2.7630076717996617,1.8159128586569604,1.0017787060720802,7.020876983575681,2.0363482959350634,1.5527593247640774,3.076393258640684,1.69433868600437,1.101839941122194,0.7043372342979161,4.855796577276846,1.3387483727543925,0.9294775444602459,2.160279732190249,0.7764675728993089,0.47221419220797317,0.27741370401754273,2.071657294667413,0.6289946759195768,0.4610129955350361,0.7628038195922154,1.8055929611753203,1.2152343004978692,0.672225372416695,4.410167478547207,1.3908489281586147,0.8777301418291925,2.1378897744244285,0.9097198479102858,0.5520869592935632,0.25829884377012646,2.192969214858308,0.6898762819089121,0.564554996654334,1.0870534071187121,5.864297653099055,1.7237585292206654,2.3567523456529798,9.942141907428024,5.998054720585178,4.885304961492134,6.825588604038252,0.9072280395926151,0.4217561659327582,0.25717207322456964,1.6415940023537592,0.8295422883011588,0.5494117950498978,1.2782260711459499,2.3053270813688065,1.2970552633008576,0.3988963998343378,4.658581490794695,2.125493599124961,1.1920117006977442,3.2615748346180746,0.40046116602222015,0.2942478259876693,0.02921348728332366,1.0984729985144448,0.32276560541743965,0.17402822470770848,0.5932631439829916,241.35943790323347,126.34499415922548,68.89929536084257,607.7477935128771,226.60194129542154,177.5345598346362,286.03744367026076,0.5001881692843967,0.27332568524087825,0.20276857467072107,1.194266983409681,0.34444100412083933,0.31363597013960504,0.6355596758065972,0.7071067811865476,-0.7071067811865475,-0.7818314824680299,0.6234898018587334
user_05_vpn_s175,user_05,vpn,2026-01-18T19:57:02.421422351,2026-01-18T20:00:24.250608038,201.829185,21,191.18310827561865,10.646077423,0.947252045216447,0.40787440853675455,41147.63795420435,79.1303211471598,203.87357732334078,0.39206580132184454,0.0,0.0,0.08414832379476085,0.53230387115,0.6301198814723898,0.269273646,0.0,0.84715950875,19,6,1,0,9.103957536934221,1.5957495337325407,6.966231490286047,12.025523788677026,8.981867290935902,7.464339256373021,10.009792878958816,567.6598231547532,301.6783035010126,212.07587991996198,1505.5266491223995,564.8881775547882,329.1711799135697,611.8097619449811,1391.751507997835,739.6352827903092,519.9538766866548,3691.1525156075895,1384.956167221471,807.04053263471,1499.9954621812205,1.2629089971318501,0.4928954191987278,1.0,3.1843258838001436,1.0,1.0,1.366114582689053,2.505201533685283,1.6327976392569243,1.0,7.807123509474108,2.3095936553754743,1.0188370080220657,3.349351060268712,1.5647793782430055,0.744625264241611,0.4440141833390222,3.18836775678341,1.3937957749980692,1.0123920097841113,2.034155540650597,0.8245694382395696,0.4011864612984984,0.10980632931675634,1.6764993872160545,0.7295066290502848,0.5613901424614403,1.0512157770244026,0.7402099400034362,0.3856045411409245,0.06477332802077851,1.5568448487645354,0.7132821727498411,0.4321858883269676,0.9075330338666014,2.389348816482575,1.1323179145468372,0.5538205126557786,4.819890664802285,2.007023400166202,1.5690567676180116,3.0667768425540802,1.4808342718181375,0.7779698329936285,0.39108842840566105,3.408905838830678,1.2134758475818912,0.8678945865129042,1.8873779189590765,0.825998861866283,0.4437559153432684,0.13905376045195755,2.0212786406956007,0.7305650097425761,0.5579014040848986,0.9798526498759831,1.3747543194588514,0.6406891082197814,0.35792607919331526,2.709101434100884,1.1823063491077999,0.9034112209302142,1.9600568799840543,0.8026178011973609,0.41491766279964065,0.11539731715110273,1.747236781175539,0.6411408962510469,0.5144187806961961,1.098081895170602,6.775841977073492,1.4772492560574153,4.708128198558831,10.173879988686105,6.4316473132794245,5.580249683368356,7.647898595267966,1.0901074258710184,0.5043489762498375,0.36931033462041485,2.279128362038107,1.0791446528656015,0.7402316942240567,1.2323361427387252,2.3281155598607293,1.0098508832806103,0.6310666270592691,4.828981009779053,2.2419542023598167,1.6232749817789873,2.742768013635188,0.3474680621272964,0.21295089681265097,0.09343038163446608,0.834241960792794,0.30651897092017727,0.17650127248124292,0.4381939863413,221.39820619338175,115.80142009732693,75.5194713200355,503.2537895381396,193.95283465291834,126.50061237209478,269.9386177117397,0.4305525950515914,0.2887898202673641,0.17890031606022197,1.5778185678441934,0.4221925931744189,0.23320840588290473,0.4710852362260119,-0.9659258262890684,0.2588190451025203,-0.7818314824680299,0.6234898018587334
user_05_vpn_s177,user_05,vpn,2026-01-20T09:51:00.218224052,2026-01-20T09:54:21.322032698,201.103808,20,196.1390043064955,4.964804349,0.9753122342988927,0.40787440853675466,43492.75263137839,88.72600838175858,216.2701594958281,0.441195068676962,0.0,0.0,0.3053549739452975,0.26130549205263154,0.49103702031440877,0.0,0.0,0.1958624665,9,1,1,0,9.806950215324775,2.038869320659426,5.245523560057434,14.036007043577023,10.254189023556854,8.694526290424088,11.325630938516607,630.012899147592,296.0630955202482,230.95419526297604,1473.9585490548964,569.9927488864687,444.2460267897388,699.4316752437347,1544.6247324213275,725.8682803424017,566.2385048660492,3613.755896925988,1397.4712238782326,1089.1735727756663,1714.821181728314,1.4013837369715287,0.6506870484360879,1.0,3.4539478077605135,1.0,1.0,1.5045429994301567,3.0349166821163998,1.8958283240434983,1.0,8.468165041664458,2.350044372502985,1.5983825161358771,3.688740867140181,1.2242700031675866,0.4870207892671294,0.5073420043867345,2.408945036815423,1.1992486775592741,0.8506860799312029,1.3295640966584985,0.6139716752446323,0.26360278775546736,0.23973831350186833,1.2562753069725012,0.5581669840280019,0.4330840817663684,0.7291558210266004,0.6102983279229544,0.26593214966811796,0.07003233047089286,1.180271708304087,0.5743929805290753,0.4806976794419161,0.7292118386720536,1.8382416784122184,0.7366352215001377,0.9446516783025761,3.665220343787924,1.7990011303953342,1.205196386877175,2.013786389412374,1.0961701001210566,0.43575225722798594,0.4113461121984116,2.132147693083496,0.997029644475006,0.8310857892727699,1.235488909572641,0.6829381321298358,0.33137397954102765,0.24733895219899585,1.5648104292442564,0.6563601258641738,0.46526054798550665,0.8260442508653668,1.118201603732131,0.39193802756543095,0.36134358615819834,2.0240445293943234,1.0829342334945187,0.9359631386960706,1.222981538204778,0.6527621741363866,0.32070396406936613,0.2384696338351396,1.4834172303766857,0.5916170909947518,0.4299048475756504,0.8142624226288171,6.967195648905499,1.8224485661929979,2.9773894393030056,10.289658345374097,6.935305874992549,5.699438019839052,8.12649485091979,1.0925873420910643,0.5808588549828381,0.19931909199420186,2.4042941832504092,0.9985588786026641,0.629111917002409,1.5741302585758836,2.839754566419278,1.3494403777228812,1.0207663671740175,5.65500644819851,2.8548653129674206,1.4679749216199658,3.8460187812277664,0.4966505303744163,0.3630187867763718,0.0758560402796321,1.380911838955198,0.3514380554113081,0.22801173524958068,0.7332863271736294,231.83798417806528,105.5068593117016,56.79625962383841,440.47318877202446,205.68437988227157,145.4025658168695,321.42770530715006,0.4691645270604206,0.2560372901567682,0.14249066659703724,1.0309235637699399,0.37065385573197085,0.27867763090357806,0.6210935210335569,0.7071067811865476,-0.7071067811865475,0.7818314824680298,0.6234898018587336
user_05_vpn_s180,user_05,vpn,2026-01-23T09:53:00,2026-01-23T09:55:09.085120830,129.08512,14,121.55472294628797,7.530397890999999,0.9416633222038914,0.4078744085367547,31055.13758119801,58.319298485403294,240.5787559495472,0.45178947415010573,0.0,0.0,0.05103255606658988,0.5792613762307691,0.6415631735130394,0.340442646,0.0,0.817232986,9,4,1,0,8.68248021044914,1.6649182977056713,4.9932029822737025,11.041004068860229,8.964951903062602,7.900502901275513,9.919917025293044,642.6403112255003,276.99106124851625,383.64161814845863,1268.2560912180256,512.8085929176216,444.8262218392134,855.034539982202,1575.5838017172148,679.1087046677407,940.5876174599165,3109.4279628081636,1257.2708220584796,1090.5960573379023,2096.318185417981,1.3075995351686411,0.36561986531522844,1.0,2.06513200940463,1.0638308722633294,1.0,1.6360103724892534,2.8580646423601657,1.2370962697158723,1.0,5.06315661434428,2.608231480076949,1.7675681025106162,4.0110640389487155,1.5382555570802123,0.713700021640809,0.7793025037043826,3.3227953298634723,1.3448772801520716,0.9487901371073846,1.8989231989847926,0.8143218076937296,0.35030121149604054,0.4495520964013936,1.4798288154722683,0.6149268563090629,0.5083322911960002,1.1473909245251135,0.7239337493864826,0.397604678333844,0.24706860572088596,1.842966514391204,0.6411326511421138,0.4660426897781622,0.7718810431660116,2.352577364773942,1.05169759869385,1.3115364016878792,4.802624145335741,1.919417982410205,1.467841811292138,3.046314123509906,1.499235601128671,0.7789863036424738,0.781360370520557,3.8745908293731133,1.179662034070734,1.0168611914184291,1.7849544575166352,0.7477104273460117,0.3993074358844672,0.3402973299174586,1.7476323632716426,0.5603743896855027,0.470130991931869,0.9855112944256028,1.5657597344756768,0.7817833624425167,0.6620164850113271,3.6915794377588504,1.5403615016206023,0.8835673719641891,2.0428485672060765,0.8503706604215671,0.4465125028548955,0.3153656821720368,1.5149685893784668,0.6898416330010815,0.45196195880723167,1.3627204815240848,5.981475334078501,1.4697126581209914,3.1254001263597018,8.283907917433874,6.253330052159592,5.294060938162821,6.5918397451178254,0.7381438985535445,0.2782641102531314,0.2975821234253147,1.2816609234250282,0.7079368930360725,0.5384862368832004,0.9214480508706931,2.7010048763706407,1.03026795868196,1.2189446293579538,4.4101308250274265,2.5457256422783723,1.748026889199989,3.5716430148610856,0.34931254198362804,0.17877273424087628,0.13135714670268195,0.7725879213551384,0.2924442578087511,0.2549329223141026,0.4016552284006382,264.8351319106966,117.57826806431584,123.73247229308585,550.6433899639123,239.36951866048054,184.00283668201553,358.0730723137917,0.4951654050387326,0.184324048499955,0.19564490824878616,0.7359557893935795,0.5321462883391144,0.3251917370519223,0.6506006834431723,0.7071067811865476,-0.7071067811865475,-0.433883739117558,-0.9009688679024191
user_05_vpn_s183,user_05,vpn,2026-01-24T19:57:00,2026-01-24T19:57:12.088670213,12.08867,1,12.088670213439901,0.0,1.0000000176561938,0.4078744085367546,3108.941428581599,5.147059036433182,257.17812038723855,0.4257754605290063,0.0,0.0,0.0,0.0,0.0,0.0,0.0,0.0,19,5,1,0,12.088670213439901,0.0,12.088670213439901,12.088670213439901,12.088670213439901,12.088670213439901,12.088670213439901,900.6894639672174,0.0,900.6894639672174,900.6894639672174,900.6894639672174,900.6894639672174,900.6894639672174,2208.251964614382,0.0,2208.251964614382,2208.251964614382,2208.251964614382,2208.251964614382,2208.251964614382,1.4911512329930496,0.0,1.4911512329930496,1.4911512329930496,1.4911512329930496,1.4911512329930496,1.4911512329930496,3.6559078034401327,0.0,3.6559078034401327,3.6559078034401327,3.6559078034401327,3.6559078034401327,3.6559078034401327,1.187878930765385,0.0,1.187878930765385,1.187878930765385,1.187878930765385,1.187878930765385,1.187878930765385,0.48518727477766455,0.0,0.48518727477766455,0.48518727477766455,0.48518727477766455,0.48518727477766455,0.48518727477766455,0.7026916559877204,0.0,0.7026916559877204,0.7026916559877204,0.7026916559877204,0.7026916559877204,0.7026916559877204,1.6730662055430496,0.0,1.6730662055430496,1.6730662055430496,1.6730662055430496,1.6730662055430496,1.6730662055430496,1.2831676869368804,0.0,1.2831676869368804,1.2831676869368804,1.2831676869368804,1.2831676869368804,1.2831676869368804,0.5800981220262333,0.0,0.5800981220262333,0.5800981220262333,0.5800981220262333,0.5800981220262333,0.5800981220262333,0.9362098383788515,0.0,0.9362098383788515,0.9362098383788515,0.9362098383788515,0.9362098383788515,0.9362098383788515,0.5621421421456374,0.0,0.5621421421456374,0.5621421421456374,0.5621421421456374,0.5621421421456374,0.5621421421456374,7.457387529488393,0.0,7.457387529488393,7.457387529488393,7.457387529488393,7.457387529488393,7.457387529488393,1.5037280107503663,0.0,1.5037280107503663,1.5037280107503663,1.5037280107503663,1.5037280107503663,1.5037280107503663,4.6312826839515076,0.0,4.6312826839515076,4.6312826839515076,4.6312826839515076,4.6312826839515076,4.6312826839515076,0.8437636932279508,0.0,0.8437636932279508,0.8437636932279508,0.8437636932279508,0.8437636932279508,0.8437636932279508,257.1781158464519,0.0,257.1781158464519,257.1781158464519,257.1781158464519,257.1781158464519,257.1781158464519,0.4257754530114323,0.0,0.4257754530114323,0.4257754530114323,0.4257754530114323,0.4257754530114323,0.4257754530114323,-0.9659258262890684,0.2588190451025203,-0.9749279121818236,-0.2225209339563146
user_05_vpn_s185,user_05,vpn,2026-01-24T19:57:12.088670213,2026-01-24T19:57:21.281260618,9.19259,1,9.192590405544074,0.0,1.0000000441164105,0.4078744085367546,916.0720740680214,2.0,99.65331577586093,0.21756654000667933,0.0,0.0,0.0,0.0,0.0,0.0,0.0,0.0,19,5,1,0,9.192590405544074,0.0,9.192590405544074,9.192590405544074,9.192590405544074,9.192590405544074,9.192590405544074,265.3946638435383,0.0,265.3946638435383,265.3946638435383,265.3946638435383,265.3946638435383,265.3946638435383,650.6774102244831,0.0,650.6774102244831,650.6774102244831,650.6774102244831,650.6774102244831,650.6774102244831,1.0,0.0,1.0,1.0,1.0,1.0,1.0,1.0,0.0,1.0,1.0,1.0,1.0,1.0,1.2633186409604875,0.0,1.2633186409604875,1.2633186409604875,1.2633186409604875,1.2633186409604875,1.2633186409604875,0.7275320686137532,0.0,0.7275320686137532,0.7275320686137532,0.7275320686137532,0.7275320686137532,0.7275320686137532,0.5357865723467343,0.0,0.5357865723467343,0.5357865723467343,0.5357865723467343,0.5357865723467343,0.5357865723467343,1.9908507095742407,0.0,1.9908507095742407,1.9908507095742407,1.9908507095742407,1.9908507095742407,1.9908507095742407,1.4071439504394936,0.0,1.4071439504394936,1.4071439504394936,1.4071439504394936,1.4071439504394936,1.4071439504394936,0.9297890272988585,0.0,0.9297890272988585,0.9297890272988585,0.9297890272988585,0.9297890272988585,0.9297890272988585,1.0655724947216179,0.0,1.0655724947216179,1.0655724947216179,1.0655724947216179,1.0655724947216179,1.0655724947216179,0.6447813941502947,0.0,0.6447813941502947,0.6447813941502947,0.6447813941502947,0.6447813941502947,0.6447813941502947,5.193983298644718,0.0,5.193983298644718,5.193983298644718,5.193983298644718,5.193983298644718,5.193983298644718,0.46759865023615493,0.0,0.46759865023615493,0.46759865023615493,0.46759865023615493,0.46759865023615493,0.46759865023615493,3.998607106899356,0.0,3.998607106899356,3.998607106899356,3.998607106899356,3.998607106899356,3.998607106899356,0.9416243274684333,0.0,0.9416243274684333,0.9416243274684333,0.9416243274684333,0.9416243274684333,0.9416243274684333,99.65331137951453,0.0,99.65331137951453,99.65331137951453,99.65331137951453,99.65331137951453,99.65331137951453,0.21756653040842494,0.0,0.21756653040842494,0.21756653040842494,0.21756653040842494,0.21756653040842494,0.21756653040842494,-0.9659258262890684,0.2588190451025203,-0.9749279121818236,-0.2225209339563146
user_05_vpn_s187,user_05,vpn,2026-01-24T19:57:21.769637885,2026-01-24T19:57:31.086189930,9.316552,1,9.316552045598637,0.0,1.0000000048943685,0.4078744085367546,3637.1369774254986,9.601237427065062,390.395178111548,1.0305569514413768,0.0,0.0,0.0,0.0,0.0,0.0,0.0,0.0,19,5,1,0,9.316552045598637,0.0,9.316552045598637,9.316552045598637,9.316552045598637,9.316552045598637,9.316552045598637,1053.7126638848595,0.0,1053.7126638848595,1053.7126638848595,1053.7126638848595,1053.7126638848595,1053.7126638848595,2583.424313540639,0.0,2583.424313540639,2583.424313540639,2583.424313540639,2583.424313540639,2583.424313540639,2.781568450310302,0.0,2.781568450310302,2.781568450310302,2.781568450310302,2.781568450310302,2.781568450310302,6.81966897675476,0.0,6.81966897675476,6.81966897675476,6.81966897675476,6.81966897675476,6.81966897675476,1.4338325242898207,0.0,1.4338325242898207,1.4338325242898207,1.4338325242898207,1.4338325242898207,1.4338325242898207,0.8049344789876696,0.0,0.8049344789876696,0.8049344789876696,0.8049344789876696,0.8049344789876696,0.8049344789876696,0.6288980453021511,0.0,0.6288980453021511,0.6288980453021511,0.6288980453021511,0.6288980453021511,0.6288980453021511,2.2387670032774905,0.0,2.2387670032774905,2.2387670032774905,2.2387670032774905,2.2387670032774905,2.2387670032774905,1.3722677749284955,0.0,1.3722677749284955,1.3722677749284955,1.3722677749284955,1.3722677749284955,1.3722677749284955,0.6188040843620431,0.0,0.6188040843620431,0.6188040843620431,0.6188040843620431,0.6188040843620431,0.6188040843620431,1.1077368433941333,0.0,1.1077368433941333,1.1077368433941333,1.1077368433941333,1.1077368433941333,1.1077368433941333,0.7520270463250629,0.0,0.7520270463250629,0.7520270463250629,0.7520270463250629,0.7520270463250629,0.7520270463250629,5.9909859524093685,0.0,5.9909859524093685,5.9909859524093685,5.9909859524093685,5.9909859524093685,5.9909859524093685,0.9876308076884867,0.0,0.9876308076884867,0.9876308076884867,0.9876308076884867,0.9876308076884867,0.9876308076884867,3.325566093189269,0.0,3.325566093189269,3.325566093189269,3.325566093189269,3.325566093189269,3.325566093189269,0.5150205707178058,0.0,0.5150205707178058,0.5150205707178058,0.5150205707178058,0.5150205707178058,0.5150205707178058,390.39517620081017,0.0,390.39517620081017,390.39517620081017,390.39517620081017,390.39517620081017,390.39517620081017,1.0305569463974515,0.0,1.0305569463974515,1.0305569463974515,1.0305569463974515,1.0305569463974515,1.0305569463974515,-0.9659258262890684,0.2588190451025203,-0.9749279121818236,-0.2225209339563146
user_05_vpn_s189,user_05,vpn,2026-01-24T19:57:31.086189930,2026-01-24T19:57:40.494236692,9.408046,1,9.408046762532484,0.0,1.0000000810511007,0.40787440853675466,2232.4126033892985,4.044039343207211,237.28759440475721,0.4298490189362606,0.0,0.0,0.0,0.0,0.0,0.0,0.0,0.0,19,5,1,0,9.408046762532484,0.0,9.408046762532484,9.408046762532484,9.408046762532484,9.408046762532484,9.408046762532484,646.7508498600823,0.0,646.7508498600823,646.7508498600823,646.7508498600823,646.7508498600823,646.7508498600823,1585.6617535292162,0.0,1585.6617535292162,1585.6617535292162,1585.6617535292162,1585.6617535292162,1585.6617535292162,1.1715960921005302,0.0,1.1715960921005302,1.1715960921005302,1.1715960921005302,1.1715960921005302,1.1715960921005302,2.872443251106681,0.0,2.872443251106681,2.872443251106681,2.872443251106681,2.872443251106681,2.872443251106681,0.7849415204576414,0.0,0.7849415204576414,0.7849415204576414,0.7849415204576414,0.7849415204576414,0.7849415204576414,0.29992551343773405,0.0,0.29992551343773405,0.29992551343773405,0.29992551343773405,0.29992551343773405,0.29992551343773405,0.4850160070199074,0.0,0.4850160070199074,0.4850160070199074,0.4850160070199074,0.4850160070199074,0.4850160070199074,1.0848670338953754,0.0,1.0848670338953754,1.0848670338953754,1.0848670338953754,1.0848670338953754,1.0848670338953754,0.8507603924884789,0.0,0.8507603924884789,0.8507603924884789,0.8507603924884789,0.8507603924884789,0.8507603924884789,0.3629641590725127,0.0,0.3629641590725127,0.3629641590725127,0.3629641590725127,0.3629641590725127,0.3629641590725127,0.6804696779599945,0.0,0.6804696779599945,0.6804696779599945,0.6804696779599945,0.6804696779599945,0.6804696779599945,0.3086519491793477,0.0,0.3086519491793477,0.3086519491793477,0.3086519491793477,0.3086519491793477,0.3086519491793477,7.138579163979979,0.0,7.138579163979979,7.138579163979979,7.138579163979979,7.138579163979979,7.138579163979979,1.3447254567678177,0.0,1.3447254567678177,1.3447254567678177,1.3447254567678177,1.3447254567678177,1.3447254567678177,2.269467598552505,0.0,2.269467598552505,2.269467598552505,2.269467598552505,2.269467598552505,2.269467598552505,0.30841382869514294,0.0,0.30841382869514294,0.30841382869514294,0.30841382869514294,0.30841382869514294,0.30841382869514294,237.28757517233805,0.0,237.28757517233805,237.28757517233805,237.28757517233805,237.28757517233805,237.28757517233805,0.4298489840965273,0.0,0.4298489840965273,0.4298489840965273,0.4298489840965273,0.4298489840965273,0.4298489840965273,-0.9659258262890684,0.2588190451025203,-0.9749279121818236,-0.2225209339563146
user_05_vpn_s191,user_05,vpn,2026-01-24T19:57:40.625349587,2026-01-24T19:57:48.177717682,7.5523679999999995,1,7.552368095154686,0.0,1.000000012599318,0.40787440853675455,2512.8757326915497,3.591525285655543,332.726865625662,0.4755495608338396,0.0,0.0,0.0,0.0,0.0,0.0,0.0,0.0,19,5,1,0,7.552368095154686,0.0,7.552368095154686,7.552368095154686,7.552368095154686,7.552368095154686,7.552368095154686,728.0036464780816,0.0,728.0036464780816,728.0036464780816,728.0036464780816,728.0036464780816,728.0036464780816,1784.8720862134683,0.0,1784.8720862134683,1784.8720862134683,1784.8720862134683,1784.8720862134683,1784.8720862134683,1.0404985293780986,0.0,1.0404985293780986,1.0404985293780986,1.0404985293780986,1.0404985293780986,1.0404985293780986,2.5510267562774445,0.0,2.5510267562774445,2.5510267562774445,2.5510267562774445,2.5510267562774445,2.5510267562774445,1.11018567873923,0.0,1.11018567873923,1.11018567873923,1.11018567873923,1.11018567873923,1.11018567873923,0.5142975681896605,0.0,0.5142975681896605,0.5142975681896605,0.5142975681896605,0.5142975681896605,0.5142975681896605,0.5958881105495694,0.0,0.5958881105495694,0.5958881105495694,0.5958881105495694,0.5958881105495694,0.5958881105495694,1.6244832469288903,0.0,1.6244832469288903,1.6244832469288903,1.6244832469288903,1.6244832469288903,1.6244832469288903,1.2691432888518837,0.0,1.2691432888518837,1.2691432888518837,1.2691432888518837,1.2691432888518837,1.2691432888518837,0.3607030710613987,0.0,0.3607030710613987,0.3607030710613987,0.3607030710613987,0.3607030710613987,0.3607030710613987,0.8805357437338521,0.0,0.8805357437338521,0.8805357437338521,0.8805357437338521,0.8805357437338521,0.8805357437338521,0.5384036621962495,0.0,0.5384036621962495,0.5384036621962495,0.5384036621962495,0.5384036621962495,0.5384036621962495,5.475603537750377,0.0,5.475603537750377,5.475603537750377,5.475603537750377,5.475603537750377,5.475603537750377,0.33396880726299233,0.0,0.33396880726299233,0.33396880726299233,0.33396880726299233,0.33396880726299233,0.33396880726299233,2.076764557404309,0.0,2.076764557404309,2.076764557404309,2.076764557404309,2.076764557404309,2.076764557404309,0.22688473102297751,0.0,0.22688473102297751,0.22688473102297751,0.22688473102297751,0.22688473102297751,0.22688473102297751,332.7268614335305,0.0,332.7268614335305,332.7268614335305,332.7268614335305,332.7268614335305,332.7268614335305,0.4755495548422395,0.0,0.4755495548422395,0.4755495548422395,0.4755495548422395,0.4755495548422395,0.4755495548422395,-0.9659258262890684,0.2588190451025203,-0.9749279121818236,-0.2225209339563146
user_05_vpn_s193,user_05,vpn,2026-01-24T19:57:48.177717682,2026-01-24T19:57:56.918755713,8.741038,1,8.741038031959286,0.0,1.0000000036562346,0.4078744085367548,723.3562100040008,2.0,82.75404019568394,0.22880577798655036,0.0,0.0,0.0,0.0,0.0,0.0,0.0,0.0,19,5,1,0,8.741038031959286,0.0,8.741038031959286,8.741038031959286,8.741038031959286,8.741038031959286,8.741038031959286,209.5630721943533,0.0,209.5630721943533,209.5630721943533,209.5630721943533,209.5630721943533,209.5630721943533,513.7931378096475,0.0,513.7931378096475,513.7931378096475,513.7931378096475,513.7931378096475,513.7931378096475,1.0,0.0,1.0,1.0,1.0,1.0,1.0,1.0,0.0,1.0,1.0,1.0,1.0,1.0,0.7387686101661575,0.0,0.7387686101661575,0.7387686101661575,0.7387686101661575,0.7387686101661575,0.7387686101661575,0.37785949798829604,0.0,0.37785949798829604,0.37785949798829604,0.37785949798829604,0.37785949798829604,0.37785949798829604,0.3609091121778614,0.0,0.3609091121778614,0.3609091121778614,0.3609091121778614,0.3609091121778614,0.3609091121778614,1.1166281081544536,0.0,1.1166281081544536,1.1166281081544536,1.1166281081544536,1.1166281081544536,1.1166281081544536,0.6734919810502584,0.0,0.6734919810502584,0.6734919810502584,0.6734919810502584,0.6734919810502584,0.6734919810502584,0.33587746779655664,0.0,0.33587746779655664,0.33587746779655664,0.33587746779655664,0.33587746779655664,0.33587746779655664,0.7856742756868564,0.0,0.7856742756868564,0.7856742756868564,0.7856742756868564,0.7856742756868564,0.7856742756868564,0.2831444551627444,0.0,0.2831444551627444,0.2831444551627444,0.2831444551627444,0.2831444551627444,0.2831444551627444,6.312855300168779,0.0,6.312855300168779,6.312855300168779,6.312855300168779,6.312855300168779,6.312855300168779,1.0284718950618061,0.0,1.0284718950618061,1.0284718950618061,1.0284718950618061,1.0284718950618061,1.0284718950618061,2.428182731790508,0.0,2.428182731790508,2.428182731790508,2.428182731790508,2.428182731790508,2.428182731790508,0.291068531588563,0.0,0.291068531588563,0.291068531588563,0.291068531588563,0.291068531588563,0.291068531588563,82.75403989311576,0.0,82.75403989311576,82.75403989311576,82.75403989311576,82.75403989311576,82.75403989311576,0.2288057771499827,0.0,0.2288057771499827,0.2288057771499827,0.2288057771499827,0.2288057771499827,0.2288057771499827,-0.9659258262890684,0.2588190451025203,-0.9749279121818236,-0.2225209339563146
user_05_vpn_s195,user_05,vpn,2026-01-24T19:57:56.918755713,2026-01-24T19:58:13.410483313,16.491727,2,16.295382982913495,0.196344618,0.9880943932017243,0.4078744085367546,3418.258329132129,5.535432108749924,207.27109593386604,0.33564902625115756,0.0,0.0,-1.0,0.196344618,0.0,0.196344618,0.196344618,0.196344618,19,5,1,0,8.147691491456747,1.002682520579791,7.145008970876956,9.150374012036538,8.147691491456747,7.646350231166852,8.649032751746642,495.15073424399276,62.32501934669432,432.82571489729844,557.4757535906871,495.15073424399276,463.98822457064557,526.31324391734,1213.9784303220717,152.80443695961378,1061.1739933624578,1366.7828672816854,1213.9784303220717,1137.5762118422647,1290.3806488018786,1.0,0.0,1.0,1.0,1.0,1.0,1.0,1.767716054374962,0.3244258694672961,1.4432901849076658,2.092141923842258,1.767716054374962,1.6055031196413139,1.92992898910861,1.186356682489829,0.21643103119703805,0.9699256512927911,1.4027877136868672,1.186356682489829,1.0781411668913101,1.2945721980883482,0.6545345925287209,0.09921090509859953,0.5553236874301214,0.7537454976273205,0.6545345925287209,0.6049291399794212,0.7041400450780206,0.5318220899611081,0.11722012609843852,0.4146019638626697,0.6490422160595467,0.5318220899611081,0.4732120269118889,0.5904321530103275,1.84089127501855,0.3156419362956375,1.5252493387229125,2.1565332113141875,1.84089127501855,1.6830703068707313,1.9987122431663686,1.0431438108126525,0.18416033175134577,0.8589834790613068,1.2273041425639983,1.0431438108126525,0.9510636449369797,1.1352239766883254,0.5816079659413607,0.15581510003718324,0.4257928659041774,0.7374230659785439,0.5816079659413607,0.503700415922769,0.6595155159599523,1.0791468533488937,0.04221888547542685,1.0369279678734669,1.1213657388243206,1.0791468533488937,1.0580374106111803,1.1002562960866071,0.7964613354383552,0.10985440664113921,0.686606928797216,0.9063157420794944,0.7964613354383552,0.7415341321177855,0.8513885387589248,5.301974743175851,0.7691866662365894,4.532788076939262,6.071161409412441,5.301974743175851,4.917381410057557,5.686568076294146,0.8337358977060554,0.2644769069695109,0.5692589907365445,1.0982128046755664,0.8337358977060554,0.7014974442213,0.9659743511908109,2.845716748280896,0.23349585434320153,2.6122208939376943,3.0792126026240974,2.845716748280896,2.7289688211092953,2.9624646754524964,0.2300914519466187,0.09260646144501758,0.13748499050160112,0.3226979133916363,0.2300914519466187,0.18378822122410993,0.2763946826691275,216.29352847790403,53.02154568304485,163.27198279485918,269.3150741609489,216.29352847790403,189.7827556363816,242.80430131942646,0.349892415130177,0.08287707983418521,0.2670153352959918,0.43276949496436223,0.349892415130177,0.3084538752130844,0.3913309550472696,-0.9659258262890684,0.2588190451025203,-0.9749279121818236,-0.2225209339563146
user_05_vpn_s197,user_05,vpn,2026-01-24T19:58:14.462655568,2026-01-24T19:58:24.237625377,9.774969,1,9.774969809936565,0.0,1.0000000828582234,0.4078744085367546,1512.6191353393824,2.214488484897285,154.74413630768368,0.22654685502299646,0.0,0.0,0.0,0.0,0.0,0.0,0.0,0.0,19,5,1,0,9.774969809936565,0.0,9.774969809936565,9.774969809936565,9.774969809936565,9.774969809936565,9.774969809936565,438.2199373942389,0.0,438.2199373942389,438.2199373942389,438.2199373942389,438.2199373942389,438.2199373942389,1074.3991979451434,0.0,1074.3991979451434,1074.3991979451434,1074.3991979451434,1074.3991979451434,1074.3991979451434,1.0,0.0,1.0,1.0,1.0,1.0,1.0,1.2144884848972848,0.0,1.2144884848972848,1.2144884848972848,1.2144884848972848,1.2144884848972848,1.2144884848972848,1.8539174191512033,0.0,1.8539174191512033,1.8539174191512033,1.8539174191512033,1.8539174191512033,1.8539174191512033,0.9550578563246778,0.0,0.9550578563246778,0.9550578563246778,0.9550578563246778,0.9550578563246778,0.9550578563246778,0.8988595628265256,0.0,0.8988595628265256,0.8988595628265256,0.8988595628265256,0.8988595628265256,0.8988595628265256,2.808975275475881,0.0,2.808975275475881,2.808975275475881,2.808975275475881,2.808975275475881,2.808975275475881,2.0121488599763477,0.0,2.0121488599763477,2.0121488599763477,2.0121488599763477,2.0121488599763477,2.0121488599763477,1.116881371305672,0.0,1.116881371305672,1.116881371305672,1.116881371305672,1.116881371305672,1.116881371305672,1.3987637167550664,0.0,1.3987637167550664,1.3987637167550664,1.3987637167550664,1.3987637167550664,1.3987637167550664,0.8451918124367703,0.0,0.8451918124367703,0.8451918124367703,0.8451918124367703,0.8451918124367703,0.8451918124367703,6.756416544880428,0.0,6.756416544880428,6.756416544880428,6.756416544880428,6.756416544880428,6.756416544880428,1.2126076674255473,0.0,1.2126076674255473,1.2126076674255473,1.2126076674255473,1.2126076674255473,1.2126076674255473,3.018553265056137,0.0,3.018553265056137,3.018553265056137,3.018553265056137,3.018553265056137,3.018553265056137,0.1981160861444536,0.0,0.1981160861444536,0.1981160861444536,0.1981160861444536,0.1981160861444536,0.1981160861444536,154.74412348586054,0.0,154.74412348586054,154.74412348586054,154.74412348586054,154.74412348586054,154.74412348586054,0.2265468362517281,0.0,0.2265468362517281,0.2265468362517281,0.2265468362517281,0.2265468362517281,0.2265468362517281,-0.9659258262890684,0.2588190451025203,-0.9749279121818236,-0.2225209339563146
user_05_vpn_s201,user_05,vpn,2026-01-27T09:41:00,2026-01-27T09:50:46.439560680,586.43956,27,242.33473700845332,344.104823686,0.41323054162385175,0.40787440853675444,52174.51950893492,105.02786875476406,88.96828090679101,0.1790941060571767,0.0,0.0,0.6509642538075845,13.234800910999999,62.601562873378434,0.364994446,0.0,1.14134982275,9,1,1,0,8.975360629942715,1.6912397335776943,5.907170878612185,12.256728451747579,8.841654132609387,7.763507924662755,9.918930387812342,559.8313777495673,263.6024922312736,195.88597148322896,1246.7573047639437,555.2057346844246,350.7481281545594,701.8107571290816,1372.5582336924667,646.2834801941727,480.26051005741675,3056.7186336516506,1361.217382272694,859.9414937869351,1720.6540602702203,1.3053135521516945,0.495476447049444,1.0,2.8543860090502102,1.0,1.0,1.4045100502510068,2.5846075128395674,1.6670625011502471,1.0,6.998198340735059,1.7315250807680553,1.2001539174107174,3.443486575413429,1.7090398121471975,0.9450451103279135,0.5453472954948859,5.169445022812225,1.4053095714496067,1.0716238083859024,2.067496376618708,0.8578998730858701,0.4687844837605567,0.318511002714049,2.5664227191856765,0.7603944484596679,0.5345630325091364,1.0401467705757863,0.8511399390613273,0.49920905231067786,0.2222898162530903,2.603022303626548,0.7144153575604812,0.5170888322216496,1.0242097447301828,2.5669396852330673,1.405890688364417,0.8638582982089349,7.735867741997901,2.096203785338732,1.6009585720568171,3.198628551132452,1.6138425680628312,1.1080147425043887,0.4509920107453217,6.170546919381296,1.4488437094193545,0.9534765953393509,1.822531967768017,0.8507451389282416,0.43420951070022223,0.3146632003882108,2.1525188451388577,0.7561689098087429,0.5397169470736456,1.1117017925395656,1.7352194115535124,0.9215800012085665,0.5511036899216321,4.761304282769007,1.5225403451295014,1.1204372005218186,2.044421992193346,0.8961986690384113,0.571194266249065,0.3177556675507287,2.9563653329957456,0.7831862562671253,0.4612666840085176,1.05997965159363,6.717280842736402,1.5668081944139678,3.6775084047974542,9.061853281889958,6.618180019854836,5.687814967309251,8.132425626082316,0.994740333373231,0.4776765072281204,0.30074856389889726,1.9713471895814112,0.9184063840722148,0.6253269095495617,1.2554124037470944,2.2580797872063134,1.2128800811507305,0.7560340897365965,5.0183416387248965,2.1276955692775026,1.2144222866362435,3.142762221172103,0.30924861780990087,0.20257908720900106,0.07563121144162269,0.6740937896107457,0.24743697368781603,0.1356968986263229,0.5026823222098755,222.2450475025711,105.10778149559968,67.44906377796913,438.82330354820533,227.77480871152792,123.77398978018233,295.2815274221251,0.4535291441035896,0.26713731254628525,0.17244403358597152,1.065887281136033,0.39049491551907717,0.232895544124572,0.568764021544733,0.7071067811865476,-0.7071067811865475,0.7818314824680298,0.6234898018587336
user_05_vpn_s203,user_05,vpn,2026-01-28T09:45:00.094803843,2026-01-28T09:47:43.603753744,163.508949,17,149.1459708795914,14.362979030000002,0.9121578469664764,0.4078744085367547,30724.400645393922,53.29455026682626,187.90653865308573,0.3259427119602259,0.0,0.0,0.16951981248403575,0.8976861893750001,1.2641623480598414,0.0,0.0,1.77801599625,9,2,1,0,8.773292404681847,2.647262290245646,4.23251324635571,12.614161793171471,9.310970740986903,7.43291364285189,10.942423903874637,523.5968686887303,192.39531395103654,226.44417099406647,931.4097058256756,509.29094701978636,450.12928719085227,619.4111781084016,1283.7208163344417,471.70234249619335,555.1811201061441,2283.569859572947,1248.6464861741692,1103.5977687486854,1518.6321209279422,1.122452242656467,0.3897756486176943,1.0,2.6547397192772317,1.0,1.0,1.0313275893977585,2.0125213024509603,1.294577049776111,1.0,6.508718526374538,1.5679584053508884,1.243996844077202,2.5285420409131234,1.8152644767105157,1.3209962338786723,0.5900718168396182,5.075332040686799,1.1606529456402186,0.9093369351568368,2.7836405230232533,0.8890306966718984,0.6319122556448001,0.1884417956825411,2.493038916116181,0.6463234136603369,0.48335528027247987,1.3267365580581347,0.9262337800386171,0.6969905074401217,0.320367406093761,2.582293124570618,0.554868302625622,0.4112156912903213,1.4569039649651185,2.7042951733824143,1.9501006461333812,0.7785136125221592,7.56837095680298,1.825574086077526,1.4983064642199126,4.110377081081388,1.6561399531978411,1.3469610868250002,0.5198152676366837,5.6534965898403815,1.2126481936529778,0.7638829335799708,2.191807769310436,0.8868145442765191,0.6695262675243376,0.20729462332300788,2.931813568947852,0.7263248160173817,0.47581971388899935,1.1082785794607437,1.7140952079221305,1.2744763858207806,0.6598674551972286,5.65993452753717,1.1321959203918224,0.7982709205049352,2.411018250143273,0.9256271007905957,0.7169897975856561,0.18464978658792486,2.761095710325901,0.6173607880357969,0.4291214296783987,1.0182086127758305,6.458169949923658,1.9523676232770357,3.184277220289469,9.623191930035611,6.7444411660783565,5.024429016413104,7.942690632872362,1.0924276447569918,0.5457216927691049,0.22555150789439943,2.2415613859386956,1.0503630930173373,0.7330369109914185,1.4170606351707635,2.31512245475819,1.278866904523788,0.3790348767782845,5.2580225582297615,2.0355355681597667,1.4295816782609787,3.3447041185540876,0.2995345909303159,0.2025762836595644,0.022750412112332804,0.7177490234936951,0.2509953103995609,0.1567131159166589,0.4593540945080946,233.20622516623462,118.11102405829804,65.12207068930486,505.14745603625636,209.03337918283648,139.36220749488044,299.6616681928675,0.38703249812915974,0.1849354387052856,0.16467701895885054,0.8140228003417684,0.38233066447522296,0.22763701194052952,0.4350879416596589,0.7071067811865476,-0.7071067811865475,0.9749279121818236,-0.22252093395631434
user_06_direct_s204,user_06,direct,2026-01-01T20:33:01.510036654,2026-01-01T20:38:02.113179764,300.603143,18,285.9894926786716,14.613650441,0.9513855704385352,1.5316156822323213,42374.153130975246,88.90137004650495,140.96377272733721,0.29574331512064383,0.0,0.0,0.05069394001027865,0.8596264965294118,0.9514364109141991,0.388979722,0.090228046,1.652801999,20,3,0,0,15.888305148815087,2.415529971276533,11.905896233833634,21.788173786528308,15.609628254564722,14.339419229980813,17.435154810858236,1424.231391312026,549.0213605199858,461.9387313119324,2367.4222510611285,1384.0156391696655,1055.6300578834714,1939.9374121628784,929.8882270754873,358.45895735396897,301.6022470066767,1545.7025404771402,903.6311492661595,689.2264620488193,1266.5954225118865,2.972699087567359,1.617434861825343,1.2099906735304922,6.527093732468939,2.4457829215201228,1.8374515063106998,3.424237517883954,1.9662659150162487,1.030768231562073,1.0,4.2615741064728025,1.5968646377108178,1.199681831171005,2.235702831726785,2.065425795520838,0.9093865125848422,1.1122866351431282,3.844930506503646,1.6696215771498883,1.31974676677516,2.9607512160061478,1.065419247562453,0.4810687102214906,0.5374046673397986,2.010658774944422,0.8365541765268006,0.7276713546134608,1.3648941140684867,1.0000065479583848,0.4524204681075631,0.384459232086498,1.834271731559224,0.7957994167682381,0.6185777400324538,1.422677379453571,3.130845043083291,1.3828006315040908,1.649691302482927,5.855589281448068,2.531915402510833,1.9911842480252488,4.337565773427404,2.098702481081625,0.9111226056766661,1.1440120992949883,4.035404704570156,1.849173652378411,1.3437225086832454,2.791814917099856,1.053586824988632,0.5141390145147282,0.40401808088192254,2.011973924605159,0.9316069413404886,0.6538997387514116,1.5856446065167091,2.0329955090406013,0.9675875179934854,0.8265148275445839,3.7681550078285864,1.8355051743675745,1.235705221896367,2.6474205089897813,1.1111620038170855,0.5613313513925409,0.4301134156942349,2.3918159257640426,0.9044836179349386,0.6970115240538797,1.3446370523212048,12.066626723352893,2.7201669300311773,8.697290115397891,17.851398103732127,11.615368772762913,9.725785802653498,13.63089426911974,1.8983942442697115,0.9467342093829056,0.9188826902517623,4.2975467897474084,1.5111620545369693,1.3748059329383149,2.0676559516137134,3.8216784254621925,1.51931429115643,0.9572157251998767,6.589309295742389,3.414022163827582,2.8996100183228926,4.936405010616916,0.5755283970397925,0.29794992211647425,0.11145184438162475,1.377384792261887,0.5710537563793063,0.35372161877263364,0.7838992095779072,153.76465365946396,67.21924053799293,48.99603145124736,273.90367521807724,147.46463797797995,99.72156954399864,206.02181568371992,0.31248543629082176,0.15733550806504693,0.09179291571635094,0.596803583568823,0.2892653996586977,0.2034203264910644,0.37899152078407816,-0.8660254037844386,0.5000000000000001,0.43388373911755823,-0.900968867902419
user_06_direct_s205,user_06,direct,2026-01-02T11:30:00.455042255,2026-01-02T11:34:54.455819783,294.000777,18,268.33265574105747,25.668121797,0.9126936958437271,1.5316156822323215,47089.77578413015,104.12122382014414,160.1688820847237,0.35415288654201116,0.0,0.0,0.13022019549845248,1.5098895174705884,1.9619995966618655,0.914344986,0.563848157,1.419447418,11,4,0,0,14.907369763392081,1.4842342802280577,11.920432778683676,18.230802898478558,15.151247907284601,13.91535764057154,15.601785666412194,1582.7274865955417,672.4855043760281,700.732219877117,3923.496809551409,1403.592940118113,1198.0656133291855,1783.8946385592963,1033.3711680783556,439.06935152027444,457.51178184321236,2561.6718704740174,916.4132728599278,782.2233914339472,1164.7142682420692,3.4913009747325146,2.9359988200562195,1.2099906735304922,13.220722696597537,2.3008881403271575,1.8688367094205782,3.7041214618024334,2.2932114597199376,1.9070363550236602,1.0,8.631879948714289,1.5022620667957807,1.2201733966948933,2.418440542736998,2.554019554429918,1.9316133598740068,1.0439457098295148,9.016795285451717,1.9466100022980037,1.566227502543237,2.398777374366753,1.3174366687741026,0.9767595063420706,0.3558155850749144,4.519813607377951,1.0341632986450984,0.7677349961366098,1.2695005350513757,1.2365828856558152,0.9642933570102629,0.47609866322291117,4.496981678073767,0.9477124592135261,0.780440222177463,1.1292768393153771,3.871456223204021,2.9052567756004954,1.3997612949044291,13.536608892829669,2.923824977207702,2.35481061804067,3.6682779094181286,2.5901023322256225,2.3654393588716895,0.8033362122823724,10.744219577265268,1.910249309978664,1.352584180232525,2.3381373621091948,1.347343221440291,1.2157054935261746,0.39427272459994317,5.78780778242545,0.9726785129029492,0.7805491649458427,1.184649407790958,2.440397642310322,2.03310506760393,0.7724704321340196,8.747723468649014,1.8097180679778457,1.4625795984825507,2.2296545828158005,1.4036011300256623,1.162773453270262,0.34300266560783094,4.838133553259257,1.0489049808952708,0.708971519976914,1.4626435596091067,10.97356489817536,1.7173956428229828,7.398457561976389,14.10165476548387,11.147905004525839,9.806272020542611,12.106451959732805,1.6159416176618608,0.6423979131324332,0.5176343297361178,3.2317000068458888,1.6475464318910207,1.123235732373444,2.0221929153563543,3.9338048652167226,1.7594931467343091,1.1150763407826005,6.14818116928134,3.7824652078248953,2.4364870588861427,5.838242332010684,0.4993679492422718,0.2914436615597073,0.11892267970549798,1.239345756739462,0.4428052055753243,0.2869704841233169,0.624646413678628,180.6712402786837,89.50928929404871,71.0842009114453,489.45307048902623,151.78117281567,128.47944770764957,214.60418366954718,0.4021420924218044,0.3632513998632877,0.12274477710372697,1.6492745201629135,0.24342112535269841,0.20003910000851582,0.41235722216312276,0.258819045102521,-0.9659258262890682,-0.433883739117558,-0.9009688679024191
user_06_direct_s206,user_06,direct,2026-01-02T20:26:00,2026-01-02T20:32:06.496395777,366.496395,21,335.9285509086967,30.567844878000002,0.9165944208228752,1.5316156822323217,54218.87999702303,147.9786938085475,147.93837193684547,0.40376575548184446,0.0,0.0,-0.0667743295197319,1.5283922439000002,1.337053992677686,1.252663835,0.5671585962500001,2.16827511275,20,4,0,0,15.99659766231889,3.1420456871473483,9.535074689624391,21.342332504075497,15.953209268563985,12.959363777038668,18.775514009433028,1562.0080744206386,763.6121398839833,458.59742848136,3107.4891385873293,1470.0685680248923,823.8390166555829,2142.736555032749,1019.8433540090293,498.56641502326664,299.4206926720394,2028.8961353922546,959.8155627933209,537.8888622078106,1399.0040581914923,4.257113157930156,2.778583667898697,1.2099906735304922,12.13570953092291,3.2132543842254653,2.0926766735065527,5.4565916982037646,2.7894913091435334,1.8037071422447504,1.0,7.923469099790868,2.097950825067398,1.3663196961110295,3.5626376521888385,2.623193512150928,1.3836831977404838,0.7784612643807183,5.596767264484827,2.179466750267327,1.6355851251774705,3.2191338128639764,1.3142153717310532,0.720071734744387,0.45148666320058106,2.9482308379845636,1.0076107626656168,0.788226655785713,1.5938387240960203,1.3089781404198748,0.6775081968968852,0.3269746011801372,2.677888113211862,1.1718559876017103,0.7433678708484188,1.752906871391446,3.937408883881981,2.099320755128138,1.2299479275812994,8.54499810246939,3.1870775129329436,2.439312918747769,4.963275044275254,2.6204369047060316,1.5164641370417,0.759820576917917,6.489732878435085,2.3180132064280126,1.239998339453858,3.5444683389900495,1.3244576417707363,0.7902412700279261,0.34515412981008736,3.1769504789834846,1.1440004207489927,0.7245199077725166,1.6551163189658162,2.395465335159499,1.2440557655901376,0.7940341851090468,5.674601582570224,1.9270610082384867,1.4930235857724077,3.0294193970528025,1.3018946218142329,0.7476426395719648,0.3374187156006775,3.002605989115216,1.0360305662967424,0.8003377899886778,1.7275640940272656,12.329764963644731,2.673544542428599,6.873675076336525,17.200611547189048,12.099727840335966,10.634445785022029,14.016361262237245,1.714433496410661,0.8637201004139888,0.4529120939997634,3.99273766439218,1.6423343911719814,1.0140381046785096,2.3767268331593647,3.666832698674164,2.140409232195605,0.8484748084701881,8.668827345973137,2.8958197397855745,2.0637139923862122,4.980610541965623,0.5685695421962921,0.38384334327348757,0.09317832178040027,1.3442017671440893,0.49678798491572285,0.23118576397143448,0.8413100304803152,172.42397705621886,103.79159038296174,45.06621790066524,412.0904179539844,159.28263363560666,89.5122397026609,211.37908826829215,0.4828729067321931,0.3933268198580864,0.11890538403512713,1.609340979077289,0.3430522889303449,0.21193638321127437,0.5972409667566273,-0.8660254037844386,0.5000000000000001,-0.433883739117558,-0.9009688679024191
user_06_direct_s207,user_06,direct,2026-01-03T11:58:01.229398104,2026-01-03T12:01:05.666659160,184.437261,11,170.76336011665012,13.673900945,0.9258615053747199,1.5316156822323217,19992.09592869691,42.773500877010385,108.39510313860553,0.23191355502189107,0.0,0.0,0.16966032064155534,1.3673900945,1.9261778957868259,0.4133519585,0.092248251,1.2542113995,11,5,0,0,15.523941828786375,3.0669879315274016,8.366882946432847,21.069764536115777,15.447532426967975,14.494079253827792,17.35684627537533,1099.5568008204627,380.7112561796027,730.8406633204767,2205.5067775477405,947.0356866342898,892.3848238751214,1166.2229804747847,717.9064654247105,248.56839780114956,477.1697442110807,1439.9870692974537,618.3246212613795,582.6427831911953,761.4331676044351,2.332628833555674,0.9072064850825842,1.2099906735304922,3.8502499025258548,2.0432587039607104,1.79841388753454,2.9546255131450607,1.5558712461725428,0.5561132385732233,1.0,2.51384857650069,1.3340544417661429,1.1741939628832747,1.9290906638137253,2.504831251638264,1.7928969541201472,0.9443211318880291,6.641878988390408,1.8030268377973484,1.4607893819362756,2.2575854801395736,1.2687955910749003,0.8473767092869929,0.5768135160972012,3.207027123333739,0.9232828062291696,0.7775046966275982,1.072220178905523,1.2360356605633642,0.9494953542065464,0.3675076157908279,3.434851865056669,0.8797440315681788,0.6517068190855495,1.1907374593732265,3.773626842713164,2.638846741175185,1.5211346479852303,9.848906111724148,2.726309644026518,2.2250981623113244,3.3244335009059207,2.480113072823377,1.8133352291117808,0.9774590157729168,6.410645379718154,1.8257651269091808,1.4819884242597774,2.2506093186741376,1.223453562888073,0.837871273820885,0.5760929493365841,3.414724088843854,0.8522376302747396,0.8074996692533819,1.1354831927282916,2.401048937315291,2.1484901802580283,0.8949810275868126,7.492257784636764,1.3657603221104104,1.2661548834532592,1.9284306350009603,1.270627221579454,0.74785656966786,0.5691231697573627,2.797322357140251,1.0806920024196764,0.7497337770535974,1.2478609110072267,11.94110488856598,2.7079933442587776,5.633387623234256,15.235066595253885,12.256011273421674,10.554868365811664,14.274962442935347,1.6255903175807134,0.6432628584455842,0.5815460584027272,2.51339492360001,1.6594897433300282,1.0868832782595546,2.1901863580837815,3.582836940220395,1.5767825210180957,1.1989948804408002,6.768377196772256,2.772492534796557,2.7233192344842294,4.415767589021165,0.4985031293034052,0.22040591283869165,0.24807922869866145,0.9220887393689348,0.41022855773441785,0.3281645862822424,0.5929740087393658,125.67167141243031,62.424078320715445,78.2008656232136,275.4547890934413,98.74192087381505,88.8909406611931,122.06064664682717,0.25748064183020425,0.10991532733845198,0.1294705163724688,0.4808735051979885,0.20909117250751408,0.18196908722036548,0.3312687255062435,0.258819045102521,-0.9659258262890682,-0.9749279121818236,-0.2225209339563146
user_06_direct_s209,user_06,direct,2026-01-04T11:49:01.372075989,2026-01-04T11:52:51.879518477,230.507442,13,210.80700222666133,19.700440269,0.9145344740178121,1.5316156822323221,27547.4302165119,61.28136797274004,119.50776936959763,0.2658541843206088,0.0,0.0,-0.029407772358534395,1.64170335575,1.5479041056131497,1.5324109435,0.2699962735,2.34478831875,11,6,0,0,16.215923248204717,2.4109019678950885,11.641097441881794,20.10275883506828,16.413960909166853,15.194906155940922,17.393230658381814,1282.0051400658258,337.845308797276,828.2378174307536,2071.6272261867416,1279.6433590954764,1105.9235457695877,1461.2407807005416,837.0279535120128,220.5809934675442,540.7608625576369,1352.5764003456507,835.4859341936242,722.0633469603222,954.051853641764,2.825253793775436,1.313891694602727,1.2099906735304922,5.433202313050934,2.8574716788043166,1.5129390545960801,3.737331230120422,1.8886975887430286,0.8069608997684204,1.0,3.5473665986052527,1.865658410234849,1.0,2.4401233765596353,2.6912993829342917,1.5946653654308733,1.035103306892371,6.765293731556462,2.602830375117722,1.2026359813445375,3.4338650428530255,1.328840640487358,0.8256605715071549,0.4689036804699017,3.363662184917696,1.256314695855519,0.6450352697689363,1.7046920334326878,1.3624587424469339,0.7772433132924486,0.39006803712343463,3.4016315466387663,1.2889023912660473,0.6846042902102455,1.7291730094203377,4.02014002342165,2.4176928766976964,1.5584080759831784,10.128955916474158,3.8591450709732413,1.7206676724788297,5.138557076285713,2.7026379031077252,1.6748774082724247,0.7552417944619673,6.19222259489291,2.597546562288491,1.148483197673975,3.6767812619844,1.44836821460214,1.0895328369974084,0.39679990895676237,4.07931550726284,1.2713768251116682,0.5831730027589015,2.013898832268239,2.8764122640002636,2.006825987900007,0.8649335575782077,8.046016127401254,2.555793077059036,1.0996723935727273,3.7048908780109295,1.3309187768583326,0.9235180004982844,0.37556102527689633,3.949809253253519,1.116957867976126,0.6409254394174457,1.5923801586148154,12.724781129237632,3.219990943111022,7.226623393056679,18.576735509994247,12.531938929737782,10.78752323129921,14.920343969984149,2.079073597358492,1.0921177973802354,0.4780631235143357,4.482801335116603,1.983882171907743,1.3246563473730202,2.5857850861376614,3.4911421189670864,1.9457198363340114,1.2693641305869345,7.543763548301039,2.590298301670831,2.2048715329082533,4.753906484187928,0.5039782701888517,0.3285998539925684,0.11687489377434324,1.1450818449881908,0.39077285304665593,0.2498422425823483,0.7440432906670799,133.00700429942214,35.435737914670106,69.26286972622098,196.86990265274642,139.42275132986813,111.36781078289381,154.32292143101049,0.29831016204649996,0.15020893170344468,0.09948883217516881,0.5548420602031281,0.2742097831997075,0.17743040033960839,0.4057289368652229,0.258819045102521,-0.9659258262890682,-0.7818314824680299,0.6234898018587334
user_06_direct_s211,user_06,direct,2026-01-05T11:50:00,2026-01-05T11:53:08.999817977,188.999817,12,181.25785804740195,7.7419599340000005,0.9590372145566783,1.5316156822323215,29650.524133315277,62.227815956905886,156.8812319713266,0.3292480222713966,0.0,0.0,-0.07873862060610291,0.7038145394545455,0.6010697504193044,0.830536337,0.0,1.2706089564999998,11,0,0,0,15.104821503950163,2.5267194965955695,9.886459645251716,18.302575290049596,15.159904154913857,14.157348038455325,17.243159700568278,1494.869069441761,680.5394536942858,720.5913280526858,2746.4427865467014,1395.383734566806,784.2120630707282,1982.2150946225775,976.0079416678454,444.3278177345398,470.47789886979206,1793.1670577724672,911.0534390278908,512.0162140986591,1294.1987455583567,3.1161209762094795,2.338320312977919,1.2099906735304922,10.031629846343057,2.51053317903529,1.7740306362596532,2.9412887755840265,2.069530353532678,1.4999433052885731,1.0,6.549704317288009,1.639140424167113,1.1582740088388312,1.9203830371448756,1.8032469183034605,0.6651098663239485,0.8071221149547474,2.7635036380934834,1.9547206465454465,1.1647119652527655,2.3514498759412343,0.9477325634103716,0.3315704538103516,0.5012497480838705,1.3371802585796315,1.0262816403823423,0.552635394870576,1.2901744578225496,0.855514354893089,0.35428935596922867,0.28984825928880276,1.426323379513852,0.8838852840845838,0.5450093515620174,1.0566563099338206,2.7509794817138324,0.9894944428797138,1.324395970620692,4.1006838966731145,3.0224964363225117,1.6919886546992107,3.6462434419486485,1.8434760211559196,0.6650678962862024,0.7538066971973503,2.8533814847310355,1.9131088368167668,1.2438126855467124,2.3342978860720667,0.9649543337963866,0.4111297195108841,0.38056251593375007,1.70654673168292,0.9755806231277417,0.5894808022599376,1.2292773249225426,1.8533734444110017,0.7046953696879846,0.8677173024891516,2.851184517192582,2.1381057881701926,1.1120767637669884,2.3441091532930454,1.041585727390502,0.44119590179447327,0.3799248617066697,1.6534332702616037,0.9958155208459093,0.646677045568175,1.4691681992899783,10.812039217635885,2.527932793599459,5.691498482714641,15.583135160815583,10.36560132867611,9.42904602522868,12.295007143412791,1.5794100093983567,0.6028499470928655,0.844438206989582,3.219823490169286,1.4462762483689726,1.2738699571793546,1.7980762358685638,4.29278228631428,2.166864943020636,1.3385029309848253,7.792325303640755,4.160270621358003,2.4088471567387253,6.145439075401892,0.6652634200990677,0.37123958993498785,0.09412499872902218,1.4396200029085833,0.6781905638470824,0.3908625213389283,0.9124209867305745,165.5844009073253,75.38132106290074,70.40630830759837,289.58132186420653,139.10134822638963,114.59924029840293,242.62868566886016,0.3426849295781887,0.2419916387410793,0.11305456221593027,1.0577218814046656,0.2918025651466474,0.21075933861111112,0.3455337906466495,0.258819045102521,-0.9659258262890682,0.0,1.0
user_06_direct_s212,user_06,direct,2026-01-07T11:34:02.273870346,2026-01-07T11:38:19.417763850,257.143893,15,233.1829188449129,23.960974667,0.9068188092062249,1.531615682232322,35473.31056680758,68.63827486919537,137.95120760191486,0.26692554922622785,0.0,0.0,0.0369331042288832,1.7114981905,1.8427682846852418,0.9691081880000001,0.039076322,2.98313982825,11,2,0,0,15.545527922994193,2.9781097552715865,9.681707316079628,22.027024570753632,15.838178695228667,13.686663390049329,16.63936017478195,1430.7458315029278,517.2133828653383,457.80134152991866,2749.9643365848156,1302.0796385029003,1126.8467647772086,1742.936632970956,934.1415396175777,337.6913600881277,298.9009232803595,1795.466296464631,850.1346999823913,735.7242275913729,1137.9725692222182,2.745671966707982,1.2741639634624635,1.2099906735304922,5.1708605820013185,2.2501450330193653,1.7681937598918855,4.090246095017394,1.8302130245717094,0.7899586032173266,1.0,3.376082291391021,1.4691316229798526,1.1544630813095051,2.670543363107827,2.859404379930889,1.770710642213673,0.9019524442597115,7.349370863190844,2.339132885745963,1.3723366096466267,4.043877824578891,1.3885887217276844,0.9314548425125067,0.2470995966890299,3.8119752500650996,1.161534164554427,0.6628486518747034,1.9789090871498498,1.4708156582032044,0.8529373596227047,0.5893646361367393,3.537395613125744,1.177598721191536,0.6691403378734999,2.018744812549065,4.247993101658573,2.6978781411949213,1.1490520409487415,11.161346113255943,3.50066705030039,2.0826203110428554,5.982046000428664,2.955354906165831,1.9680371175903801,0.8823671019033926,7.584495889034054,1.8130637218087893,1.2156695637541786,4.320542073574984,1.392908046443819,0.9195475745512655,0.181325719777012,3.3857632641891837,1.0650460022995196,0.5827934612458154,1.820852072191239,2.682941769192505,1.7778843486311826,0.7584530939407967,7.715604282728566,1.7405286078511537,1.4419993098564503,3.782352842042022,1.4262146194438685,0.9336165946291951,0.27225314998471795,3.618365232368674,1.3564581338376078,0.6649960470577021,1.9991286898617031,10.986209471849948,2.6372427856524676,5.835560189295611,14.916759713240202,11.159852374554815,9.93546972561704,13.004846656236737,1.632515380970136,0.8847400063709187,0.39746636860772716,3.044852200673811,1.607700301450813,0.8250393675595122,2.5297176651629822,4.559318451144242,1.8930856683794075,0.9336943604013435,8.067023389186582,5.099853205530277,3.2250740830068203,5.594384626221274,0.6630997462077299,0.3465601355294064,0.10366335597326426,1.1650727098513427,0.7364786822511317,0.36443021133717607,0.9599926174780997,160.52282335630417,76.36566777080867,51.54137728698892,366.3739243419857,152.36192740358132,107.56230320777794,196.69282900450327,0.30347836430076996,0.15301123776497547,0.1257730777155961,0.538075331457689,0.23183730118914472,0.18088563365548727,0.44172160061379306,0.258819045102521,-0.9659258262890682,0.9749279121818236,-0.22252093395631434
user_06_direct_s214,user_06,direct,2026-01-08T20:15:02.841515909,2026-01-08T20:15:20.045752055,17.204236,1,17.204236146288693,0.0,1.0000000085030623,1.531615682232322,2111.6385971237887,2.576021833110012,122.73945771981903,0.14973183541018686,0.0,0.0,0.0,0.0,0.0,0.0,0.0,0.0,20,3,0,0,17.204236146288693,0.0,17.204236146288693,17.204236146288693,17.204236146288693,17.204236146288693,17.204236146288693,1277.5315041933984,0.0,1277.5315041933984,1277.5315041933984,1277.5315041933984,1277.5315041933984,1277.5315041933984,834.1070929303903,0.0,834.1070929303903,834.1070929303903,834.1070929303903,834.1070929303903,834.1070929303903,1.5584811964370182,0.0,1.5584811964370182,1.5584811964370182,1.5584811964370182,1.5584811964370182,1.5584811964370182,1.0175406366729938,0.0,1.0175406366729938,1.0175406366729938,1.0175406366729938,1.0175406366729938,1.0175406366729938,4.077752305350156,0.0,4.077752305350156,4.077752305350156,4.077752305350156,4.077752305350156,4.077752305350156,2.11869011792237,0.0,2.11869011792237,2.11869011792237,2.11869011792237,2.11869011792237,2.11869011792237,1.959062187427786,0.0,1.959062187427786,1.959062187427786,1.959062187427786,1.959062187427786,1.959062187427786,6.196442423272526,0.0,6.196442423272526,6.196442423272526,6.196442423272526,6.196442423272526,6.196442423272526,3.510050612503876,0.0,3.510050612503876,3.510050612503876,3.510050612503876,3.510050612503876,3.510050612503876,1.9766617545065175,0.0,1.9766617545065175,1.9766617545065175,1.9766617545065175,1.9766617545065175,1.9766617545065175,3.5699339113333437,0.0,3.5699339113333437,3.5699339113333437,3.5699339113333437,3.5699339113333437,3.5699339113333437,2.680081818891182,0.0,2.680081818891182,2.680081818891182,2.680081818891182,2.680081818891182,2.680081818891182,9.708029441166776,0.0,9.708029441166776,9.708029441166776,9.708029441166776,9.708029441166776,9.708029441166776,1.0721035410165565,0.0,1.0721035410165565,1.0721035410165565,1.0721035410165565,1.0721035410165565,1.0721035410165565,7.496206705121917,0.0,7.496206705121917,7.496206705121917,7.496206705121917,7.496206705121917,7.496206705121917,1.1131206111515073,0.0,1.1131206111515073,1.1131206111515073,1.1131206111515073,1.1131206111515073,1.1131206111515073,122.73945667615779,0.0,122.73945667615779,122.73945667615779,122.73945667615779,122.73945667615779,122.73945667615779,0.14973183413700775,0.0,0.14973183413700775,0.14973183413700775,0.14973183413700775,0.14973183413700775,0.14973183413700775,-0.8660254037844386,0.5000000000000001,0.43388373911755823,-0.900968867902419
user_06_direct_s216,user_06,direct,2026-01-08T20:15:20.507595859,2026-01-08T20:15:32.911616022,12.40402,1,12.404020163694497,0.0,1.000000013196891,1.5316156822323221,3980.585313347142,9.861296849176071,320.9109073789902,0.7950081384241618,0.0,0.0,0.0,0.0,0.0,0.0,0.0,0.0,20,3,0,0,12.404020163694497,0.0,12.404020163694497,12.404020163694497,12.404020163694497,12.404020163694497,12.404020163694497,2408.235552171247,0.0,2408.235552171247,2408.235552171247,2408.235552171247,2408.235552171247,2408.235552171247,1572.3497611758949,0.0,1572.3497611758949,1572.3497611758949,1572.3497611758949,1572.3497611758949,1572.3497611758949,5.966038608209337,0.0,5.966038608209337,5.966038608209337,5.966038608209337,5.966038608209337,5.966038608209337,3.895258240966734,0.0,3.895258240966734,3.895258240966734,3.895258240966734,3.895258240966734,3.895258240966734,1.656007569172957,0.0,1.656007569172957,1.656007569172957,1.656007569172957,1.656007569172957,1.656007569172957,0.9663200220479391,0.0,0.9663200220479391,0.9663200220479391,0.9663200220479391,0.9663200220479391,0.9663200220479391,0.6896875471250179,0.0,0.6896875471250179,0.6896875471250179,0.6896875471250179,0.6896875471250179,0.6896875471250179,2.622327591220896,0.0,2.622327591220896,2.622327591220896,2.622327591220896,2.622327591220896,2.622327591220896,1.4123472663893974,0.0,1.4123472663893974,1.4123472663893974,1.4123472663893974,1.4123472663893974,1.4123472663893974,0.9724171461182076,0.0,0.9724171461182076,0.9724171461182076,0.9724171461182076,0.9724171461182076,0.9724171461182076,1.450095199422115,0.0,1.450095199422115,1.450095199422115,1.450095199422115,1.450095199422115,1.450095199422115,1.1434086210013137,0.0,1.1434086210013137,1.1434086210013137,1.1434086210013137,1.1434086210013137,1.1434086210013137,9.06829075820999,0.0,9.06829075820999,9.06829075820999,9.06829075820999,9.06829075820999,9.06829075820999,1.3437319326893669,0.0,1.3437319326893669,1.3437319326893669,1.3437319326893669,1.3437319326893669,1.3437319326893669,3.335729405484507,0.0,3.335729405484507,3.335729405484507,3.335729405484507,3.335729405484507,3.335729405484507,0.5643153083561109,0.0,0.5643153083561109,0.5643153083561109,0.5643153083561109,0.5643153083561109,0.5643153083561109,320.91090314396405,0.0,320.91090314396405,320.91090314396405,320.91090314396405,320.91090314396405,320.91090314396405,0.7950081279325263,0.0,0.7950081279325263,0.7950081279325263,0.7950081279325263,0.7950081279325263,0.7950081279325263,-0.8660254037844386,0.5000000000000001,0.43388373911755823,-0.900968867902419
user_06_direct_s218,user_06,direct,2026-01-08T20:15:33.117811686,2026-01-08T20:15:48.777511690,15.6597,1,15.659700004390906,0.0,1.0000000002803953,1.5316156822323215,1950.9841656305425,2.3924791204091553,124.58630533347015,0.15277937127845076,0.0,0.0,0.0,0.0,0.0,0.0,0.0,0.0,20,3,0,0,15.659700004390906,0.0,15.659700004390906,15.659700004390906,15.659700004390906,15.659700004390906,15.659700004390906,1180.3363223093127,0.0,1180.3363223093127,1180.3363223093127,1180.3363223093127,1180.3363223093127,1180.3363223093127,770.6478433212299,0.0,770.6478433212299,770.6478433212299,770.6478433212299,770.6478433212299,770.6478433212299,1.3924791204091551,0.0,1.3924791204091551,1.3924791204091551,1.3924791204091551,1.3924791204091551,1.3924791204091551,1.0,0.0,1.0,1.0,1.0,1.0,1.0,1.2335647847132467,0.0,1.2335647847132467,1.2335647847132467,1.2335647847132467,1.2335647847132467,1.2335647847132467,0.39761824874119567,0.0,0.39761824874119567,0.39761824874119567,0.39761824874119567,0.39761824874119567,0.39761824874119567,0.835946535972051,0.0,0.835946535972051,0.835946535972051,0.835946535972051,0.835946535972051,0.835946535972051,1.6311830334544424,0.0,1.6311830334544424,1.6311830334544424,1.6311830334544424,1.6311830334544424,1.6311830334544424,1.3396666742800922,0.0,1.3396666742800922,1.3396666742800922,1.3396666742800922,1.3396666742800922,1.3396666742800922,0.38980400395384157,0.0,0.38980400395384157,0.38980400395384157,0.38980400395384157,0.38980400395384157,0.38980400395384157,1.1058912874760223,0.0,1.1058912874760223,1.1058912874760223,1.1058912874760223,1.1058912874760223,1.1058912874760223,0.3248922141093546,0.0,0.3248922141093546,0.3248922141093546,0.3248922141093546,0.3248922141093546,0.3248922141093546,9.390834899422403,0.0,9.390834899422403,9.390834899422403,9.390834899422403,9.390834899422403,9.390834899422403,0.5174776827464587,0.0,0.5174776827464587,0.5174776827464587,0.5174776827464587,0.5174776827464587,0.5174776827464587,6.268865104968503,0.0,6.268865104968503,6.268865104968503,6.268865104968503,6.268865104968503,6.268865104968503,1.230589383519042,0.0,1.230589383519042,1.230589383519042,1.230589383519042,1.230589383519042,1.230589383519042,124.58630529853674,0.0,124.58630529853674,124.58630529853674,124.58630529853674,124.58630529853674,124.58630529853674,0.14697830231786313,0.0,0.14697830231786313,0.14697830231786313,0.14697830231786313,0.14697830231786313,0.14697830231786313,-0.8660254037844386,0.5000000000000001,0.43388373911755823,-0.900968867902419
user_06_direct_s220,user_06,direct,2026-01-08T20:15:51.162286270,2026-01-08T20:16:05.195917564,14.033631,1,14.03363129452233,0.0,1.0000000209868942,1.5316156822323217,2893.2154192884136,4.421621060439498,206.16299653941405,0.3150732023978326,0.0,0.0,0.0,0.0,0.0,0.0,0.0,0.0,20,3,0,0,14.03363129452233,0.0,14.03363129452233,14.03363129452233,14.03363129452233,14.03363129452233,14.03363129452233,1750.3818369267965,0.0,1750.3818369267965,1750.3818369267965,1750.3818369267965,1750.3818369267965,1750.3818369267965,1142.8335823616171,0.0,1142.8335823616171,1142.8335823616171,1142.8335823616171,1142.8335823616171,1142.8335823616171,2.675060122508899,0.0,2.675060122508899,2.675060122508899,2.675060122508899,2.675060122508899,2.675060122508899,1.746560937930599,0.0,1.746560937930599,1.746560937930599,1.746560937930599,1.746560937930599,1.746560937930599,3.483337177269732,0.0,3.483337177269732,3.483337177269732,3.483337177269732,3.483337177269732,3.483337177269732,1.736187610369022,0.0,1.736187610369022,1.736187610369022,1.736187610369022,1.736187610369022,1.736187610369022,1.74714956690071,0.0,1.74714956690071,1.74714956690071,1.74714956690071,1.74714956690071,1.74714956690071,5.219524787638754,0.0,5.219524787638754,5.219524787638754,5.219524787638754,5.219524787638754,5.219524787638754,2.653574071100213,0.0,2.653574071100213,2.653574071100213,2.653574071100213,2.653574071100213,2.653574071100213,1.7487922004799479,0.0,1.7487922004799479,1.7487922004799479,1.7487922004799479,1.7487922004799479,1.7487922004799479,2.7194369004529695,0.0,2.7194369004529695,2.7194369004529695,2.7194369004529695,2.7194369004529695,2.7194369004529695,1.8081395403888498,0.0,1.8081395403888498,1.8081395403888498,1.8081395403888498,1.8081395403888498,1.8081395403888498,8.908744184710333,0.0,8.908744184710333,8.908744184710333,8.908744184710333,8.908744184710333,8.908744184710333,0.9287162975922998,0.0,0.9287162975922998,0.9287162975922998,0.9287162975922998,0.9287162975922998,0.9287162975922998,5.124887109811997,0.0,5.124887109811997,5.124887109811997,5.124887109811997,5.124887109811997,5.124887109811997,0.547448218223446,0.0,0.547448218223446,0.547448218223446,0.547448218223446,0.547448218223446,0.547448218223446,206.16299221269313,0.0,206.16299221269313,206.16299221269313,206.16299221269313,206.16299221269313,206.16299221269313,0.31507319578542475,0.0,0.31507319578542475,0.31507319578542475,0.31507319578542475,0.31507319578542475,0.31507319578542475,-0.8660254037844386,0.5000000000000001,0.43388373911755823,-0.900968867902419
user_06_direct_s222,user_06,direct,2026-01-08T20:16:05.484192630,2026-01-08T20:16:21.287287274,15.803094,1,15.803094644063322,0.0,1.0000000407555205,1.531615682232322,1737.9464665486291,3.7547270458998856,109.97507618119775,0.23759442587001542,0.0,0.0,0.0,0.0,0.0,0.0,0.0,0.0,20,3,0,0,15.803094644063322,0.0,15.803094644063322,15.803094644063322,15.803094644063322,15.803094644063322,15.803094644063322,1051.4495078095574,0.0,1051.4495078095574,1051.4495078095574,1051.4495078095574,1051.4495078095574,1051.4495078095574,686.4969587390717,0.0,686.4969587390717,686.4969587390717,686.4969587390717,686.4969587390717,686.4969587390717,2.271592353595779,0.0,2.271592353595779,2.271592353595779,2.271592353595779,2.271592353595779,2.271592353595779,1.4831346923041067,0.0,1.4831346923041067,1.4831346923041067,1.4831346923041067,1.4831346923041067,1.4831346923041067,1.5655310777583615,0.0,1.5655310777583615,1.5655310777583615,1.5655310777583615,1.5655310777583615,1.5655310777583615,0.9514837902589981,0.0,0.9514837902589981,0.9514837902589981,0.9514837902589981,0.9514837902589981,0.9514837902589981,0.6140472874993634,0.0,0.6140472874993634,0.6140472874993634,0.6140472874993634,0.6140472874993634,0.6140472874993634,2.51701486801736,0.0,2.51701486801736,2.51701486801736,2.51701486801736,2.51701486801736,2.51701486801736,1.831262582128304,0.0,1.831262582128304,1.831262582128304,1.831262582128304,1.831262582128304,1.831262582128304,1.1683146127453858,0.0,1.1683146127453858,1.1683146127453858,1.1683146127453858,1.1683146127453858,1.1683146127453858,1.2029172536104031,0.0,1.2029172536104031,1.2029172536104031,1.2029172536104031,1.2029172536104031,1.2029172536104031,1.1466340870216407,0.0,1.1466340870216407,1.1466340870216407,1.1466340870216407,1.1466340870216407,1.1466340870216407,13.392605961689396,0.0,13.392605961689396,13.392605961689396,13.392605961689396,13.392605961689396,13.392605961689396,2.000110765857524,0.0,2.000110765857524,2.000110765857524,2.000110765857524,2.000110765857524,2.000110765857524,2.4104886823739253,0.0,2.4104886823739253,2.4104886823739253,2.4104886823739253,2.4104886823739253,2.4104886823739253,0.24508289566193955,0.0,0.24508289566193955,0.24508289566193955,0.24508289566193955,0.24508289566193955,0.24508289566193955,109.97507169910646,0.0,109.97507169910646,109.97507169910646,109.97507169910646,109.97507169910646,109.97507169910646,0.23759441618673133,0.0,0.23759441618673133,0.23759441618673133,0.23759441618673133,0.23759441618673133,0.23759441618673133,-0.8660254037844386,0.5000000000000001,0.43388373911755823,-0.900968867902419
user_06_direct_s224,user_06,direct,2026-01-08T20:16:22.400650384,2026-01-08T20:16:38.762458617,16.361808,1,16.361808233100735,0.0,1.0000000142466368,1.531615682232322,1542.3327637193781,4.391438006894796,94.26420134739254,0.26839564471694055,0.0,0.0,0.0,0.0,0.0,0.0,0.0,0.0,20,3,0,0,16.361808233100735,0.0,16.361808233100735,16.361808233100735,16.361808233100735,16.361808233100735,16.361808233100735,933.1041297904779,0.0,933.1041297904779,933.1041297904779,933.1041297904779,933.1041297904779,933.1041297904779,609.2286339289002,0.0,609.2286339289002,609.2286339289002,609.2286339289002,609.2286339289002,609.2286339289002,2.656799515865018,0.0,2.656799515865018,2.656799515865018,2.656799515865018,2.656799515865018,2.656799515865018,1.7346384910297776,0.0,1.7346384910297776,1.7346384910297776,1.7346384910297776,1.7346384910297776,1.7346384910297776,2.1187776171035266,0.0,2.1187776171035266,2.1187776171035266,2.1187776171035266,2.1187776171035266,2.1187776171035266,1.1185057656146669,0.0,1.1185057656146669,1.1185057656146669,1.1185057656146669,1.1185057656146669,1.1185057656146669,1.0002718514888598,0.0,1.0002718514888598,1.0002718514888598,1.0002718514888598,1.0002718514888598,1.0002718514888598,3.2372833827181937,0.0,3.2372833827181937,3.2372833827181937,3.2372833827181937,3.2372833827181937,3.2372833827181937,2.0217601468544326,0.0,2.0217601468544326,2.0217601468544326,2.0217601468544326,2.0217601468544326,2.0217601468544326,1.2213435339888237,0.0,1.2213435339888237,1.2213435339888237,1.2213435339888237,1.2213435339888237,1.2213435339888237,2.388046131935437,0.0,2.388046131935437,2.388046131935437,2.388046131935437,2.388046131935437,2.388046131935437,1.186222097522379,0.0,1.186222097522379,1.186222097522379,1.186222097522379,1.186222097522379,1.186222097522379,13.894143497416758,0.0,13.894143497416758,13.894143497416758,13.894143497416758,13.894143497416758,13.894143497416758,2.4729115455027575,0.0,2.4729115455027575,2.4729115455027575,2.4729115455027575,2.4729115455027575,2.4729115455027575,2.467664735683977,0.0,2.467664735683977,2.467664735683977,2.467664735683977,2.467664735683977,2.467664735683977,0.34222920145126867,0.0,0.34222920145126867,0.34222920145126867,0.34222920145126867,0.34222920145126867,0.34222920145126867,94.26420000444473,0.0,94.26420000444473,94.26420000444473,94.26420000444473,94.26420000444473,94.26420000444473,0.26839564089320533,0.0,0.26839564089320533,0.26839564089320533,0.26839564089320533,0.26839564089320533,0.26839564089320533,-0.8660254037844386,0.5000000000000001,0.43388373911755823,-0.900968867902419
user_06_direct_s226,user_06,direct,2026-01-08T20:16:42.118201740,2026-01-08T20:16:57.935711461,15.817509,1,15.817509721777165,0.0,1.0000000456315319,1.5316156822323215,3455.576013915906,5.2868084066151475,218.46524720902048,0.33423773658767303,0.0,0.0,0.0,0.0,0.0,0.0,0.0,0.0,20,3,0,0,15.817509721777165,0.0,15.817509721777165,15.817509721777165,15.817509721777165,15.817509721777165,15.817509721777165,2090.60737425696,0.0,2090.60737425696,2090.60737425696,2090.60737425696,2090.60737425696,2090.60737425696,1364.968639658946,0.0,1364.968639658946,1364.968639658946,1364.968639658946,1364.968639658946,1364.968639658946,3.198494432373465,0.0,3.198494432373465,3.198494432373465,3.198494432373465,3.198494432373465,3.198494432373465,2.0883139742416823,0.0,2.0883139742416823,2.0883139742416823,2.0883139742416823,2.0883139742416823,2.0883139742416823,4.509419432589376,0.0,4.509419432589376,4.509419432589376,4.509419432589376,4.509419432589376,4.509419432589376,2.194823812005841,0.0,2.194823812005841,2.194823812005841,2.194823812005841,2.194823812005841,2.194823812005841,2.314595620583535,0.0,2.314595620583535,2.314595620583535,2.314595620583535,2.314595620583535,2.314595620583535,6.704243244595217,0.0,6.704243244595217,6.704243244595217,6.704243244595217,6.704243244595217,6.704243244595217,4.125479299587133,0.0,4.125479299587133,4.125479299587133,4.125479299587133,4.125479299587133,4.125479299587133,2.526040904782495,0.0,2.526040904782495,2.526040904782495,2.526040904782495,2.526040904782495,2.526040904782495,3.251759317364144,0.0,3.251759317364144,3.251759317364144,3.251759317364144,3.251759317364144,3.251759317364144,2.0003805253823477,0.0,2.0003805253823477,2.0003805253823477,2.0003805253823477,2.0003805253823477,2.0003805253823477,11.715310431048978,0.0,11.715310431048978,11.715310431048978,11.715310431048978,11.715310431048978,11.715310431048978,2.5717310912286937,0.0,2.5717310912286937,2.5717310912286937,2.5717310912286937,2.5717310912286937,2.5717310912286937,4.102199290728187,0.0,4.102199290728187,4.102199290728187,4.102199290728187,4.102199290728187,4.102199290728187,0.6785927812974272,0.0,0.6785927812974272,0.6785927812974272,0.6785927812974272,0.6785927812974272,0.6785927812974272,218.46523724011703,0.0,218.46523724011703,218.46523724011703,218.46523724011703,218.46523724011703,218.46523724011703,0.3342377213358938,0.0,0.3342377213358938,0.3342377213358938,0.3342377213358938,0.3342377213358938,0.3342377213358938,-0.8660254037844386,0.5000000000000001,0.43388373911755823,-0.900968867902419
user_06_direct_s228,user_06,direct,2026-01-08T20:17:00.794127043,2026-01-08T20:17:14.514405328,13.720278,1,13.720278285934183,0.0,1.0000000208402615,1.5316156822323215,1925.8007373426553,2.4161785731154497,140.36164116664804,0.17610274173128632,0.0,0.0,0.0,0.0,0.0,0.0,0.0,0.0,20,3,0,0,13.720278285934183,0.0,13.720278285934183,13.720278285934183,13.720278285934183,13.720278285934183,13.720278285934183,1165.100465631379,0.0,1165.100465631379,1165.100465631379,1165.100465631379,1165.100465631379,1165.100465631379,760.7002717112764,0.0,760.7002717112764,760.7002717112764,760.7002717112764,760.7002717112764,760.7002717112764,1.4161785731154497,0.0,1.4161785731154497,1.4161785731154497,1.4161785731154497,1.4161785731154497,1.4161785731154497,1.0,0.0,1.0,1.0,1.0,1.0,1.0,3.8666067613328083,0.0,3.8666067613328083,3.8666067613328083,3.8666067613328083,3.8666067613328083,3.8666067613328083,1.9939216114053384,0.0,1.9939216114053384,1.9939216114053384,1.9939216114053384,1.9939216114053384,1.9939216114053384,1.87268514992747,0.0,1.87268514992747,1.87268514992747,1.87268514992747,1.87268514992747,1.87268514992747,5.8605283727381465,0.0,5.8605283727381465,5.8605283727381465,5.8605283727381465,5.8605283727381465,5.8605283727381465,3.8060625822425806,0.0,3.8060625822425806,3.8060625822425806,3.8060625822425806,3.8060625822425806,3.8060625822425806,1.846768251616981,0.0,1.846768251616981,1.846768251616981,1.846768251616981,1.846768251616981,1.846768251616981,3.1333993503535167,0.0,3.1333993503535167,3.1333993503535167,3.1333993503535167,3.1333993503535167,3.1333993503535167,2.054099210270353,0.0,2.054099210270353,2.054099210270353,2.054099210270353,2.054099210270353,2.054099210270353,7.6503096015533885,0.0,7.6503096015533885,7.6503096015533885,7.6503096015533885,7.6503096015533885,7.6503096015533885,1.3612077565708245,0.0,1.3612077565708245,1.3612077565708245,1.3612077565708245,1.3612077565708245,1.3612077565708245,6.069968684380795,0.0,6.069968684380795,6.069968684380795,6.069968684380795,6.069968684380795,6.069968684380795,1.3413046493072314,0.0,1.3413046493072314,1.3413046493072314,1.3413046493072314,1.3413046493072314,1.3413046493072314,140.36163824147476,0.0,140.36163824147476,140.36163824147476,140.36163824147476,140.36163824147476,140.36163824147476,0.17060944564745278,0.0,0.17060944564745278,0.17060944564745278,0.17060944564745278,0.17060944564745278,0.17060944564745278,-0.8660254037844386,0.5000000000000001,0.43388373911755823,-0.900968867902419
user_06_direct_s230,user_06,direct,2026-01-08T20:17:18.084564676,2026-01-08T20:17:31.731003024,13.646438,1,13.646438348435966,0.0,1.0000000255331074,1.5316156822323221,2267.1815569082723,5.488019683872621,166.13724086155466,0.40215766809423975,0.0,0.0,0.0,0.0,0.0,0.0,0.0,0.0,20,3,0,0,13.646438348435966,0.0,13.646438348435966,13.646438348435966,13.646438348435966,13.646438348435966,13.646438348435966,1371.6342695296753,0.0,1371.6342695296753,1371.6342695296753,1371.6342695296753,1371.6342695296753,1371.6342695296753,895.547287378597,0.0,895.547287378597,895.547287378597,895.547287378597,895.547287378597,895.547287378597,3.320226316818816,0.0,3.320226316818816,3.320226316818816,3.320226316818816,3.320226316818816,3.320226316818816,2.167793367053805,0.0,2.167793367053805,2.167793367053805,2.167793367053805,2.167793367053805,2.167793367053805,4.764354436499039,0.0,4.764354436499039,4.764354436499039,4.764354436499039,4.764354436499039,4.764354436499039,2.570162391749024,0.0,2.570162391749024,2.570162391749024,2.570162391749024,2.570162391749024,2.570162391749024,2.1941920447500145,0.0,2.1941920447500145,2.1941920447500145,2.1941920447500145,2.1941920447500145,2.1941920447500145,7.334516828248063,0.0,7.334516828248063,7.334516828248063,7.334516828248063,7.334516828248063,7.334516828248063,4.2927637871549305,0.0,4.2927637871549305,4.2927637871549305,4.2927637871549305,4.2927637871549305,4.2927637871549305,1.8932582921056624,0.0,1.8932582921056624,1.8932582921056624,1.8932582921056624,1.8932582921056624,1.8932582921056624,3.778717643756247,0.0,3.778717643756247,3.778717643756247,3.778717643756247,3.778717643756247,3.778717643756247,2.9012385286395634,0.0,2.9012385286395634,2.9012385286395634,2.9012385286395634,2.9012385286395634,2.9012385286395634,9.498146750271486,0.0,9.498146750271486,9.498146750271486,9.498146750271486,9.498146750271486,9.498146750271486,1.7041654757781397,0.0,1.7041654757781397,1.7041654757781397,1.7041654757781397,1.7041654757781397,1.7041654757781397,4.14829159816448,0.0,4.14829159816448,4.14829159816448,4.14829159816448,4.14829159816448,4.14829159816448,0.3913928376889628,0.0,0.3913928376889628,0.3913928376889628,0.3913928376889628,0.3913928376889628,0.3913928376889628,166.13723661955478,0.0,166.13723661955478,166.13723661955478,166.13723661955478,166.13723661955478,166.13723661955478,0.4021576578259051,0.0,0.4021576578259051,0.4021576578259051,0.4021576578259051,0.4021576578259051,0.4021576578259051,-0.8660254037844386,0.5000000000000001,0.43388373911755823,-0.900968867902419
user_06_direct_s232,user_06,direct,2026-01-08T20:17:32.412585381,2026-01-08T20:17:45.703894088,13.291308,1,13.291308707924802,0.0,1.0000000532622373,1.5316156822323217,2244.2630269403617,3.1283997167911273,168.85193142317985,0.23537184728479146,0.0,0.0,0.0,0.0,0.0,0.0,0.0,0.0,20,3,0,0,13.291308707924802,0.0,13.291308707924802,13.291308707924802,13.291308707924802,13.291308707924802,13.291308707924802,1357.7686657735746,0.0,1357.7686657735746,1357.7686657735746,1357.7686657735746,1357.7686657735746,1357.7686657735746,886.494361166787,0.0,886.494361166787,886.494361166787,886.494361166787,886.494361166787,886.494361166787,1.8926672401963485,0.0,1.8926672401963485,1.8926672401963485,1.8926672401963485,1.8926672401963485,1.8926672401963485,1.2357324765947788,0.0,1.2357324765947788,1.2357324765947788,1.2357324765947788,1.2357324765947788,1.2357324765947788,1.7402668880436947,0.0,1.7402668880436947,1.7402668880436947,1.7402668880436947,1.7402668880436947,1.7402668880436947,0.969853390953371,0.0,0.969853390953371,0.969853390953371,0.969853390953371,0.969853390953371,0.969853390953371,0.7704134970903237,0.0,0.7704134970903237,0.7704134970903237,0.7704134970903237,0.7704134970903237,0.7704134970903237,2.7101202789970658,0.0,2.7101202789970658,2.7101202789970658,2.7101202789970658,2.7101202789970658,2.7101202789970658,1.6153327863328228,0.0,1.6153327863328228,1.6153327863328228,1.6153327863328228,1.6153327863328228,1.6153327863328228,1.003150937258769,0.0,1.003150937258769,1.003150937258769,1.003150937258769,1.003150937258769,1.003150937258769,1.7505982931278445,0.0,1.7505982931278445,1.7505982931278445,1.7505982931278445,1.7505982931278445,1.7505982931278445,0.9893716446916718,0.0,0.9893716446916718,0.9893716446916718,0.9893716446916718,0.9893716446916718,0.9893716446916718,7.9191696850985265,0.0,7.9191696850985265,7.9191696850985265,7.9191696850985265,7.9191696850985265,7.9191696850985265,1.4584973100862244,0.0,1.4584973100862244,1.4584973100862244,1.4584973100862244,1.4584973100862244,1.4584973100862244,5.372139022826276,0.0,5.372139022826276,5.372139022826276,5.372139022826276,5.372139022826276,5.372139022826276,1.3057201448952023,0.0,1.3057201448952023,1.3057201448952023,1.3057201448952023,1.3057201448952023,1.3057201448952023,168.85192242974867,0.0,168.85192242974867,168.85192242974867,168.85192242974867,168.85192242974867,168.85192242974867,0.23537183474836093,0.0,0.23537183474836093,0.23537183474836093,0.23537183474836093,0.23537183474836093,0.23537183474836093,-0.8660254037844386,0.5000000000000001,0.43388373911755823,-0.900968867902419
user_06_direct_s234,user_06,direct,2026-01-08T20:17:46.483695324,2026-01-08T20:17:59.740838324,13.257143,1,13.257143000628906,0.0,1.0000000000474392,1.5316156822323217,2777.8914280749896,5.073431075281636,209.53922184251837,0.3826941502616089,0.0,0.0,0.0,0.0,0.0,0.0,0.0,0.0,20,3,0,0,13.257143000628906,0.0,13.257143000628906,13.257143000628906,13.257143000628906,13.257143000628906,13.257143000628906,1680.6113600255187,0.0,1680.6113600255187,1680.6113600255187,1680.6113600255187,1680.6113600255187,1680.6113600255187,1097.2800680494709,0.0,1097.2800680494709,1097.2800680494709,1097.2800680494709,1097.2800680494709,1097.2800680494709,3.069402141945278,0.0,3.069402141945278,3.069402141945278,3.069402141945278,3.069402141945278,3.069402141945278,2.0040289333363583,0.0,2.0040289333363583,2.0040289333363583,2.0040289333363583,2.0040289333363583,2.0040289333363583,1.7441066547644306,0.0,1.7441066547644306,1.7441066547644306,1.7441066547644306,1.7441066547644306,1.7441066547644306,0.7702549983679435,0.0,0.7702549983679435,0.7702549983679435,0.7702549983679435,0.7702549983679435,0.7702549983679435,0.9738516563964871,0.0,0.9738516563964871,0.9738516563964871,0.9738516563964871,0.9738516563964871,0.9738516563964871,2.514361653132374,0.0,2.514361653132374,2.514361653132374,2.514361653132374,2.514361653132374,2.514361653132374,1.9211045861750935,0.0,1.9211045861750935,1.9211045861750935,1.9211045861750935,1.9211045861750935,1.9211045861750935,0.8894773909536662,0.0,0.8894773909536662,0.8894773909536662,0.8894773909536662,0.8894773909536662,0.8894773909536662,1.4074274396479924,0.0,1.4074274396479924,1.4074274396479924,1.4074274396479924,1.4074274396479924,1.4074274396479924,0.9057989260019643,0.0,0.9057989260019643,0.9057989260019643,0.9057989260019643,0.9057989260019643,0.9057989260019643,10.373094658747208,0.0,10.373094658747208,10.373094658747208,10.373094658747208,10.373094658747208,10.373094658747208,1.1728260382142814,0.0,1.1728260382142814,1.1728260382142814,1.1728260382142814,1.1728260382142814,1.1728260382142814,2.884048341881698,0.0,2.884048341881698,2.884048341881698,2.884048341881698,2.884048341881698,2.884048341881698,0.6843851516375538,0.0,0.6843851516375538,0.6843851516375538,0.6843851516375538,0.6843851516375538,0.6843851516375538,209.53922183257805,0.0,209.53922183257805,209.53922183257805,209.53922183257805,209.53922183257805,209.53922183257805,0.3826941502434542,0.0,0.3826941502434542,0.3826941502434542,0.3826941502434542,0.3826941502434542,0.3826941502434542,-0.8660254037844386,0.5000000000000001,0.43388373911755823,-0.900968867902419
user_06_direct_s236,user_06,direct,2026-01-08T20:17:59.740838324,2026-01-08T20:18:28.256908329,28.51607,2,28.516070005468354,0.0,1.000000000191764,1.5316156822323217,3247.6722888390022,8.694686132782124,113.88919612130992,0.3049047829095006,0.0,0.0,0.0,0.0,0.0,0.0,0.0,0.0,20,3,0,0,14.258035002734177,0.9684300365770948,13.289604966157082,15.226465039311272,14.258035002734177,13.77381998444563,14.742250021022723,982.4132950446549,220.77578271337376,761.6375123312811,1203.1890777580286,982.4132950446549,872.0254036879679,1092.8011864013417,641.4228493748462,144.14567915078686,497.27717022405943,785.5685285256332,641.4228493748462,569.3500097994529,713.4956889502397,2.627455570548294,1.1093420678355037,1.5181135027127899,3.7367976383837975,2.627455570548294,2.0727845366305417,3.1821266044660454,1.7198874958427677,0.7198874958427677,1.0,2.4397749916855354,1.7198874958427677,1.3599437479213838,2.0798312437641515,1.13868023534051,0.27506108752698044,0.8636191478135298,1.4137413228674907,1.13868023534051,1.00114969157702,1.2762107791040005,0.5548064045929243,0.07992452048244705,0.4748818841104772,0.6347309250753713,0.5548064045929243,0.5148441443517008,0.5947686648341478,0.5838738307475859,0.1951365670445334,0.38873726370305256,0.7790103977921193,0.5838738307475859,0.48630554722531927,0.6814421142698527,1.6934866399334345,0.3549856080094276,1.338501031924007,2.048472247942862,1.6934866399334345,1.5159938359287208,1.8709794439381482,1.2064986391901353,0.35425996184094055,0.8522386773491948,1.5607586010310759,1.2064986391901353,1.029368658269665,1.3836286201106056,0.572554535373023,0.14074975743835627,0.43180477793466676,0.7133042928113793,0.572554535373023,0.5021796566538449,0.6429294140922012,1.050146343772357,0.1634807848304033,0.8866655589419536,1.2136271286027602,1.050146343772357,0.9684059513571552,1.1318867361875586,0.5638256308691494,0.04271794490314107,0.5211076859660083,0.6065435757722905,0.5638256308691494,0.5424666584175788,0.58518460332072,8.492104033741766,0.06221178597444954,8.429892247767317,8.554315819716216,8.492104033741766,8.46099814075454,8.523209926728992,0.9061274930832766,0.040798655177440135,0.8653288379058365,0.9469261482607167,0.9061274930832766,0.8857281654945566,0.9265268206719967,5.765930968992411,1.0306418225515444,4.735289146440866,6.796572791543955,5.765930968992411,5.250610057716639,6.281251880268183,0.5155816399378421,0.007741933678045931,0.5078397062597961,0.523323573615888,0.5155816399378421,0.5117106730988191,0.519452606776865,112.67059150570299,17.941313565443984,94.729277940259,130.61190507114696,112.67059150570299,103.69993472298098,121.64124828842498,0.2972318845566114,0.10841529711837528,0.18881658743823615,0.4056471816749867,0.2972318845566114,0.2430242359974238,0.35143953311579906,-0.8660254037844386,0.5000000000000001,0.43388373911755823,-0.900968867902419
user_06_direct_s238,user_06,direct,2026-01-08T20:18:33.321683231,2026-01-08T20:52:43.727574638,2050.405891,15,248.67538742305106,1801.730503992,0.12128105391941203,1.5316156822323215,42280.02951986175,70.8843065567914,20.62032191062494,0.03457086563588663,0.0,0.0,0.5615648110583413,128.69503599942857,458.3702326898219,0.8101599905,0.0,2.305517181,20,3,0,0,16.57835916153674,2.356340504843765,12.748432152055999,20.720959938694858,17.139047803968673,14.683805827297334,18.251954788840628,1705.2813798542202,794.4592819226358,456.30551559620824,3441.2298711405574,1667.2451499600033,1060.1042287662035,2110.954561458937,1113.3872548032298,518.7066776207957,297.924290596937,2246.797229266407,1088.553198626174,692.1476719415064,1378.2534260698035,2.840204171531323,1.538003242987195,1.2099906735304922,5.799578511559495,2.1793544902154376,1.6190248517936783,3.8266448183024036,1.8854162655881042,0.9745236599551426,1.0,3.7865755612443452,1.4229121022311815,1.0786338334518233,2.4984366918501966,2.8511456419879946,2.467652540923344,0.8897388475822003,9.486513170541265,1.877544315621813,1.0865924718693822,3.376944467675302,1.4538932490969672,1.2437005672177555,0.4694715869202287,4.855179665522256,0.9643747940054409,0.5890804300453626,1.696221269969945,1.397252392891027,1.2298986983993176,0.3667160464560746,4.631333505019009,0.9131695216163721,0.5311830625807897,1.680723197705357,4.305038891084962,3.7093866769214103,1.3673897355021842,14.34169283606352,2.841919109627254,1.7122118134041198,5.0731657376452475,2.8198928915458543,2.665905086020501,0.912355783753361,10.447007076184244,1.703591969275914,1.1505957481736884,2.81022649403924,1.4842190129003305,1.351803200603165,0.40632696353146475,4.865926275131205,0.9123408251902998,0.6117912422891677,1.3915071726493569,2.632653868246556,2.023156739232231,0.8735836889706611,7.22931568279758,2.047620235601884,1.0541320299684447,3.2723875207459354,1.4337704311920294,1.1378435068191723,0.4348806090460039,3.8508812355907875,0.8648356066950519,0.6476553554215789,1.8590647026676752,12.859403282541281,2.7060195785242063,7.619299656925113,16.331997742293574,12.718170806952926,11.336054547369423,15.209681756191143,1.9144903602357073,1.029641644687776,0.520889756793086,3.528813408919115,1.3947183185790644,1.1537120881819225,2.924922281437669,3.718955878995458,1.5904203395528516,1.2931513097470066,6.5506491975812295,3.435819983554744,2.564524818565901,4.6978153070130615,0.4857074746126385,0.23771121547289786,0.18397513702566612,1.0554214801711985,0.47077639309542607,0.2883668586247805,0.6549125998890464,172.67102484392936,86.1970192367224,55.193162487855005,341.64791150457097,147.2629328952049,111.69783531133557,223.40262286036526,0.28851040140588874,0.1598523459453969,0.1273383691796225,0.5559845819257688,0.19769512161160557,0.1514728100856313,0.4143153070366397,-0.8660254037844386,0.5000000000000001,0.43388373911755823,-0.900968867902419
user_06_direct_s239,user_06,direct,2026-01-09T11:30:00.803809843,2026-01-09T11:32:44.426936069,163.623126,9,153.79207979855812,9.831046431,0.9399165237715732,1.531615682232322,24431.615655645943,42.14518094331058,149.3163970944177,0.25757472047875785,0.0,0.0,0.1257842552769643,1.228880803875,1.5825094308417802,0.6783971074999999,0.0,1.592356109,11,4,0,0,17.088008866506456,2.050648813271785,14.513365745254227,21.411802430542096,16.458985395679036,15.861275305422156,18.441335962307093,1642.3348379229528,722.1872989732511,767.8126968371159,3024.624304991324,1364.8318461065676,1306.3581219601651,1953.6562648977676,1072.2891238154853,471.51991674612975,501.3089809305379,1974.7932461640444,891.1059490572286,852.9281445173997,1275.552534203831,2.818954951064475,0.7784004833911354,1.2099906735304922,3.8929484861881374,2.9817663407255512,2.3042565877146575,3.1816285278075314,1.863842931525589,0.4621940636622897,1.0,2.5417267081740675,1.946811054049566,1.504461343955564,2.077302135722667,2.2400441418112322,1.4973336703477367,0.986342216396039,6.00044939577913,1.5101207502241922,1.1755389209155436,2.7804584475265313,1.1621217836214428,0.7662534361729806,0.5515518813893671,3.055718280996405,0.866283980350534,0.6471010933161445,1.4830221754018895,1.0779223581897897,0.7455046024816829,0.39827961677848556,2.944731114782725,0.9585688688348252,0.5264361431579163,1.2974362721246417,3.402165925432675,2.258877549865525,1.5744048160135926,9.056167676775535,2.322106987365115,1.8246416986731708,4.263480622928421,1.9514057940657983,1.0585263210005127,0.8937917548109923,4.622784860270824,1.590943627803565,1.2742876404149215,2.333160310362565,1.168453094974408,0.8747801144081532,0.3964728178514169,3.2195377349539234,0.8020187088213644,0.48448051406568055,1.5510848889257218,2.0121715822097457,1.1410486590366937,0.9103853708745561,4.422526630545556,1.4818369834477563,1.1003234731510398,2.769977476922689,1.1098592771637028,0.8173110397171747,0.4856142482513539,3.2428693771083585,0.8101773831188761,0.5917267605581283,1.1756610631193805,13.290679356943395,2.095679256862706,9.045641529115063,16.21924855209861,13.893105949998091,13.015077310192051,14.320502859240007,2.063990732690096,0.9627210700004946,0.7570921207512318,3.5257379279515395,1.8897182712007607,1.159708214978501,3.212133924998982,3.79732950956306,1.935591563225912,1.3284290108471097,7.375588584431762,2.8461979952301046,2.222087410208484,5.467724216139164,0.5976093369091061,0.4090865658756657,0.1425711388447299,1.23897160694263,0.6326308874690899,0.14408618851296853,0.9148885847289284,158.1578861257093,67.49986845808795,77.10813560238259,315.19644258657587,148.779153256276,122.33049708409348,171.6593069883928,0.27364501087991544,0.07405649564511008,0.12151417307442647,0.38852984470212204,0.2686948088863052,0.236120581884776,0.3307693846932207,0.258819045102521,-0.9659258262890682,-0.433883739117558,-0.9009688679024191
user_06_direct_s244,user_06,direct,2026-01-13T11:15:00.902017603,2026-01-13T11:19:09.652304176,248.750286,14,225.66578112356402,23.084505459000003,0.9071980770448804,1.5316156822323215,34785.11044440457,78.02356214895144,139.83947919724028,0.3136622007700986,0.0,0.0,-0.06941779984052421,1.7757311891538463,1.545199488114945,1.410756956,0.526368976,2.636975422,11,1,0,0,16.11898436596886,3.180647698906519,9.48058714740964,20.756387917837028,15.952405659508091,14.22810123076042,18.930618406655793,1503.202114837773,561.3530038720679,550.677904690322,2965.2437983206332,1470.5204823970203,1238.2637255962495,1713.5020446609817,981.448631191125,366.51035268449255,359.5405238262589,1936.0233985060836,960.1106200830648,808.4689520751622,1118.7545704439128,3.3461661445131794,1.8163321690820626,1.2099906735304922,6.331240480242244,3.354490182975584,1.4985867233568786,4.804824107255016,2.2269454375547806,1.1388943704701178,1.0,4.1337004796232515,2.1901644269445146,1.0220972159795811,3.13709513619762,2.913366955043942,1.448313407685013,1.2430022292423561,6.747796426928235,2.43834733470407,1.8963477089819492,3.579525877270141,1.4922314016373759,0.6788396755439423,0.7220652343348976,3.293901264999236,1.3036418902927283,1.0116886445385105,1.805350410882814,1.4211355534065666,0.7778636580802321,0.5209369949074586,3.4538951619289993,1.158472504269308,0.8697542360124588,1.7846903401289373,4.405598356681319,2.1240993840645968,1.9650674635772538,10.041697691927471,3.7419892249967983,2.913412222695689,5.384876288152954,2.9719915665028047,1.40462738858624,1.0266209611293635,6.822863043120381,2.778670818967476,1.9407909308180535,3.440435071760435,1.5088340388750512,0.6375625257249162,0.7294691756426952,3.483026303362938,1.4572354791743412,1.0725598560077596,1.6633287741946354,2.5819003560973415,1.0876143017074338,0.9191347547921014,4.85401805385976,2.1463869039489953,1.9614630836157294,3.1792186538197087,1.5214153152350067,0.5318713546436983,0.7665336177673167,2.4404042642943655,1.4743858412619542,1.068803004848729,1.939616214609468,11.837463882622787,3.342114490657421,6.18552308584418,18.246216731711787,11.524224242412664,9.653818588882311,13.278574173358308,2.104379171538068,0.7634614586637095,1.2814433990117473,3.7350659263961177,1.7698278903760651,1.4946316739405026,2.575536698073244,4.281520483346071,2.3148836752387143,0.9550452151383677,7.603110036225022,3.936322838699712,2.493175189762685,6.781039145882959,0.6630946253990179,0.5164462524846849,0.0873846796461546,1.8035235273404744,0.5307044853538668,0.23100922834998283,0.9351175594243238,161.50129207978424,72.77719580628471,61.72690390929788,340.29423790163634,143.88785395814295,109.65389635086244,203.9500449411575,0.3532606167948664,0.211044287078923,0.10820709077511817,0.8300006830059312,0.3114079822850918,0.18095480376682702,0.44590562390941474,0.258819045102521,-0.9659258262890682,0.7818314824680298,0.6234898018587336
user_06_direct_s248,user_06,direct,2026-01-15T20:13:02.819620351,2026-01-15T20:16:56.096564391,233.276944,14,219.74497395995277,13.531970086,0.9419918239324705,1.5316156822323217,38869.262822664656,79.77393559045805,166.6228224537469,0.34197093901597947,0.0,0.0,-0.1311996874281825,1.0409207758461538,0.7994629997411953,1.074608541,0.496649426,1.694510368,20,3,0,0,15.696069568568054,2.089888051976366,11.812161543697517,19.071827445366804,16.082502565442578,14.286360623681437,16.927756349453947,1679.6944822296332,903.8719125616657,502.4516931864799,3445.217867152078,1505.035685064112,1147.3556566083791,2241.330989545999,1096.6814336749853,590.1427643025156,328.0533746260414,2249.4010130078395,982.6457789140223,749.1145918120362,1463.3768872614773,3.4145181186715523,1.991541735552242,1.2099906735304922,7.441603378153756,3.168996566399119,1.383112948003907,4.6871582781623085,2.2836201377897374,1.2424718387105251,1.0,4.85866230313577,2.069054661140792,1.0003258720840225,3.0602704924846424,2.2895830731108076,0.8939458023415249,0.9412955465430342,3.9563938044824827,2.445135493853048,1.6392694597867383,2.846559040143882,1.1900141628403318,0.4485013393618779,0.5807049606923288,1.922682321795691,1.2212550448874369,0.7568243933281177,1.418561249220101,1.099568910270476,0.47279561343684595,0.3456195767288779,2.0337114826867917,1.1059861103048867,0.8047817121687862,1.4225719348311001,3.47959723595114,1.3330601658521413,1.5369715163571904,5.879076126278173,3.6533424307196056,2.407034227275779,4.258683146898903,2.2014436235402908,0.9753520866452595,0.778471048659627,4.637403719501784,2.173515854249773,1.546513055633236,2.723070036383831,1.2419529352464032,0.5437753182998207,0.4367805572642098,2.1998935810068407,1.2435103051868759,0.7082365212216062,1.651616273644554,2.161690089204795,0.8598330246254252,1.0140849929811322,4.095849585913999,1.9772613839752404,1.7279479652930678,2.528329331750742,1.14247009450816,0.5135112786043372,0.5607761753562587,2.165068239637172,1.0759091410126396,0.6736295929974883,1.4467568875953025,12.21522155199293,2.814258017028588,7.829863149572149,16.737838086518313,12.592191576102309,10.116569567525499,14.807791578501615,1.5090794887565147,0.6247362945106593,0.8133410374911392,3.074736607751089,1.393579940692133,0.990061422693392,1.9234832394480548,3.4808480165751243,1.7318716781445547,0.8762761382742923,6.853035209506006,3.580605622591102,2.2060178940068793,4.30337465791437,0.4951826008235008,0.31459365155745783,0.11628124747736442,1.3595103136224935,0.4208905087626365,0.27971743645852876,0.6121865164197746,185.09262658616254,113.61920921192723,43.54617145061677,482.09795125925376,163.94174255227404,118.31475887739953,231.59839991959225,0.36998318644303213,0.2174087345698437,0.10486672059765663,0.7521707867138046,0.36227714033674274,0.14653350875697077,0.5688977431015247,-0.8660254037844386,0.5000000000000001,0.43388373911755823,-0.900968867902419
user_06_direct_s251,user_06,direct,2026-01-20T20:30:00.503300520,2026-01-20T20:43:53.288924322,832.785623,27,422.5907904332227,410.19483338199996,0.507442466298704,1.5316156822323217,71116.7794165534,145.39145196842452,85.39626219814484,0.17458448843613686,0.0,0.0,0.643001916726701,15.776724360846153,72.60876060417155,0.862660479,0.14289510275,2.20816561325,20,1,0,0,15.651510756786026,2.9006782285010124,10.014446708639792,19.818158122459444,15.896278768798368,14.758837237084515,17.94118874761905,1593.5303671399054,748.4092520274177,420.04949989662623,3459.9630579147893,1462.8491559986226,982.5884266356596,2171.7873860751606,1040.424426065776,488.6403689315945,274.25254570677055,2259.028226240091,955.1019704019534,641.5371937192117,1417.9714998150134,3.238579842514107,2.583825792624323,1.2099906735304922,12.930853913741416,2.6211964910288446,1.6134174761717428,3.683068354852705,2.1462887489090234,1.6637734137064124,1.0,8.442623083419178,1.7113930873366776,1.053408824999882,2.404694857579842,2.443052420141373,1.381615378773212,0.9839881641362079,5.487015209742686,1.8583049407456853,1.3429024391466178,3.3051368841784075,1.2272228997570676,0.7425609393328844,0.38364656624734045,2.7646452988280283,0.9975339187764586,0.6345627780046339,1.7151994441082774,1.2158295203843057,0.6519977507401026,0.43045034292491746,2.7223699109146575,0.9839079743412521,0.7523702740119382,1.5283239521651835,3.6702753198984404,2.120239264800322,1.3716977540935877,8.251660508570714,2.777259891252667,1.9988329633492792,5.020336328286685,2.337929314689087,1.28302132102325,0.784587056453647,5.444004996383345,2.072662418766875,1.4557710774315649,2.8146113079785158,1.212884751466633,0.7691266789736158,0.3352373779095838,2.7626363364921733,0.8501511570696945,0.635462095307741,1.738722187457623,2.2755741910248655,1.3346002525120177,0.9314589200071858,5.77768317048052,1.6974767050907766,1.3940581478098963,2.7382359619909837,1.3187523904161653,0.8331008322468801,0.2912735835192208,3.01453780095658,1.0110459591642897,0.6075935181252244,1.9812432948899237,11.342863653227095,2.8774237469551633,5.540722223609457,16.800154714286,11.819127383543924,9.201345819320046,13.35737294041272,1.8575944688967723,0.7477829105179709,0.779475073651141,3.824400385520178,1.7130777870265685,1.3330737714424805,2.2805010337008085,4.308647103558927,1.689733029396701,1.9368290220341322,7.7854072266715875,3.6884201468591034,3.319268380988332,5.50626522212198,0.7246763087435143,0.39986017581627814,0.12971888973340231,1.5552683042212796,0.6700860933863234,0.4345718636603643,0.9441348596850717,176.75769747744528,96.87715294714152,47.520065473014455,356.0960546179163,143.21449198589028,100.41729341958056,236.46384222106744,0.354921777832361,0.2805760898115661,0.10806014927332938,1.2612030615816812,0.2616531393786842,0.17284002626366612,0.3963897168764733,-0.8660254037844386,0.5000000000000001,0.7818314824680298,0.6234898018587336
user_06_direct_s252,user_06,direct,2026-01-21T11:37:00.940948457,2026-01-21T11:40:17.357744255,196.416795,13,188.23962179084452,8.177174011999998,0.9583682586351362,1.5316156822323221,30394.225337008385,66.22015604078427,154.7435153750899,0.33714100691228704,0.0,0.0,-0.005724529930560829,0.6814311676666666,0.6736738285567332,0.505099071,0.06643271025,0.97220323575,11,2,0,0,14.47997090698804,3.2244092115457397,9.680628237943193,21.824921551034226,14.150307150100343,11.995341479475137,16.011367726561478,1414.4895841140128,632.731053932894,392.8350814989264,2352.3806186705892,1508.2520054928334,950.7177794856954,1872.6765781150496,923.527749502017,413.11346003632696,256.48410763617363,1535.8817789342602,984.7457315757986,620.7286792075864,1222.6804673256108,3.0438854017099977,2.0614429445892557,1.2099906735304922,8.119440943564253,2.4287864433063246,1.3343078415265983,3.6441237674163403,2.0499727552734086,1.2935231737715813,1.0,5.301226043683629,1.5857675469647718,1.0,2.3792677299471428,1.8707966994158587,0.6136409137316677,1.0436955437662445,3.388409190124071,1.906162741338405,1.4412367730478237,2.0193936802312047,0.9505051753201054,0.31344700573854306,0.44117364950825105,1.6077034379380009,0.910847969761388,0.7738804381145618,1.1816023392432542,0.9202915240957531,0.33511511077054595,0.5278697516406978,1.78070575218607,0.8799215829974316,0.6695556655442054,1.026845291154043,2.8213018747359637,0.9150444007571618,1.5229351063006424,4.996112628062072,2.785480191522767,2.3151596703788377,3.245510250997518,1.7233206154979825,0.5686678891646061,0.8037237043399732,2.9710107279181015,1.6847949107330473,1.293678970400094,1.8877239702272766,1.0759707040673048,0.4240022694170713,0.46210608548191784,1.9742342075038564,1.0369653695104617,0.8206002572841056,1.280236056256647,1.810614675774978,0.5672793426497623,0.8750426942864407,2.7273171326790417,1.7344313512998788,1.5379156688449585,2.1736333864049913,0.9300357025234932,0.3016959218141161,0.4726930229398092,1.5696709469874968,0.8709875717403004,0.732348636633387,1.0075993084070949,10.219160560590133,2.601652321523166,5.5501542810396085,16.069473355209734,9.693366083695919,9.494991369961356,11.764683193280462,1.6675257493712452,0.6568998915594949,0.7179978620393141,3.0015699128337805,1.560631899367102,1.0931558392296539,2.185955484985058,4.260810346397907,2.0534055028888893,1.0493966803045236,6.797858688066128,4.655315780138986,1.8070441622244307,6.368338434403251,0.6949130626720261,0.38466618163675165,0.22026937761868126,1.3429064448075418,0.6438422029907239,0.3298948624272357,1.0180888835930906,169.2708841812995,74.86501380550655,38.32267615274923,277.0230690604415,173.4044934411469,134.20366380080304,242.84386343551137,0.35664783634666597,0.2280635529839325,0.0916383591722567,0.8381961626541219,0.2790026876126018,0.16673139346821755,0.5009745440818049,0.258819045102521,-0.9659258262890682,0.9749279121818236,-0.22252093395631434
user_06_direct_s253,user_06,direct,2026-01-22T11:42:00.995489015,2026-01-22T11:45:46.901654156,225.906165,15,213.2530444766953,12.653120673,0.9439894855312838,1.5316156822323217,35495.61814058912,73.50047818747467,157.1254956259787,0.32535844334958575,0.0,0.0,0.1866732603143079,0.9037943337857143,1.318668766677411,0.367644809,0.01236672825,1.1267908872499999,11,3,0,0,14.216869631779685,1.9458236288598418,10.35199255381864,18.222857674749346,13.43967314184215,13.207221435212523,15.392148309671049,1431.645563377086,799.4096682133317,730.1080827229702,4058.9964998468236,1117.218124912157,1012.3420755620984,1612.0765102175646,934.7289793288551,521.9388110783748,476.69143845461383,2650.140336726546,729.4376375696402,660.9635088657589,1052.5333012182086,2.959254132498664,1.2556909036879709,1.4066983331077068,5.578099929471669,2.7405045828434935,1.939864947263,3.4586307062428565,1.9407777466663136,0.8095190662446319,1.0,3.6419710206555322,1.789289973088564,1.2665481097945257,2.2581583267689718,2.145657244323,1.3327993993179041,0.9825502222905094,6.233657892739904,1.6070798918700744,1.2238924696026752,2.492043176923798,1.0457700443625433,0.6498599223679493,0.47720283783249495,2.995010155910111,0.8631886890124486,0.544865177528479,1.1825606846688774,1.0998871999604571,0.7067036084305224,0.43340967238099604,3.238647736829793,0.9220869210050071,0.6161222151883746,1.244524700740442,3.1914272886855435,1.9743136338676701,1.4966938816965407,9.228668048650015,2.470268580882523,1.7925546416295988,3.622699876142641,2.0667534070545157,1.3197007159210326,0.7742096268493884,5.767432330343996,1.669789534872022,1.1552097657631129,2.4270646274165006,1.069315181462936,0.7792181063860948,0.4542664314653077,3.4957955788193824,0.8288351612027715,0.4958339164416089,1.193786560799269,1.917279765021965,1.1474623018034285,0.8961818189178359,5.258481344222376,1.4642674013516892,1.008002599832184,2.4631453144231923,1.0879622777303293,0.5228472189848188,0.5526638073069373,2.4180979398998197,0.9943251310845272,0.6681948645394764,1.2019507169952717,10.040039845190162,1.843294591682957,7.45930544377081,13.60546801996487,9.721531961522393,8.516249052835393,10.903809943740455,1.5263317374866758,0.6785247224177706,0.5781346708052304,2.682476488677511,1.3758068051556787,1.1868972688452977,1.9371324844612143,4.176829786589527,1.4591768557035307,0.7045429286215121,6.717279248118711,4.617389654784475,3.283335368972489,5.05437491535481,0.7579202006718295,0.42118043005194444,0.06802599374483316,1.5777591558431177,0.8486385363837134,0.4730148275689255,1.033468805993204,164.7538841619578,77.59987186107182,89.7938148079225,395.34980290852775,130.15620146306674,116.07406232341773,199.32958662204652,0.35189091726529464,0.16625691592907735,0.15489969550530922,0.7932159240680628,0.3219026222285311,0.2271523757201503,0.4042569225114352,0.258819045102521,-0.9659258262890682,0.43388373911755823,-0.900968867902419
user_06_direct_s255,user_06,direct,2026-01-24T11:31:01.832976073,2026-01-24T11:36:20.785916963,318.95294,20,300.5051148677862,18.447826030999998,0.9421612946028532,1.531615682232322,49134.875666615255,84.68158377802504,154.05054948424444,0.2654986775730145,0.0,0.0,0.08694345455348652,0.9709382121578947,1.155848386109303,0.564264156,0.0,1.2938373775,11,5,0,0,15.025255743389309,2.444417097111233,11.654645937283108,20.62915181699484,14.230815959426074,12.986602674020716,16.717148944247484,1486.3185325421196,573.8105366571034,575.6497529803501,2633.2646430642353,1371.1403544339346,1025.350975118111,1859.1913492169049,970.4252507886431,374.64394189329374,375.8447759827998,1719.2724477894262,895.2248075937069,669.4570883628373,1213.8758898754181,2.534354795917367,1.4768829729796653,1.2099906735304922,6.826775096199655,2.0043383150999174,1.4687003426475171,2.9387858961809217,1.6997243929838852,0.9277078819517609,1.0,4.457237657850086,1.3086431135117427,1.0,1.9187488939115962,2.209325311880727,1.2295289230086972,0.675361445134289,5.060572331031415,1.9480424628764093,1.3153052215200722,2.6188919317188137,1.1158963534300452,0.6306492173239371,0.33707067935444546,2.7169042323242953,0.9515435640967773,0.6734938620629332,1.2360431228174011,1.0934289584506816,0.6104264949123065,0.27160615010207867,2.34366809870712,0.997871849888232,0.6444630014950214,1.3828488089014126,3.3252216653107722,1.856421048674443,1.0124321244887344,7.777476563355711,2.8982130758645868,2.002252160823778,3.8549350545362153,2.1135503349327496,1.342474070954463,0.5801289492810352,5.163065095393344,1.6747886632838864,1.1605734304363093,2.5002042675250222,1.0917915742518687,0.5900433977885822,0.26870260034967347,2.28178633498073,0.8680469833138361,0.6425295082601892,1.4689000559981236,2.1850872386160236,1.343879157277405,0.6418045578267069,5.424526768624737,1.8227087961822215,1.3412486588809314,2.449683110307599,1.0232559409453366,0.46964348104106,0.33895263768424483,1.9435225764505542,0.9324538718813253,0.694941753788981,1.272020963474217,11.363764903520888,2.2030097085791196,7.751325434244443,15.630867897386372,10.78662823552467,10.325867966808978,12.842463710090126,1.6760037844706765,0.7966884652592855,0.625150365868944,3.737709826255477,1.5978283636088646,1.0567265215957014,2.024321135037531,3.6614908398684207,1.8248861106107506,0.8318085408548352,7.1070123232491405,3.7675875668903203,2.172321620708179,4.407122805227566,0.6712679101355761,0.45123949090218185,0.04700666216208501,1.5176792114347257,0.6235487952702325,0.26560172369776464,0.8951782223891362,168.82228056343757,74.8515804180033,74.08783682474159,316.7535226975895,159.10847352137858,111.21567241706123,204.26986274286944,0.29269037291828426,0.19742277196395486,0.11789753589673405,0.8821085578287307,0.2127818735259019,0.16824544907269967,0.35291047079588755,0.258819045102521,-0.9659258262890682,-0.9749279121818236,-0.2225209339563146
user_06_direct_s257,user_06,direct,2026-01-26T20:53:00,2026-01-26T20:58:28.901397348,328.901397,21,309.36109988147865,19.540297478000003,0.9405891939141829,1.531615682232322,57962.64911822323,119.14631129203744,176.2310821629719,0.3622554126519488,0.0,0.0,0.04694812598610787,0.9770148739000002,1.073272000381428,0.754326584,0.19786236525,1.12595821075,20,0,0,0,14.73148094673708,2.708607845466744,9.24851029724665,19.49741235353074,14.734182452617993,12.868939238496013,16.72678975366277,1669.8634487183456,622.297194270899,532.2846482331037,3043.6901630994394,1746.41952960891,1342.7401169517443,1970.7467204945535,1090.2626997684747,406.30113773966076,347.5314691589613,1987.241446015542,1140.2465709044666,876.6821419552898,1286.7109832815247,3.4238762677433643,1.6936064959931352,1.2099906735304922,7.336906047012239,2.6554930606924114,2.2317365745142563,4.3074948393058365,2.249757603306038,1.0884454778046015,1.0,4.790304860497863,1.7337854995203785,1.4571126428148822,2.8123862201695964,2.024255536629786,1.090056648212209,0.7264153575938368,4.804115217341338,1.7095641759747655,1.2748553573892525,2.3061139204732175,1.0045922485659948,0.5409316191836333,0.19716986190651983,2.333448861441365,0.8134971833900991,0.6393308957872106,1.1268601024765845,1.0196632880637915,0.5693370409422223,0.38399677554758227,2.568122522153991,0.8945986463986366,0.6386336031871507,1.1062949052556936,3.028847785195781,1.6240432136183076,0.9235852195003567,7.040107912528685,2.6146576785676023,1.914186253176463,3.4233052608363925,1.9670823410429903,1.139202056091888,0.7377307935110908,5.50517398786539,1.5619493148642103,1.1593694208720104,2.5798298156193815,0.9105095903103169,0.3920921167547242,0.226461632574439,1.7893128065486636,0.7997826119050357,0.7030548882712454,1.0546620644086517,1.9651826664643244,1.1258239627852888,0.7495141155183977,5.159716417995066,1.5499581886596094,1.231017246678149,2.636589477595987,0.996367667187403,0.4967191563465625,0.15358980400967812,2.34131799610084,0.9369048481273579,0.6503908191164085,1.3355520910724157,11.561828220943871,2.7877179076415493,7.064489098066683,17.103972872508894,11.113738358728742,9.617402800353574,13.650560110080985,1.8233265744772682,0.845990801800281,0.4680760874261471,3.9963326147309686,1.727306159605771,1.1798454020384832,2.2683317902233058,3.169652725793207,1.5139152767425674,0.778991099094041,5.764120734337198,2.9737455600235103,1.98482286600618,4.335450592305447,0.4604930092673546,0.2815688549301031,0.10510091544059716,1.1541718872245632,0.37324817255180875,0.23540225347979993,0.5841275680972987,195.3340197385928,87.83078300440104,59.90037321297087,411.72779475599987,174.0103394613764,127.1478871408547,239.97469212138606,0.4162901032505456,0.27782328517284305,0.13616566468576746,1.159878029408465,0.3195020388119676,0.2204216119123341,0.4842045135766866,-0.8660254037844386,0.5000000000000001,0.0,1.0
user_06_vpn_s208,user_06,vpn,2026-01-03T20:23:03.866307398,2026-01-03T20:26:03.215828564,179.349521,10,169.2527808235544,10.096740347999999,0.9437035564960019,1.5316156822323217,27194.66778568717,53.33714682722315,151.6294419637015,0.29739219000882167,0.0,0.0,0.3567922061280501,1.1218600386666666,2.3664684590754086,0.061062624,0.0,0.673260743,20,5,1,0,16.92527808235544,2.851818694784191,12.013175805803222,21.189907184598457,17.424960747202373,14.619193928327979,18.869617283900936,1645.2647195220798,687.5341106766713,787.2936027740388,2848.3549491083827,1411.0351507561136,1167.30195434206,2151.644471363596,1074.202059046637,448.894666366039,514.0281677101677,1859.7060490768285,921.2723316462374,762.1376353634116,1404.820083996258,3.2141681728583107,1.0479941088320002,1.2099906735304922,4.995928712949525,3.2289793556187396,2.7257007337348775,3.7003977355500686,2.1195465098640045,0.6459087481224218,1.0,3.2618683465476055,2.108217742268425,1.7796244615112475,2.4160093021225526,2.780720578091957,2.429271743423524,0.8080694375183564,8.835492968427209,1.6701216498455307,1.24134809730082,3.0418318184546784,1.3761722682508764,1.2467973195792565,0.43330652970507244,4.551011625444268,0.8312808767118384,0.5734014733442235,1.4531398802312432,1.4045483098410805,1.1847113440711765,0.3747629078132839,4.284481342982941,0.8639190701061626,0.6554074754703613,1.5886919382234352,4.156892846342833,3.675348765796389,1.2413759672234288,13.386504593871477,2.49280051363284,1.819050577107308,4.494971698685921,2.726885683660371,2.1383787833660466,0.7572663830757903,7.318992098651599,1.646451558005929,1.3395084559933454,3.303793602938552,1.4934640035558853,1.3898195848401593,0.5332760057488845,5.334879249931596,0.9389091966205148,0.6221321141884921,1.688626343645784,2.4996701777017236,2.1042240701538164,0.6884929818887052,7.795601914292301,1.508169194620487,1.174765617900585,3.0133946965260408,1.2719373191740069,1.0678314697499096,0.38691764796041894,3.825874698542226,0.9111095162126268,0.6194634887779609,1.1588575048564929,13.82352677142685,3.699147525685841,8.540237437928775,19.797416403381987,13.602235377406156,10.403310935647362,17.14788944637213,2.4064001242731727,0.8881727972798676,1.1440917540332993,4.1491538220952,2.696050085311094,1.568168333145068,2.8398961868540678,3.1017513109285884,1.6467246714504862,0.9029982119231654,5.801210093324112,2.83876082841054,1.621437977443632,4.571636890997581,0.483651768524841,0.3501636213336253,0.1767275240022345,1.2167383791111266,0.3247667814602828,0.22275642282777755,0.6061436087237885,171.5867562733901,95.35514335413855,69.65077255132678,391.9081077553932,127.24526835626989,98.88747436075829,232.4729900470644,0.3234769422697926,0.13882054751571987,0.1434137321652894,0.6873950063652632,0.3149839912589618,0.26642838904519794,0.34694591450825985,-0.8660254037844386,0.5000000000000001,-0.9749279121818236,-0.2225209339563146
user_06_vpn_s210,user_06,vpn,2026-01-04T20:00:03.473413519,2026-01-04T20:06:54.273800653,410.800387,22,378.7660075290738,32.034379615999995,0.9220195976326425,1.5316156822323217,62241.549169217506,161.08307286727953,151.5128786118147,0.39212006114122655,0.0,0.0,-0.030075167823566278,1.5254466483809521,1.4363695297607857,0.950905027,0.453602763,2.593051429,20,6,1,0,17.216636705866993,2.587758966872643,12.384320934951418,21.96395681373584,17.300081651764792,15.403376316634326,18.842895349074727,1711.6294091100622,758.4335933194585,556.8172290066708,3695.2669329416485,1592.7072634077058,1122.211236410791,2020.5482459911987,1117.531916763461,495.1853145131326,363.54892122488116,2412.659373894511,1039.8870172746883,732.6976665420232,1319.2266633404145,4.4126255685868365,2.566051518765047,1.2099906735304922,9.925377267823812,3.852211349534411,2.5278317860173107,6.628162703270449,2.909332289016778,1.6412682186202843,1.0,6.48033144539081,2.515129215652737,1.6504347763879048,4.327562573406103,2.959722366779272,1.5732201587002375,1.1681112949527805,5.986712314056158,2.307755142819511,1.6434222232461488,4.596957803158446,1.4537204729826412,0.7864567259404704,0.5297007437402241,2.8346911377341795,1.043306682136429,0.8378615408984483,2.2287418133549264,1.5060018937966304,0.7999105228114555,0.5905894667266234,3.1520211763219783,1.230455094878514,0.846217705722947,2.2146560683093006,4.413442839761913,2.3552526094945976,1.6978120386930047,8.821403451790337,3.3510618249559396,2.502894193033857,6.84499461049214,2.9092096860229586,1.5986262700342326,1.0028819508211824,6.30028732063012,2.309039075279391,1.7046165786056477,3.884665421496696,1.4359964139947068,0.8811071351522141,0.5148728837047064,3.522327138694583,1.0955851270508552,0.7640046096136579,1.9730496102980726,2.905367530664336,1.6322660915701452,1.0591867883245516,6.455650083073752,2.285350312991607,1.6983314200822852,3.902741944273878,1.4209346168055792,0.8570400769894632,0.4361281208484311,2.920516379353356,0.9374455627389859,0.7883331003971438,2.241279123263858,13.222913740409341,2.570649512081399,7.963232762754807,17.463905092802484,13.210395336198383,11.187013036531553,15.675411185081424,2.1627068186381173,0.91086853876451,0.7934671662448648,3.769520735590455,2.241193121467428,1.2488546608175488,2.959139732657481,3.9937229654576543,2.1948703086935755,0.8607170149704526,8.768131441920639,4.4535674625428,1.7881213745792652,4.9525236424921735,0.6206079211065038,0.41042074819537133,0.09512552823311761,1.4326404002740758,0.44659192624596855,0.28431237518774966,1.0553896819135307,165.31201747245623,70.94818073242652,55.35129208800721,325.0989420965371,147.00887960356684,105.5583650760563,193.56162542787467,0.4307266789460911,0.2604345017763229,0.12028102527256475,0.9877230588190815,0.34349114029210853,0.20748264089909765,0.6598490686070321,-0.8660254037844386,0.5000000000000001,-0.7818314824680299,0.6234898018587334
user_06_vpn_s213,user_06,vpn,2026-01-08T20:13:01.851519337,2026-01-08T20:15:07.875877860,126.024358,7,116.88696975970791,9.137388769,0.9274950621824068,1.5316156822323217,16497.7718122186,38.34778225022465,130.90938985159204,0.30428865386661713,0.0,0.0,0.13827506711419693,1.5228981281666665,2.011636083502669,0.4941249255,0.239824485,1.8326878237500002,20,3,1,0,16.69813853710113,2.3943598702965927,11.95140235066723,19.339634643774154,17.292896954790997,15.529781861280895,18.621736043956872,1425.8678590584825,494.08724404950067,544.8478124722376,2002.5764014575889,1544.6456145582586,1105.994310582595,1838.508281878051,930.956685544175,322.5921814337727,355.73402570423207,1307.4927507524894,1008.5073119040842,722.1095496819503,1200.3718055422592,3.314318490953569,1.1474023557970376,2.0256080828134193,5.577355794553541,3.3870855834311238,2.3270314179112455,3.7780585700272056,2.16393611622138,0.7491450819599242,1.322530257630365,3.641485171021869,2.211446136732202,1.5193311513496712,2.4667144727329418,2.9343016411137106,1.9621884361007025,1.344935914273572,7.384906874712268,2.1276706089139776,1.575934109238358,3.265364935709722,1.4783600055203288,1.0337251147913573,0.5893883786959346,3.8258427645707442,1.158861405818669,0.7637049079263838,1.6235088368520927,1.4559416355933823,0.9376547413769395,0.7555475355776373,3.5590641101415237,0.9688092030953086,0.8122292013119743,1.6418560988576294,4.41266164663404,2.993049570155629,1.9343242929695066,11.210749639283012,3.2865320147326464,2.3396390171647417,4.888873772561815,2.816430898134456,2.298679907931963,1.1377441761208762,8.269895360185835,1.9134800201570976,1.4803333541276098,2.716615011111083,1.4050945539968536,0.7862525681823624,0.5460853182238953,2.897324751066132,1.2195707496510455,0.7323952072628737,1.8539453222555766,2.5417620175700004,1.667133016206367,1.2294482276094056,6.29026076528679,2.043828530809235,1.3202395885384886,2.7941587111037975,1.5479960510238058,1.0629917125948471,0.4736094260556519,3.7350315724471255,1.4235839010273248,0.6692589665516898,1.9326147622665792,10.909122276995367,1.625564741154501,8.216815831028251,13.563192364228408,10.83442672912728,10.065780788768912,11.808929718522911,1.3864880787825087,0.6092676520682049,0.7183164329239321,2.6752243854702873,1.20483347955095,1.0265221598831504,1.5269989668830446,5.789016260105762,1.9756918093400855,3.396739110218375,8.505207914646874,6.482084644560949,3.732145555100784,7.337395520556284,1.1613797963070915,0.6157007972642597,0.3123251291259861,1.9126622881376116,1.3232812526260997,0.6036762912612388,1.6870186608687332,139.1161798636955,44.48213309472585,75.35365405267203,216.77388507379015,147.64171284528425,103.83791372060395,163.18408981645706,0.3260449156907497,0.09154500251907323,0.19831042643686564,0.49592134864195736,0.3001225618802741,0.2663845346775224,0.37759550176055323,-0.8660254037844386,0.5000000000000001,0.43388373911755823,-0.900968867902419
user_06_vpn_s215,user_06,vpn,2026-01-08T20:15:08.583560720,2026-01-08T20:15:24.422444773,15.838884,1,15.838884053578388,0.0,1.0000000033827123,1.531615682232322,3031.2219212664213,9.983878819987028,191.37850376746374,0.6303397903530974,0.0,0.0,0.0,0.0,0.0,0.0,0.0,0.0,20,3,1,0,15.838884053578388,0.0,15.838884053578388,15.838884053578388,15.838884053578388,15.838884053578388,15.838884053578388,1833.875127066775,0.0,1833.875127066775,1833.875127066775,1833.875127066775,1833.875127066775,1833.875127066775,1197.3467941996464,0.0,1197.3467941996464,1197.3467941996464,1197.3467941996464,1197.3467941996464,1197.3467941996464,6.04020012892146,0.0,6.04020012892146,6.04020012892146,6.04020012892146,6.04020012892146,6.04020012892146,3.9436786910655686,0.0,3.9436786910655686,3.9436786910655686,3.9436786910655686,3.9436786910655686,3.9436786910655686,2.3209062029509386,0.0,2.3209062029509386,2.3209062029509386,2.3209062029509386,2.3209062029509386,2.3209062029509386,1.114924333683543,0.0,1.114924333683543,1.114924333683543,1.114924333683543,1.114924333683543,1.114924333683543,1.2059818692673956,0.0,1.2059818692673956,1.2059818692673956,1.2059818692673956,1.2059818692673956,1.2059818692673956,3.435830536634482,0.0,3.435830536634482,3.435830536634482,3.435830536634482,3.435830536634482,3.435830536634482,2.3192971233588,0.0,2.3192971233588,2.3192971233588,2.3192971233588,2.3192971233588,2.3192971233588,0.9726579213054367,0.0,0.9726579213054367,0.9726579213054367,0.9726579213054367,0.9726579213054367,0.9726579213054367,2.1283830013378644,0.0,2.1283830013378644,2.1283830013378644,2.1283830013378644,2.1283830013378644,2.1283830013378644,0.7892989683016461,0.0,0.7892989683016461,0.7892989683016461,0.7892989683016461,0.7892989683016461,0.7892989683016461,10.400932534493629,0.0,10.400932534493629,10.400932534493629,10.400932534493629,10.400932534493629,10.400932534493629,2.007010102335626,0.0,2.007010102335626,2.007010102335626,2.007010102335626,2.007010102335626,2.007010102335626,5.437951519084759,0.0,5.437951519084759,5.437951519084759,5.437951519084759,5.437951519084759,5.437951519084759,0.9309932991688178,0.0,0.9309932991688178,0.9309932991688178,0.9309932991688178,0.9309932991688178,0.9309932991688178,191.37850312008533,0.0,191.37850312008533,191.37850312008533,191.37850312008533,191.37850312008533,191.37850312008533,0.6303397882208392,0.0,0.6303397882208392,0.6303397882208392,0.6303397882208392,0.6303397882208392,0.6303397882208392,-0.8660254037844386,0.5000000000000001,0.43388373911755823,-0.900968867902419
user_06_vpn_s217,user_06,vpn,2026-01-08T20:15:24.761152895,2026-01-08T20:15:41.320704159,16.559551,1,16.559551264592635,0.0,1.0000000159782494,1.5316156822323215,3328.0278024849504,5.853198441282212,200.97331156412093,0.3534635957993192,0.0,0.0,0.0,0.0,0.0,0.0,0.0,0.0,20,3,1,0,16.559551264592635,0.0,16.559551264592635,16.559551264592635,16.559551264592635,16.559551264592635,16.559551264592635,2013.4413011284844,0.0,2013.4413011284844,2013.4413011284844,2013.4413011284844,2013.4413011284844,2013.4413011284844,1314.586501356466,0.0,1314.586501356466,1314.586501356466,1314.586501356466,1314.586501356466,1314.586501356466,3.541157762137345,0.0,3.541157762137345,3.541157762137345,3.541157762137345,3.541157762137345,3.541157762137345,2.3120406791448667,0.0,2.3120406791448667,2.3120406791448667,2.3120406791448667,2.3120406791448667,2.3120406791448667,1.6131823084382177,0.0,1.6131823084382177,1.6131823084382177,1.6131823084382177,1.6131823084382177,1.6131823084382177,0.7742167908408834,0.0,0.7742167908408834,0.7742167908408834,0.7742167908408834,0.7742167908408834,0.7742167908408834,0.8389655175973344,0.0,0.8389655175973344,0.8389655175973344,0.8389655175973344,0.8389655175973344,0.8389655175973344,2.387399099279101,0.0,2.387399099279101,2.387399099279101,2.387399099279101,2.387399099279101,2.387399099279101,1.7269017637561377,0.0,1.7269017637561377,1.7269017637561377,1.7269017637561377,1.7269017637561377,1.7269017637561377,0.6233621849673708,0.0,0.6233621849673708,0.6233621849673708,0.6233621849673708,0.6233621849673708,0.6233621849673708,1.71114972602122,0.0,1.71114972602122,1.71114972602122,1.71114972602122,1.71114972602122,1.71114972602122,0.6058430538352106,0.0,0.6058430538352106,0.6058430538352106,0.6058430538352106,0.6058430538352106,0.6058430538352106,14.066981298771056,0.0,14.066981298771056,14.066981298771056,14.066981298771056,14.066981298771056,14.066981298771056,1.8741623895385646,0.0,1.8741623895385646,1.8741623895385646,1.8741623895385646,1.8741623895385646,1.8741623895385646,2.4925699658215787,0.0,2.4925699658215787,2.4925699658215787,2.4925699658215787,2.4925699658215787,2.4925699658215787,0.4475091241706064,0.0,0.4475091241706064,0.4475091241706064,0.4475091241706064,0.4475091241706064,0.4475091241706064,200.9733083529193,0.0,200.9733083529193,200.9733083529193,200.9733083529193,200.9733083529193,200.9733083529193,0.3534635901515898,0.0,0.3534635901515898,0.3534635901515898,0.3534635901515898,0.3534635901515898,0.3534635901515898,-0.8660254037844386,0.5000000000000001,0.43388373911755823,-0.900968867902419
user_06_vpn_s219,user_06,vpn,2026-01-08T20:15:42.059187816,2026-01-08T20:15:51.118146901,9.058959,1,9.058959085891304,0.0,1.000000009481366,1.531615682232322,3921.9057566701294,14.28267789774339,432.93117417466283,1.5766356705823914,0.0,0.0,0.0,0.0,0.0,0.0,0.0,0.0,20,3,1,0,9.058959085891304,0.0,9.058959085891304,9.058959085891304,9.058959085891304,9.058959085891304,9.058959085891304,2372.7346940182024,0.0,2372.7346940182024,2372.7346940182024,2372.7346940182024,2372.7346940182024,2372.7346940182024,1549.171062651927,0.0,1549.171062651927,1549.171062651927,1549.171062651927,1549.171062651927,1549.171062651927,8.6409535246548,0.0,8.6409535246548,8.6409535246548,8.6409535246548,8.6409535246548,8.6409535246548,5.641724373088591,0.0,5.641724373088591,5.641724373088591,5.641724373088591,5.641724373088591,5.641724373088591,1.9778108189701502,0.0,1.9778108189701502,1.9778108189701502,1.9778108189701502,1.9778108189701502,1.9778108189701502,0.8488871572694683,0.0,0.8488871572694683,0.8488871572694683,0.8488871572694683,0.8488871572694683,0.8488871572694683,1.128923661700682,0.0,1.128923661700682,1.128923661700682,1.128923661700682,1.128923661700682,1.128923661700682,2.8266979762396183,0.0,2.8266979762396183,2.8266979762396183,2.8266979762396183,2.8266979762396183,2.8266979762396183,1.7271535548769994,0.0,1.7271535548769994,1.7271535548769994,1.7271535548769994,1.7271535548769994,1.7271535548769994,0.8883583221204302,0.0,0.8883583221204302,0.8883583221204302,0.8883583221204302,0.8883583221204302,0.8883583221204302,1.9086621350151676,0.0,1.9086621350151676,1.9086621350151676,1.9086621350151676,1.9086621350151676,1.9086621350151676,0.7840179262511103,0.0,0.7840179262511103,0.7840179262511103,0.7840179262511103,0.7840179262511103,0.7840179262511103,5.321950030106167,0.0,5.321950030106167,5.321950030106167,5.321950030106167,5.321950030106167,5.321950030106167,0.5394374352574324,0.0,0.5394374352574324,0.5394374352574324,0.5394374352574324,0.5394374352574324,0.5394374352574324,3.737009055785138,0.0,3.737009055785138,3.737009055785138,3.737009055785138,3.737009055785138,3.737009055785138,0.30479899085729806,0.0,0.30479899085729806,0.30479899085729806,0.30479899085729806,0.30479899085729806,0.30479899085729806,432.93117006988405,0.0,432.93117006988405,432.93117006988405,432.93117006988405,432.93117006988405,432.93117006988405,1.576635655633732,0.0,1.576635655633732,1.576635655633732,1.576635655633732,1.576635655633732,1.576635655633732,-0.8660254037844386,0.5000000000000001,0.43388373911755823,-0.900968867902419
user_06_vpn_s221,user_06,vpn,2026-01-08T20:15:53.667784059,2026-01-08T20:16:08.259499069,14.591715,1,14.591715010820531,0.0,1.000000000741553,1.5316156822323213,2093.5471810315,9.452583166914874,143.47505971926532,0.6478048102580727,0.0,0.0,0.0,0.0,0.0,0.0,0.0,0.0,20,3,1,0,14.591715010820531,0.0,14.591715010820531,14.591715010820531,14.591715010820531,14.591715010820531,14.591715010820531,1266.5862818220837,0.0,1266.5862818220837,1266.5862818220837,1266.5862818220837,1266.5862818220837,1266.5862818220837,826.9608992094161,0.0,826.9608992094161,826.9608992094161,826.9608992094161,826.9608992094161,826.9608992094161,5.71876873636916,0.0,5.71876873636916,5.71876873636916,5.71876873636916,5.71876873636916,5.71876873636916,3.7338144305457135,0.0,3.7338144305457135,3.7338144305457135,3.7338144305457135,3.7338144305457135,3.7338144305457135,3.5192090094569624,0.0,3.5192090094569624,3.5192090094569624,3.5192090094569624,3.5192090094569624,3.5192090094569624,1.8662994518485467,0.0,1.8662994518485467,1.8662994518485467,1.8662994518485467,1.8662994518485467,1.8662994518485467,1.6529095576084156,0.0,1.6529095576084156,1.6529095576084156,1.6529095576084156,1.6529095576084156,1.6529095576084156,5.385508461305509,0.0,5.385508461305509,5.385508461305509,5.385508461305509,5.385508461305509,5.385508461305509,3.8264988881373645,0.0,3.8264988881373645,3.8264988881373645,3.8264988881373645,3.8264988881373645,3.8264988881373645,1.7069733976607955,0.0,1.7069733976607955,1.7069733976607955,1.7069733976607955,1.7069733976607955,1.7069733976607955,4.152390941234464,0.0,4.152390941234464,4.152390941234464,4.152390941234464,4.152390941234464,4.152390941234464,1.9836360608299772,0.0,1.9836360608299772,1.9836360608299772,1.9836360608299772,1.9836360608299772,1.9836360608299772,9.803312813964016,0.0,9.803312813964016,9.803312813964016,9.803312813964016,9.803312813964016,9.803312813964016,2.2426192374716134,0.0,2.2426192374716134,2.2426192374716134,2.2426192374716134,2.2426192374716134,2.2426192374716134,4.788402196856515,0.0,4.788402196856515,4.788402196856515,4.788402196856515,4.788402196856515,4.788402196856515,0.48269293526884405,0.0,0.48269293526884405,0.48269293526884405,0.48269293526884405,0.48269293526884405,0.48269293526884405,143.47505961287098,0.0,143.47505961287098,143.47505961287098,143.47505961287098,143.47505961287098,143.47505961287098,0.6478048097776911,0.0,0.6478048097776911,0.6478048097776911,0.6478048097776911,0.6478048097776911,0.6478048097776911,-0.8660254037844386,0.5000000000000001,0.43388373911755823,-0.900968867902419
user_06_vpn_s223,user_06,vpn,2026-01-08T20:16:11.026045049,2026-01-08T20:16:26.215046461,15.189001,1,15.189001412198142,0.0,1.0000000271379363,1.5316156822323217,6609.95514611515,10.743105051996702,435.1803746747498,0.7072950388242586,0.0,0.0,0.0,0.0,0.0,0.0,0.0,0.0,20,3,1,0,15.189001412198142,0.0,15.189001412198142,15.189001412198142,15.189001412198142,15.189001412198142,15.189001412198142,3998.9920396271064,0.0,3998.9920396271064,3998.9920396271064,3998.9920396271064,3998.9920396271064,3998.9920396271064,2610.963106488043,0.0,2610.963106488043,2610.963106488043,2610.963106488043,2610.963106488043,2610.963106488043,6.499528458837162,0.0,6.499528458837162,6.499528458837162,6.499528458837162,6.499528458837162,6.499528458837162,4.24357659315954,0.0,4.24357659315954,4.24357659315954,4.24357659315954,4.24357659315954,4.24357659315954,3.9681247326129805,0.0,3.9681247326129805,3.9681247326129805,3.9681247326129805,3.9681247326129805,3.9681247326129805,1.7955471967127825,0.0,1.7955471967127825,1.7955471967127825,1.7955471967127825,1.7955471967127825,1.7955471967127825,2.172577535900198,0.0,2.172577535900198,2.172577535900198,2.172577535900198,2.172577535900198,2.172577535900198,5.763671929325763,0.0,5.763671929325763,5.763671929325763,5.763671929325763,5.763671929325763,5.763671929325763,2.8560392279428624,0.0,2.8560392279428624,2.8560392279428624,2.8560392279428624,2.8560392279428624,2.8560392279428624,1.7458382396771177,0.0,1.7458382396771177,1.7458382396771177,1.7458382396771177,1.7458382396771177,1.7458382396771177,3.6043310017795305,0.0,3.6043310017795305,3.6043310017795305,3.6043310017795305,3.6043310017795305,3.6043310017795305,2.2724418472340364,0.0,2.2724418472340364,2.2724418472340364,2.2724418472340364,2.2724418472340364,2.2724418472340364,12.945060319019623,0.0,12.945060319019623,12.945060319019623,12.945060319019623,12.945060319019623,12.945060319019623,2.1971277433682967,0.0,2.1971277433682967,2.1971277433682967,2.1971277433682967,2.1971277433682967,2.1971277433682967,2.2439410931785186,0.0,2.2439410931785186,2.2439410931785186,2.2439410931785186,2.2439410931785186,2.2439410931785186,0.20649356555597753,0.0,0.20649356555597753,0.20649356555597753,0.20649356555597753,0.20649356555597753,0.20649356555597753,435.18036286485284,0.0,435.18036286485284,435.18036286485284,435.18036286485284,435.18036286485284,435.18036286485284,0.7072950196297314,0.0,0.7072950196297314,0.7072950196297314,0.7072950196297314,0.7072950196297314,0.7072950196297314,-0.8660254037844386,0.5000000000000001,0.43388373911755823,-0.900968867902419
user_06_vpn_s225,user_06,vpn,2026-01-08T20:16:26.868612876,2026-01-08T20:16:46.576273849,19.70766,1,19.707660973566526,0.0,1.000000049400412,1.531615682232322,3766.4956421263596,4.256087578800312,191.11835916219172,0.21596108207673115,0.0,0.0,0.0,0.0,0.0,0.0,0.0,0.0,20,3,1,0,19.707660973566526,0.0,19.707660973566526,19.707660973566526,19.707660973566526,19.707660973566526,19.707660973566526,2278.712299433069,0.0,2278.712299433069,2278.712299433069,2278.712299433069,2278.712299433069,2278.712299433069,1487.7833426932907,0.0,1487.7833426932907,1487.7833426932907,1487.7833426932907,1487.7833426932907,1487.7833426932907,2.574913138038675,0.0,2.574913138038675,2.574913138038675,2.574913138038675,2.574913138038675,2.574913138038675,1.6811744407616365,0.0,1.6811744407616365,1.6811744407616365,1.6811744407616365,1.6811744407616365,1.6811744407616365,2.0952001347673055,0.0,2.0952001347673055,2.0952001347673055,2.0952001347673055,2.0952001347673055,2.0952001347673055,1.0679274598644672,0.0,1.0679274598644672,1.0679274598644672,1.0679274598644672,1.0679274598644672,1.0679274598644672,1.0272726749028382,0.0,1.0272726749028382,1.0272726749028382,1.0272726749028382,1.0272726749028382,1.0272726749028382,3.1631275946317725,0.0,3.1631275946317725,3.1631275946317725,3.1631275946317725,3.1631275946317725,3.1631275946317725,2.1253477018737645,0.0,2.1253477018737645,2.1253477018737645,2.1253477018737645,2.1253477018737645,2.1253477018737645,0.9964827209368674,0.0,0.9964827209368674,0.9964827209368674,0.9964827209368674,0.9964827209368674,0.9964827209368674,1.9096002375638383,0.0,1.9096002375638383,1.9096002375638383,1.9096002375638383,1.9096002375638383,1.9096002375638383,1.1040074362714298,0.0,1.1040074362714298,1.1040074362714298,1.1040074362714298,1.1040074362714298,1.1040074362714298,16.27430387069522,0.0,16.27430387069522,16.27430387069522,16.27430387069522,16.27430387069522,16.27430387069522,1.8947342766512352,0.0,1.8947342766512352,1.8947342766512352,1.8947342766512352,1.8947342766512352,1.8947342766512352,3.4333571028713052,0.0,3.4333571028713052,3.4333571028713052,3.4333571028713052,3.4333571028713052,3.4333571028713052,0.4017817233225064,0.0,0.4017817233225064,0.4017817233225064,0.4017817233225064,0.4017817233225064,0.4017817233225064,191.1183497208665,0.0,191.1183497208665,191.1183497208665,191.1183497208665,191.1183497208665,191.1183497208665,0.21596107140816523,0.0,0.21596107140816523,0.21596107140816523,0.21596107140816523,0.21596107140816523,0.21596107140816523,-0.8660254037844386,0.5000000000000001,0.43388373911755823,-0.900968867902419
user_06_vpn_s227,user_06,vpn,2026-01-08T20:16:46.576273849,2026-01-08T20:17:01.728550970,15.152277,1,15.152277121876521,0.0,1.000000008043446,1.5316156822323217,2014.5373377083588,2.489536494732346,132.95277915711011,0.1643011472620482,0.0,0.0,0.0,0.0,0.0,0.0,0.0,0.0,20,3,1,0,15.152277121876521,0.0,15.152277121876521,15.152277121876521,15.152277121876521,15.152277121876521,15.152277121876521,1218.7856950530308,0.0,1218.7856950530308,1218.7856950530308,1218.7856950530308,1218.7856950530308,1218.7856950530308,795.7516426553279,0.0,795.7516426553279,795.7516426553279,795.7516426553279,795.7516426553279,795.7516426553279,1.489536494732346,0.0,1.489536494732346,1.489536494732346,1.489536494732346,1.489536494732346,1.489536494732346,1.0,0.0,1.0,1.0,1.0,1.0,1.0,1.376175245843991,0.0,1.376175245843991,1.376175245843991,1.376175245843991,1.376175245843991,1.376175245843991,0.6832270159378627,0.0,0.6832270159378627,0.6832270159378627,0.6832270159378627,0.6832270159378627,0.6832270159378627,0.6929482299061284,0.0,0.6929482299061284,0.6929482299061284,0.6929482299061284,0.6929482299061284,0.6929482299061284,2.059402261781854,0.0,2.059402261781854,2.059402261781854,2.059402261781854,2.059402261781854,2.059402261781854,1.5645835278295592,0.0,1.5645835278295592,1.5645835278295592,1.5645835278295592,1.5645835278295592,1.5645835278295592,0.8009138886897673,0.0,0.8009138886897673,0.8009138886897673,0.8009138886897673,0.8009138886897673,0.8009138886897673,1.301165323800027,0.0,1.301165323800027,1.301165323800027,1.301165323800027,1.301165323800027,1.301165323800027,0.5043356548185568,0.0,0.5043356548185568,0.5043356548185568,0.5043356548185568,0.5043356548185568,0.5043356548185568,12.631158886686343,0.0,12.631158886686343,12.631158886686343,12.631158886686343,12.631158886686343,12.631158886686343,0.8440163643819426,0.0,0.8440163643819426,0.8440163643819426,0.8440163643819426,0.8440163643819426,0.8440163643819426,2.521118235190178,0.0,2.521118235190178,2.521118235190178,2.521118235190178,2.521118235190178,2.521118235190178,0.14002456258061516,0.0,0.14002456258061516,0.14002456258061516,0.14002456258061516,0.14002456258061516,0.14002456258061516,132.9527780877116,0.0,132.9527780877116,132.9527780877116,132.9527780877116,132.9527780877116,132.9527780877116,0.16248797129923695,0.0,0.16248797129923695,0.16248797129923695,0.16248797129923695,0.16248797129923695,0.16248797129923695,-0.8660254037844386,0.5000000000000001,0.43388373911755823,-0.900968867902419
user_06_vpn_s229,user_06,vpn,2026-01-08T20:17:02.696655966,2026-01-08T20:17:22.422631418,19.725975,1,19.72597545294691,0.0,1.000000022961953,1.5316156822323213,2734.954500615177,4.602806537343673,138.6473672715887,0.23333734009820417,0.0,0.0,0.0,0.0,0.0,0.0,0.0,0.0,20,3,1,0,19.72597545294691,0.0,19.72597545294691,19.72597545294691,19.72597545294691,19.72597545294691,19.72597545294691,1654.6347191373043,0.0,1654.6347191373043,1654.6347191373043,1654.6347191373043,1654.6347191373043,1654.6347191373043,1080.3197814778728,0.0,1080.3197814778728,1080.3197814778728,1080.3197814778728,1080.3197814778728,1080.3197814778728,2.7846764911255115,0.0,2.7846764911255115,2.7846764911255115,2.7846764911255115,2.7846764911255115,2.7846764911255115,1.8181300462181613,0.0,1.8181300462181613,1.8181300462181613,1.8181300462181613,1.8181300462181613,1.8181300462181613,1.6729033209395232,0.0,1.6729033209395232,1.6729033209395232,1.6729033209395232,1.6729033209395232,1.6729033209395232,0.7832999541814136,0.0,0.7832999541814136,0.7832999541814136,0.7832999541814136,0.7832999541814136,0.7832999541814136,0.8896033667581096,0.0,0.8896033667581096,0.8896033667581096,0.8896033667581096,0.8896033667581096,0.8896033667581096,2.456203275120937,0.0,2.456203275120937,2.456203275120937,2.456203275120937,2.456203275120937,2.456203275120937,1.5727419655317036,0.0,1.5727419655317036,1.5727419655317036,1.5727419655317036,1.5727419655317036,1.5727419655317036,0.6432908459413221,0.0,0.6432908459413221,0.6432908459413221,0.6432908459413221,0.6432908459413221,0.6432908459413221,1.9954736419273655,0.0,1.9954736419273655,1.9954736419273655,1.9954736419273655,1.9954736419273655,1.9954736419273655,0.5882155272677962,0.0,0.5882155272677962,0.5882155272677962,0.5882155272677962,0.5882155272677962,0.5882155272677962,13.362258307000573,0.0,13.362258307000573,13.362258307000573,13.362258307000573,13.362258307000573,13.362258307000573,2.705883598559512,0.0,2.705883598559512,2.705883598559512,2.705883598559512,2.705883598559512,2.705883598559512,6.363717145946335,0.0,6.363717145946335,6.363717145946335,6.363717145946335,6.363717145946335,6.363717145946335,0.44067479969287726,0.0,0.44067479969287726,0.44067479969287726,0.44067479969287726,0.44067479969287726,0.44067479969287726,138.64736408797447,0.0,138.64736408797447,138.64736408797447,138.64736408797447,138.64736408797447,138.64736408797447,0.23333733474032328,0.0,0.23333733474032328,0.23333733474032328,0.23333733474032328,0.23333733474032328,0.23333733474032328,-0.8660254037844386,0.5000000000000001,0.43388373911755823,-0.900968867902419
user_06_vpn_s231,user_06,vpn,2026-01-08T20:17:22.422631418,2026-01-08T20:17:42.038392069,19.61576,1,19.615760651773964,0.0,1.0000000332270564,1.5316156822323215,1617.9981897570306,4.2303320837039875,82.48460369402105,0.21565986144324703,0.0,0.0,0.0,0.0,0.0,0.0,0.0,0.0,20,3,1,0,19.615760651773964,0.0,19.615760651773964,19.615760651773964,19.615760651773964,19.615760651773964,19.615760651773964,978.8813596976132,0.0,978.8813596976132,978.8813596976132,978.8813596976132,978.8813596976132,978.8813596976132,639.1168300594173,0.0,639.1168300594173,639.1168300594173,639.1168300594173,639.1168300594173,639.1168300594173,2.559331183609319,0.0,2.559331183609319,2.559331183609319,2.559331183609319,2.559331183609319,2.559331183609319,1.6710009000946684,0.0,1.6710009000946684,1.6710009000946684,1.6710009000946684,1.6710009000946684,1.6710009000946684,1.3186836886105977,0.0,1.3186836886105977,1.3186836886105977,1.3186836886105977,1.3186836886105977,1.3186836886105977,0.5711278043366735,0.0,0.5711278043366735,0.5711278043366735,0.5711278043366735,0.5711278043366735,0.5711278043366735,0.7475558842739242,0.0,0.7475558842739242,0.7475558842739242,0.7475558842739242,0.7475558842739242,0.7475558842739242,1.8898114929472714,0.0,1.8898114929472714,1.8898114929472714,1.8898114929472714,1.8898114929472714,1.8898114929472714,1.489966863793686,0.0,1.489966863793686,1.489966863793686,1.489966863793686,1.489966863793686,1.489966863793686,0.6474211690236633,0.0,0.6474211690236633,0.6474211690236633,0.6474211690236633,0.6474211690236633,0.6474211690236633,1.0340843904650452,0.0,1.0340843904650452,1.0340843904650452,1.0340843904650452,1.0340843904650452,1.0340843904650452,0.48123388067528455,0.0,0.48123388067528455,0.48123388067528455,0.48123388067528455,0.48123388067528455,0.48123388067528455,12.206234426861005,0.0,12.206234426861005,12.206234426861005,12.206234426861005,12.206234426861005,12.206234426861005,1.4343661403524992,0.0,1.4343661403524992,1.4343661403524992,1.4343661403524992,1.4343661403524992,1.4343661403524992,7.409526224912959,0.0,7.409526224912959,7.409526224912959,7.409526224912959,7.409526224912959,7.409526224912959,1.548081234711764,0.0,1.548081234711764,1.548081234711764,1.548081234711764,1.548081234711764,1.548081234711764,82.48460095330057,0.0,82.48460095330057,82.48460095330057,82.48460095330057,82.48460095330057,82.48460095330057,0.2156598542775049,0.0,0.2156598542775049,0.2156598542775049,0.2156598542775049,0.2156598542775049,0.2156598542775049,-0.8660254037844386,0.5000000000000001,0.43388373911755823,-0.900968867902419
user_06_vpn_s233,user_06,vpn,2026-01-08T20:17:42.038392069,2026-01-08T20:17:58.193985371,16.155593,1,16.15559330284069,0.0,1.0000000187452538,1.531615682232322,2846.9286197934725,7.839617703350952,176.2193823398171,0.48525719256179284,0.0,0.0,0.0,0.0,0.0,0.0,0.0,0.0,20,3,1,0,16.15559330284069,0.0,16.15559330284069,16.15559330284069,16.15559330284069,16.15559330284069,16.15559330284069,1722.3785390785692,0.0,1722.3785390785692,1722.3785390785692,1722.3785390785692,1722.3785390785692,1722.3785390785692,1124.5500807149033,0.0,1124.5500807149033,1124.5500807149033,1124.5500807149033,1124.5500807149033,1124.5500807149033,4.742932152549595,0.0,4.742932152549595,4.742932152549595,4.742932152549595,4.742932152549595,4.742932152549595,3.0966855508013573,0.0,3.0966855508013573,3.0966855508013573,3.0966855508013573,3.0966855508013573,3.0966855508013573,1.5844854863913669,0.0,1.5844854863913669,1.5844854863913669,1.5844854863913669,1.5844854863913669,1.5844854863913669,0.844960024822946,0.0,0.844960024822946,0.844960024822946,0.844960024822946,0.844960024822946,0.844960024822946,0.7395254615684209,0.0,0.7395254615684209,0.7395254615684209,0.7395254615684209,0.7395254615684209,0.7395254615684209,2.429445511214313,0.0,2.429445511214313,2.429445511214313,2.429445511214313,2.429445511214313,2.429445511214313,1.82296750495447,0.0,1.82296750495447,1.82296750495447,1.82296750495447,1.82296750495447,1.82296750495447,0.958310054160743,0.0,0.958310054160743,0.958310054160743,0.958310054160743,0.958310054160743,0.958310054160743,1.7341215239022665,0.0,1.7341215239022665,1.7341215239022665,1.7341215239022665,1.7341215239022665,1.7341215239022665,0.8800040954051499,0.0,0.8800040954051499,0.8800040954051499,0.8800040954051499,0.8800040954051499,0.8800040954051499,14.120075590844698,0.0,14.120075590844698,14.120075590844698,14.120075590844698,14.120075590844698,14.120075590844698,0.7856970065633075,0.0,0.7856970065633075,0.7856970065633075,0.7856970065633075,0.7856970065633075,0.7856970065633075,2.0355177119959915,0.0,2.0355177119959915,2.0355177119959915,2.0355177119959915,2.0355177119959915,2.0355177119959915,0.3423794308089683,0.0,0.3423794308089683,0.3423794308089683,0.3423794308089683,0.3423794308089683,0.3423794308089683,176.21937903654012,0.0,176.21937903654012,176.21937903654012,176.21937903654012,176.21937903654012,176.21937903654012,0.4852571834655238,0.0,0.4852571834655238,0.4852571834655238,0.4852571834655238,0.4852571834655238,0.4852571834655238,-0.8660254037844386,0.5000000000000001,0.43388373911755823,-0.900968867902419
user_06_vpn_s235,user_06,vpn,2026-01-08T20:17:59.359203493,2026-01-08T20:18:18.117221019,18.758017,1,18.758017526492118,0.0,1.0000000280675787,1.5316156822323217,1441.3843170160253,4.431368800574525,76.8409750889993,0.23623866001265087,0.0,0.0,0.0,0.0,0.0,0.0,0.0,0.0,20,3,1,0,18.758017526492118,0.0,18.758017526492118,18.758017526492118,18.758017526492118,18.758017526492118,18.758017526492118,872.0307902812544,0.0,872.0307902812544,872.0307902812544,872.0307902812544,872.0307902812544,872.0307902812544,569.3535267347709,0.0,569.3535267347709,569.3535267347709,569.3535267347709,569.3535267347709,569.3535267347709,2.6809574598345893,0.0,2.6809574598345893,2.6809574598345893,2.6809574598345893,2.6809574598345893,2.6809574598345893,1.7504113407399355,0.0,1.7504113407399355,1.7504113407399355,1.7504113407399355,1.7504113407399355,1.7504113407399355,2.3342656758696396,0.0,2.3342656758696396,2.3342656758696396,2.3342656758696396,2.3342656758696396,2.3342656758696396,1.070700844947028,0.0,1.070700844947028,1.070700844947028,1.070700844947028,1.070700844947028,1.070700844947028,1.2635648309226115,0.0,1.2635648309226115,1.2635648309226115,1.2635648309226115,1.2635648309226115,1.2635648309226115,3.404966520816668,0.0,3.404966520816668,3.404966520816668,3.404966520816668,3.404966520816668,3.404966520816668,2.408314661439789,0.0,2.408314661439789,2.408314661439789,2.408314661439789,2.408314661439789,2.408314661439789,1.3504680935007738,0.0,1.3504680935007738,1.3504680935007738,1.3504680935007738,1.3504680935007738,1.3504680935007738,2.1990639164539,0.0,2.1990639164539,2.1990639164539,2.1990639164539,2.1990639164539,2.1990639164539,1.2755792262430028,0.0,1.2755792262430028,1.2755792262430028,1.2755792262430028,1.2755792262430028,1.2755792262430028,15.81525296573101,0.0,15.81525296573101,15.81525296573101,15.81525296573101,15.81525296573101,15.81525296573101,2.1742564041217514,0.0,2.1742564041217514,2.1742564041217514,2.1742564041217514,2.1742564041217514,2.1742564041217514,2.9427645607611073,0.0,2.9427645607611073,2.9427645607611073,2.9427645607611073,2.9427645607611073,2.9427645607611073,0.43634958119781586,0.0,0.43634958119781586,0.43634958119781586,0.43634958119781586,0.43634958119781586,0.43634958119781586,76.84097293225925,0.0,76.84097293225925,76.84097293225925,76.84097293225925,76.84097293225925,76.84097293225925,0.23623865338200387,0.0,0.23623865338200387,0.23623865338200387,0.23623865338200387,0.23623865338200387,0.23623865338200387,-0.8660254037844386,0.5000000000000001,0.43388373911755823,-0.900968867902419
user_06_vpn_s237,user_06,vpn,2026-01-08T20:18:19.828387185,2026-01-08T20:18:36.614096272,16.785709,1,16.785709087233517,0.0,1.000000005196892,1.5316156822323217,5008.024480295708,6.1450199317771075,298.35048851947255,0.3660864090862714,0.0,0.0,0.0,0.0,0.0,0.0,0.0,0.0,20,3,1,0,16.785709087233517,0.0,16.785709087233517,16.785709087233517,16.785709087233517,16.785709087233517,16.785709087233517,3029.831456985098,0.0,3029.831456985098,3029.831456985098,3029.831456985098,3029.831456985098,3029.831456985098,1978.1930233106095,0.0,1978.1930233106095,1978.1930233106095,1978.1930233106095,1978.1930233106095,1978.1930233106095,3.7177084030546403,0.0,3.7177084030546403,3.7177084030546403,3.7177084030546403,3.7177084030546403,3.7177084030546403,2.427311528722467,0.0,2.427311528722467,2.427311528722467,2.427311528722467,2.427311528722467,2.427311528722467,3.1744070696851345,0.0,3.1744070696851345,3.1744070696851345,3.1744070696851345,3.1744070696851345,3.1744070696851345,1.5631659344952429,0.0,1.5631659344952429,1.5631659344952429,1.5631659344952429,1.5631659344952429,1.5631659344952429,1.6112411351898916,0.0,1.6112411351898916,1.6112411351898916,1.6112411351898916,1.6112411351898916,1.6112411351898916,4.737573004180377,0.0,4.737573004180377,4.737573004180377,4.737573004180377,4.737573004180377,4.737573004180377,2.261574412024396,0.0,2.261574412024396,2.261574412024396,2.261574412024396,2.261574412024396,2.261574412024396,1.3049010949699438,0.0,1.3049010949699438,1.3049010949699438,1.3049010949699438,1.3049010949699438,1.3049010949699438,3.2906523325792296,0.0,3.2906523325792296,3.2906523325792296,3.2906523325792296,3.2906523325792296,3.2906523325792296,1.1308570842599892,0.0,1.1308570842599892,1.1308570842599892,1.1308570842599892,1.1308570842599892,1.1308570842599892,11.537034852420645,0.0,11.537034852420645,11.537034852420645,11.537034852420645,11.537034852420645,11.537034852420645,1.9200457083553162,0.0,1.9200457083553162,1.9200457083553162,1.9200457083553162,1.9200457083553162,1.9200457083553162,5.2486742348128725,0.0,5.2486742348128725,5.2486742348128725,5.2486742348128725,5.2486742348128725,5.2486742348128725,0.8413967228306746,0.0,0.8413967228306746,0.8413967228306746,0.8413967228306746,0.8413967228306746,0.8413967228306746,298.35048696897735,0.0,298.35048696897735,298.35048696897735,298.35048696897735,298.35048696897735,298.35048696897735,0.36608640718375984,0.0,0.36608640718375984,0.36608640718375984,0.36608640718375984,0.36608640718375984,0.36608640718375984,-0.8660254037844386,0.5000000000000001,0.43388373911755823,-0.900968867902419
user_06_vpn_s240,user_06,vpn,2026-01-09T11:46:00.235175912,2026-01-09T12:04:39.124078958,1118.888903,29,492.1309185377224,626.7579845229999,0.439838948458784,1.531615682232322,68357.78689116181,148.25660116833822,61.09434699716725,0.1325034154604876,0.0,0.0,0.6621638880540691,22.38421373296428,110.13100853875528,0.416449544,0.0,2.5071890365,11,4,1,0,16.970031673714566,3.1858720140751564,8.757763143693428,23.079271843584273,17.658853576991937,14.307661421528234,19.118727050075943,1426.0738724394953,555.310729122431,610.8526737947735,2857.5487922942825,1391.8333150315561,1051.7329212885695,1692.1351933502924,931.0911927729808,362.56531946256166,398.8289496386319,1865.7087580413258,908.7353512879722,686.6820009022592,1104.8040399299216,3.0693268258168396,1.6508916687829758,1.2099906735304922,7.377407583102819,2.838104361687672,1.7313997674483297,3.6749662206818448,2.042969766194823,1.0365058979587571,1.0,4.816748528162291,1.8530133861982598,1.130440088550689,2.3994049312198227,2.5951980105190002,1.6128942113729583,1.0956124860715655,7.022121778932688,1.8122793630646756,1.5410405154802733,3.542953483975295,1.268648335555416,0.8080988902670644,0.43056055317176656,3.4350622460345908,0.8918787892939984,0.7118619747565289,1.708830292909245,1.3265496749635843,0.8145612655989884,0.45038488303155433,3.587428249149474,0.9141382081378431,0.814278801866213,1.8839382881673676,3.863846346074416,2.4177247675548785,1.5261730392433321,10.456815308715903,2.700411792590641,2.294370646047927,5.25178377688454,2.5000809823369616,1.4438550212639742,0.778855643854562,5.857414376350155,1.7815429023695666,1.4293974754472056,3.553399257273653,1.2680312949570531,0.7325687955837265,0.4225616763869896,3.4553651574817614,1.036975304853931,0.787272508173015,1.4482969091549915,2.5259878063586556,1.6595701989564462,0.9124621631055742,7.1398737986736425,1.7262187538199183,1.393562953999449,3.0299600855393876,1.2931085677458258,0.8705817403087784,0.3563447505215809,3.546908932100391,0.9370648381114518,0.6586948188866651,1.7609263693246888,12.291632272776981,3.288266778489192,6.251622182668332,18.797142070073036,11.88757071708126,10.017073087142293,14.82008052763085,2.0569067921347743,1.0232749286642426,0.3422301532503148,4.088722723503955,1.8563181609282893,1.2829276433855032,2.8771336789044497,4.678399400937584,2.2537019382322043,1.077240032822731,9.607592505011274,4.4342556869072745,2.969635547604092,6.640563237564793,0.6389755666611822,0.4036235801563618,0.08548536519216164,1.7732310059433392,0.5521848423901042,0.35538632914485585,0.7693041129044179,144.68197030081134,67.63439778281173,59.51857347214902,375.9694795194,129.34180243828595,97.89460500374646,179.51800873079642,0.31389222101413283,0.20001252645295858,0.10370844206251371,0.8522815680357793,0.25420514409888884,0.20021408858264486,0.3212724017013086,0.258819045102521,-0.9659258262890682,-0.433883739117558,-0.9009688679024191
user_06_vpn_s241,user_06,vpn,2026-01-12T11:56:02.275459148,2026-01-12T11:58:49.298927480,167.023468,8,152.23995067448652,14.783517662000001,0.9114883824259147,1.5316156822323215,15904.215620119856,31.563903588151778,95.2214428940001,0.18897885408625198,0.0,0.0,-0.16035256737198328,2.1119310945714287,1.5282230343665055,1.548562813,1.1826443405,2.751630404,11,0,1,0,19.029993834310815,1.7071721388686436,16.5734498983848,22.729769240804277,19.10917532074857,18.162205482342497,19.43614469274609,1202.7470356351873,431.5036908092977,471.78859496378936,1742.6866788528905,1254.6147197929522,1001.8859194416051,1522.233211985641,785.2799168797947,281.73104768709567,308.0332752118077,1137.8093728532044,819.1446028839023,654.1366290931169,993.8741354273639,2.363344514587511,1.163460916735305,1.2099906735304922,4.921983048644641,2.1397809445664526,1.4833000516913162,2.4756221544163917,1.5821434339314613,0.7255833633450207,1.0,3.2135888302415907,1.3970743244465433,1.0,1.6163468310850577,3.4904180536111475,1.442281878906785,1.6760108002073464,6.556092093362742,2.916043837651996,2.673106942408724,4.072383458684373,1.765428702902031,0.6952150777557278,0.9491533561630523,3.252117968163734,1.5257670736040603,1.3583467603378716,1.9276926433898887,1.7249893507091167,0.7608309731251601,0.7268574440442941,3.303974125199008,1.4562996611797563,1.268773346781508,2.144690815294484,5.255846756513179,2.1326364611571753,2.6251641563703987,9.808210061526477,4.441810911256056,3.978406192338209,6.000076102074262,3.0003774477467733,1.1822287491982748,1.2938311579274353,5.666197613964142,2.8552078226885182,2.3545666788122355,3.261805173365426,1.6315837550270134,0.9972106433302547,0.7432416610400453,4.047476587447782,1.184453639659433,1.087693549000345,1.7006330758132098,3.4291589484661937,1.9021089652038414,1.5925405395716266,7.835648124918552,2.833487023878539,2.1731053470600417,3.843220700055534,1.7499164634080306,0.8218850769689381,0.9077539733265687,3.151816722526932,1.4823942336055516,1.1757765465755745,1.9989543976440414,15.215742149646468,2.396294149469432,12.53240959256459,20.17908778729284,15.199876017408755,12.945973843247662,16.32459269561771,2.156718172546632,1.0081916395988682,0.6765571725338603,3.7126142639877973,1.9994693201555074,1.3798689033734421,2.965734060760295,3.814251684664347,1.717972155061722,1.43506280689782,6.449854908492448,3.5535621685512115,2.4514775422091377,5.06316980531264,0.6061916059125029,0.3102339448127235,0.23631898887406794,1.267098312931653,0.5256550216113924,0.4100821078125125,0.6880219940155892,104.72025735061524,38.07291437240212,40.18628166803062,151.21703826968553,104.31361785056089,82.26639699766562,141.7215194352593,0.20653550179910438,0.1006165473912624,0.10306528504767797,0.4237139747911159,0.1873040034502789,0.13163928117815676,0.22730636399377332,0.258819045102521,-0.9659258262890682,0.0,1.0
user_06_vpn_s242,user_06,vpn,2026-01-12T20:35:00.122323505,2026-01-12T20:37:58.358003956,178.23568,10,165.38899571634178,12.846684739,0.9279230495058104,1.5316156822323217,23694.625488054266,52.667047653329874,132.93985518530445,0.29549104676083865,0.0,0.0,-0.32124964831230224,1.4274094154444446,0.7332865851452176,1.789234148,1.226974264,1.935679166,20,0,1,0,16.53889957163418,2.054603958643584,11.800443182465884,18.934954750822193,16.55453396036191,15.857404268091436,18.31083254548642,1433.5137926671773,574.8812165210429,866.1891255876176,2806.233351963007,1209.5099752759484,1003.496316417272,1700.8535562749244,935.9487561382491,375.342994453515,565.539472882095,1832.2046349596899,789.6954760303147,655.1880658173213,1110.4963053107028,3.1567172266400045,1.8665595339963774,1.2099906735304922,7.483925162846928,3.234639833208532,1.4491852096785374,3.6577667757534504,2.1099875386929825,1.170678335069264,1.0,4.886294420764317,2.1119134981002947,1.0325153429708487,2.3881753224296287,2.6803722467604953,0.955454085702246,1.1262605804409946,3.9314629575228937,2.936622947314373,1.8188592439284867,3.3868142098301903,1.3037601411856674,0.5646301022519706,0.3239616293796756,2.0120978456267498,1.397088590602788,0.8392481570766883,1.7833400643808062,1.3766121055748275,0.4105010399521094,0.7528316695231461,1.919365111896144,1.5600977981109172,0.9660583417257631,1.6392723560160338,3.9841323879461625,1.5148888476408453,1.4502222098206703,5.943560803149643,4.333711537917161,2.658107401005175,5.230892684407224,2.5549110770578087,0.8080938454349533,1.1592998147374522,3.416759615997105,2.979616930933463,1.767065812089243,3.163239410369577,1.3070321762138026,0.6193901769063321,0.26223718793662515,2.053031398639655,1.3992386449175673,0.8570856100073485,1.869120123765208,2.5063357315907018,1.0020026836467977,1.0876724420028765,4.238848483360667,2.457614726219499,1.6762566886711763,3.296898638548921,1.3472463846217377,0.6414176138133096,0.29951393772312546,2.146143874805261,1.5377160735970448,0.7013971861512031,1.8301604316537654,11.536079349037145,2.5888985249778047,7.386764746427524,15.551701178514216,11.880265350252511,9.353019659754844,13.308184744991049,1.6972254432918337,0.6114536337935904,0.6166614174351397,3.017135655881132,1.5484626595700477,1.4375636804011656,2.0277040256499173,5.002820222597033,2.030930026981358,1.087801993778461,7.84478898743528,4.655498353840328,4.067676997697431,6.834238622602342,0.8436101389171279,0.5256806387849974,0.11086374260191255,1.94910486322511,0.8571978475907919,0.4327503737214858,1.0160510290432154,142.99894538340612,49.398221903072866,75.9525483624602,244.9669433047516,148.4861499437206,100.93275677452002,160.11095693885918,0.3186518982907958,0.17511639377185875,0.11222226919838696,0.6533007206195782,0.31266493766501213,0.14630694696977983,0.4578798756203389,-0.8660254037844386,0.5000000000000001,0.0,1.0
user_06_vpn_s243,user_06,vpn,2026-01-13T11:08:00.708575608,2026-01-13T11:13:10.301759723,309.593184,17,282.6782497674452,26.914934356000003,0.9130635439552998,1.5316156822323215,47989.59543083644,89.73369773161747,155.00856579205708,0.2898439060325613,0.0,0.0,-0.0637903621181945,1.6821833972500002,1.4804385951141268,1.7036445809999998,0.28935889724999997,2.4594478505,11,1,1,0,16.628132339261484,2.554476313564586,9.873949951154486,19.389402032343867,17.661712721797535,15.58411604730571,18.276257265555554,1707.8518499356944,752.3062129169498,656.9547268348102,3161.7259205707187,1609.6884102487056,1136.9643169704784,2344.5055709443864,1115.065528348802,491.18471535918707,428.92922451492666,2064.307617928357,1050.974098086142,742.3300310645548,1530.740118518036,3.1784930542253194,1.6351351038667832,1.2099906735304922,6.95604394782018,2.6392322064466343,2.4487884039669554,3.853451102718257,2.099959753516885,1.0396244325711468,1.0,4.541637976494067,1.7231687015635457,1.5988269331362943,2.515938657080001,3.0068729858598373,1.4466266426653873,0.9932120397453954,5.835028754483522,3.1377668101952176,1.7098261790006548,4.022349697167099,1.4783168472607922,0.7280331962325498,0.4641534271503611,2.797141637974163,1.5065041493444082,0.7754957386251055,2.0191947820373994,1.5285561385990452,0.7301578403948442,0.5290586125950343,3.037887116509359,1.4224263661616907,0.9188125678522348,2.0031549151297,4.4851898331206295,2.170804340395919,1.4573654668957565,8.632170392457684,4.644270959539626,2.4815954559506324,6.041544479204498,2.7899780631922333,1.2355184674666848,0.9761539118573022,5.104095252707755,2.4750065747282246,1.6914090689846917,4.013251833922388,1.5295654620413512,0.8560763295020056,0.350269631335255,3.1509366303479234,1.5063769260011213,0.761565388630671,2.090766742981065,2.8340588398366244,1.5702799901069704,0.7351029200701859,5.842647158694717,2.1977159569821967,1.5178058012756708,4.150176188935261,1.4609123972550961,0.7183980022006086,0.350596143071541,3.379494700699652,1.3878499175596766,0.9834631052623369,1.8520930630563257,12.54960934336555,2.7029355345269437,8.058393668925493,17.614660051719106,11.678473992741374,10.924559993168167,14.765653441343785,1.890734368504302,0.7738939183854744,0.9732598100166432,3.8597247685267657,1.7786293349592703,1.1491267039367834,2.116060346896806,4.078522995895932,2.314117915905044,0.690663582864758,7.828558524808926,4.029573021688941,2.118691080623986,6.386577114402071,0.7221722270874589,0.5712334334073942,0.08523806218625793,1.7281310112716117,0.5882079377322037,0.16698486850416122,1.3195402423713094,179.653570179919,102.5509335327428,66.6092527186409,479.22064477681465,146.1002454979816,115.82245873213185,248.59479387353247,0.32903237681658154,0.18672604451235586,0.11144296167949659,0.773928328373455,0.25677632033981573,0.22299489952456614,0.3840363349520939,0.258819045102521,-0.9659258262890682,0.7818314824680298,0.6234898018587336
user_06_vpn_s245,user_06,vpn,2026-01-13T11:27:02.154735828,2026-01-13T11:29:52.965861734,170.811125,9,153.72295507619503,17.088170833,0.8999586828796721,1.5316156822323215,19092.330995153596,41.573081928657906,111.77451700030426,0.24338626613844916,0.0,0.0,0.15444848050264381,2.136021354125,2.916352877062645,1.318635005,0.34958040975000004,2.18140898775,11,1,1,0,17.080328341799447,2.0812692255261735,13.924299706586458,20.52656590963934,16.858606217227578,15.939123301167873,18.840063214534094,1283.4190244496106,431.0511844244909,898.9107925764223,2280.970037948197,1131.2615628162462,1035.3508414294624,1235.6313591791934,837.9510861230112,281.4356038691351,586.9036227588534,1489.2574321410025,738.6066726396002,675.9860540997101,806.7502660838961,2.7941503834395625,1.071494710030264,1.5210658046501921,5.124563624603798,2.6199617942633577,1.852260718440878,3.317044668390784,1.8250809419668717,0.69867800756803,1.0,3.345854762426285,1.710586947271771,1.209350844293536,2.1657160519251213,3.48356708773376,2.726300712131563,1.0390574701593582,10.806766838732011,3.1966705363704078,1.8647649826488926,3.4639035221662864,1.8006546686932279,1.3856821691183077,0.6320797047927422,5.488556342713975,1.7732298969037479,0.7786176294936693,1.8113913445794922,1.6829124190405322,1.347995600616487,0.406977765366616,5.318210496018036,1.3852791917909155,1.0861473531552233,1.6397489551764373,5.284221756426989,4.109570434276747,1.6711371749521005,16.295323181445987,5.0080618809499,2.643382612142562,5.288058089156135,3.117822761444984,2.1537730184604884,1.1110484667075053,8.497057982413052,2.86775482854141,1.4217571427489948,3.566764048009598,1.620213698005914,1.0963119037896647,0.563820934817965,4.408080876444505,1.4817462046104748,0.967223412301079,1.7006311124248275,3.264484547681687,2.5799428090113232,0.8255013423172831,10.0672700636847,2.9747433120024573,1.7067573742189965,3.4225371023045135,1.6578219667861505,1.094841924836691,0.5573202071911644,4.225911589922157,1.5638978975605504,0.6185606370736536,2.091775942967507,13.336116221236288,2.68458079117225,9.547021215824223,17.434161625975836,12.939516959021523,11.261342964791234,15.769345451929798,1.9190906458540518,0.5243723282522748,1.1232422987804664,2.8102618222139792,1.7664063226036093,1.5939395596684507,2.2252231949438066,3.744212120563155,2.1224337845763666,1.0892607652977802,7.57872024974286,3.0924042836635053,1.6640952090202195,5.542938625995815,0.568496420881274,0.36239972370402135,0.09453325518122006,1.2193034667158513,0.6444712831133143,0.276410802852859,0.7706996611222392,123.99848787653092,35.33064462698763,88.1338822551619,183.67551039400547,104.73251275534751,95.9694312904402,140.74838251459656,0.2759994338016339,0.11596976377096659,0.1527255138101601,0.5220346601066943,0.23628133117335026,0.1767581397238052,0.36027607419499064,0.258819045102521,-0.9659258262890682,0.7818314824680298,0.6234898018587336
user_06_vpn_s246,user_06,vpn,2026-01-14T11:15:01.555434561,2026-01-14T11:21:06.827717386,365.272282,20,333.91324606191824,31.359036776,0.9141488761031099,1.5316156822323221,53758.0575779868,103.55454497999958,147.17256202316167,0.28349959765082744,0.0,0.0,-0.14940840234991196,1.6504756197894737,1.2213941462834959,1.599561658,0.724898251,2.4585183135,11,2,1,0,16.69566230309591,1.9740676275033664,12.466270516644961,21.292236400542105,16.293966650700902,15.697438012443978,17.5560728723524,1626.168707411981,651.2441567693979,960.2054383211836,3047.844381238901,1335.0416539913826,1113.8846776054022,2150.7781405801034,1061.7341714873592,425.20076304012053,626.9232219675952,1989.9537570656653,871.6557746689863,727.2612121481554,1404.254452034179,3.123288766088444,2.1340482327125967,1.2099906735304922,10.316237524903926,2.383562908384935,1.7985320694444116,3.227393763320747,2.054438482911535,1.3809649046810495,1.0,6.735526179692847,1.5562408612262997,1.1742711244788644,2.1071825006497957,3.048230946116878,1.2242571006356067,1.3624135657829435,5.721504913720844,2.9100499228274366,2.0435954356638364,3.6520319430847743,1.5140998001996187,0.5979026622424445,0.5488595926324858,2.720595818426025,1.511484948569338,1.057159240558588,1.8128998195780053,1.5341311459172586,0.6400989153542486,0.6937002103190792,3.000909095294819,1.387389389941168,1.0243585449639436,1.8767610330470856,4.562330746316497,1.817377083191302,1.9112731584154292,8.44210073214687,4.445076313034669,3.1007546762224245,5.480063509326823,2.887743749316024,1.2058124051460586,1.161530711170809,6.219363696716056,2.766429943365599,2.101969199425942,3.705701709482704,1.440207021678063,0.5468381806252397,0.5779702525723639,2.5113954250077737,1.4886480858547149,1.0522792635524127,1.7323056423177685,2.9938145681428394,1.0988790524994687,1.370159642398477,4.968727887111329,2.7536791824995217,2.0806147007111004,3.969340714383258,1.4956037998035314,0.649299244337501,0.4773544386484256,3.0075473086569597,1.5446179733527954,0.9764582698529368,1.9317024642802,13.001729028205792,2.020837267595421,9.182655176819392,17.085573288580964,12.817072079860893,11.626213610743964,14.175890340134114,2.065192263473222,0.7030481382189445,1.0320877077723265,4.079616475717772,1.9678647568253653,1.57896258361052,2.4649430075222307,3.6939332748901164,1.814286643766009,0.7721139454213706,7.091021639854885,3.8273727486698483,1.9610908942105922,5.068390007454278,0.5466854949922767,0.3100809042650453,0.13469453345433047,1.163874031574458,0.5013424809053411,0.28518400966972113,0.7655928703859637,163.80212275454593,69.75091134772244,82.81844782061583,331.183467176114,141.77256735889222,105.87350802358176,210.85381226916823,0.31093939457748615,0.2001894742610517,0.11359683796034335,0.9037381957763388,0.22679591128778065,0.19057365648926733,0.32864936589519467,0.258819045102521,-0.9659258262890682,0.9749279121818236,-0.22252093395631434
user_06_vpn_s247,user_06,vpn,2026-01-15T11:45:01.277247444,2026-01-15T11:47:26.702701144,145.425453,8,136.86466471440576,8.560788988,0.9411328064723701,1.5316156822323221,21338.145406942916,44.28626462943564,146.72909705113943,0.30452897835866216,0.0,0.125,-0.13884509613166876,1.2229698554285715,0.9247671099983342,1.15652154,0.454253228,2.022958135,11,3,1,0,17.10808308930072,5.9970144774091585,11.21897769115306,30.484555788874374,15.192783738025206,12.441062621450323,20.0490084252258,1613.6848083024026,924.3040312954712,760.5616110712989,3832.567173353933,1350.7758784592352,970.4565068378656,1787.1103321889395,1053.5833675654621,603.4830029608358,496.5747085866766,2502.3034288653835,881.9287332514685,633.6161989562751,1166.8138116634032,3.3332425256637603,2.5066673975845526,1.2099906735304922,9.797985073590286,2.4704900404895556,2.3756633374726865,2.8649986882892513,2.202540553015695,1.6157226776086604,1.0,6.397156406305381,1.6129960466902697,1.551083189491877,1.8705728346379498,2.7261056740930147,0.8671118654532285,1.175597906351944,3.939567275164646,2.6279954910549552,2.394070658193973,3.332430116348491,1.3150193091407885,0.3774566949486047,0.5754192267457628,1.8573361433370505,1.3662936505117416,1.214717529549061,1.4869735650428777,1.4110863649522263,0.5092519732358808,0.6001786796061811,2.249958192226226,1.3022030898317247,1.118601254712145,1.8035247862059556,4.041124983233804,1.23667922894256,1.7510171330977067,5.674138547178968,3.9537878922781857,3.669540061675801,4.85009489922205,2.5041135491523443,0.9042121371315397,1.3566458646673758,4.431463142031136,2.2916203991262463,2.0532953344993183,2.8953974309514483,1.2265032281372075,0.38434923926738673,0.40591906324375643,1.660375553016302,1.2549035598797462,1.082297895752332,1.5643192142065927,2.6513203504915204,0.900858652048297,1.130339322833753,3.930438169170179,2.6480041674531503,2.0374323842168853,3.249346029010742,1.2554887871646683,0.4682981888837413,0.47525956117329327,2.1871675948326357,1.1660087453871304,1.0779079286055522,1.351179325889767,12.012872015783934,2.8573823703682044,7.832362399578009,17.02895969129748,12.06722297291595,9.997105403754338,13.87303488965325,1.7245700673341995,0.9238593641726428,0.6312770457617973,3.498318917613412,1.3941385416543968,1.030162512712563,2.434680908536067,5.095211073516788,3.6962170232080163,0.605273219408657,13.455596097576894,4.970064213999365,2.352944499918804,6.168867551531445,0.5570626176942577,0.482980011985992,0.04977956231938172,1.5588455267232888,0.3405853842070241,0.24455218048670532,0.7007525791920499,177.87058212102409,141.16030516866718,79.45001204371397,536.0189317774299,124.82968753551592,96.5506823791497,179.81129333402606,0.3846991351923494,0.3825894360056991,0.13477784822951108,1.3703361885555816,0.2647744051565868,0.17150464208977106,0.3581359203707464,0.258819045102521,-0.9659258262890682,0.43388373911755823,-0.900968867902419
user_06_vpn_s249,user_06,vpn,2026-01-16T11:32:00.096001998,2026-01-16T11:56:10.500703547,1450.404701,38,666.8109991175131,783.5937024489999,0.4597413388537501,1.531615682232322,112413.57750655944,251.57746014249173,77.50497321820211,0.17345328512037947,0.0,0.0,0.6950547373936076,21.178208174297296,117.72021571519288,1.382346173,0.037257212,2.196635545,11,4,1,0,17.547657871513504,2.66086932058282,12.346369288842357,22.70400808102795,17.931764286213706,15.849863511910964,19.150630995190014,1789.72868896229,627.9190775266802,414.89737956905725,3353.48691220138,1742.1593146793175,1288.3925576112467,2242.2876570548483,1168.523350684011,409.9716951262157,270.8886990268646,2189.5093861364035,1137.4650539880406,841.1983322953583,1464.0015005505334,3.999710882745603,2.65605267429098,1.2099906735304922,12.689629717320829,2.853653389972163,2.1031047444482813,5.070548980396574,2.62074859468839,1.7249541827069361,1.0,8.285126526535537,1.8631654292106612,1.3731282389215402,3.3105883148220814,2.967324186423807,1.6223170238004248,1.2310174010103976,8.778485220932833,2.777405587214945,1.5358964491061515,3.672723040759213,1.4920475754410327,0.8070407053779753,0.47877338426022653,4.3434110415190155,1.41533034225679,0.8796017723896491,1.8758937968375462,1.4752766109827753,0.8300023295177558,0.24132544376061804,4.435074179413817,1.2946703649166078,0.8132645993428043,1.8250074907313703,4.45937176186484,2.424366017063924,1.709790785270624,13.121896262451848,4.192735929471735,2.337331838896923,5.533251782995411,2.810144172422612,1.5259986402602612,0.9596825511948486,7.965350441960818,2.322047539963574,1.6565185234879023,3.7065886141292834,1.5285283728119663,0.896461706007718,0.49008589367721034,5.259218801961055,1.3406932074940003,0.866642473241158,2.1263818018295595,2.707959948912559,1.3774400119499652,0.8905216804644693,6.3163379937677995,2.394989316582956,1.6219646126507934,3.502039853672505,1.4662019348342916,0.8949482228075157,0.5479839179201096,5.290272951901149,1.3142727629186202,0.7560950231520681,1.8070664597566635,13.37299202445932,2.9799339584595224,7.736230663213908,19.150377763262416,13.49035874885292,11.063818502231932,15.527046332443135,2.1553557058513255,0.8745956901421411,0.7545605530279208,4.0535401911908275,2.0590616504114774,1.469844092231991,2.6502200572631187,4.174665847054185,2.107408004390604,1.1038714501787368,9.10494394651276,3.7087589209061322,2.3875031546945156,5.904009384594261,0.627018270142705,0.43022198930842404,0.12659659143178573,1.9986421440077484,0.4903797430225255,0.28054760725333305,0.8338382764718868,173.94065065741378,69.23006814419104,36.42587635845696,317.57929083808426,158.03129287747726,123.7661285493055,233.81308009196596,0.39350828718752434,0.2847395229541792,0.10623101720885117,1.2017233739490514,0.27395751249963646,0.19588450060140944,0.46800450476877775,0.258819045102521,-0.9659258262890682,-0.433883739117558,-0.9009688679024191
user_06_vpn_s250,user_06,vpn,2026-01-17T20:47:00.153122327,2026-01-17T20:52:54.752716860,354.599594,19,327.2870200340896,27.312574509,0.922976296566458,1.5316156822323215,46029.86634682238,98.46217933363752,129.80800634199932,0.2776714384327172,0.0,0.0,-0.060301299496754404,1.5173652505000002,1.344774503964471,1.2883151575,0.200873596,2.623772925,20,5,1,0,17.225632633373138,2.0565210724755074,12.57067679399049,22.19461170747136,17.194626481189776,16.265994107438576,18.383408718387923,1465.6765521976354,567.2265883760264,555.4305429578914,2704.3161780018822,1587.197004517569,1003.0195664358835,1755.7742448467975,956.9479923719636,370.3452471505755,362.64354655102136,1765.662371686059,1036.2893400283274,654.8767932266062,1146.3543140846964,3.1169757852275457,2.0352535424738383,1.2099906735304922,9.814877605750619,2.7736667384918157,1.6283922373299329,3.8757914712427093,2.065244179700745,1.3025270352687135,1.0,6.408185630121968,1.8109417203467197,1.0631859259605907,2.530524802144728,2.8318562885701737,1.44190955325201,1.1402925812758604,5.988157828774089,2.419379663456213,1.6115069075196065,4.011499627547899,1.4394667209486127,0.7011805068751386,0.5657697918148799,3.0465138651580816,1.2109661203962205,0.8602504485252909,1.9691163295101726,1.3923895676215607,0.7493435750396619,0.5261076836240705,2.941643963616007,1.3297281590088579,0.7203104389025508,2.042383298037727,4.2713230095187855,2.1400931597734134,1.7060623730907403,9.03467169393217,3.5090311679035677,2.4717573560448973,5.980615957058072,2.6819484501070376,1.292750702935933,1.209424186283705,5.253522024621685,2.5981572728981024,1.4004445541060702,3.7135550292632686,1.461812559986587,0.7718501553539455,0.5558096411329919,3.019567879717235,1.292883299144418,0.8083508084660495,1.9072476508659795,2.7856156970671946,1.5052823596020386,1.0804682097508571,6.518780381261848,2.291592212548441,1.4735906696478036,3.8113182547846813,1.3804387571961036,0.6045307474301878,0.5872250640405277,2.513970060994274,1.3982104851410861,0.7669225291424673,1.8084291212762242,12.62304843319134,2.4940227205539505,8.421174248726008,18.375726790474587,12.119335298156395,10.876887222716464,14.344468769519882,1.9471511206139256,0.6244973519206218,0.7404804996899144,3.06899787462098,1.9006554305090118,1.491222594540979,2.4411882760119594,4.602584200181796,1.940792840023114,0.9385177155652755,7.71831615628377,5.019599443604946,3.324891651896581,6.023299867622057,0.7383225934380363,0.4198664351758911,0.11485101527119063,1.4797335239016867,0.7396480370750819,0.3900882352798437,1.1180759609330182,142.68365311242414,57.01353801145896,51.23153693421692,259.9636900852669,145.6275509666008,100.87059280429415,175.27070020196982,0.29827886251370905,0.1889693508718464,0.11106678194462943,0.9434961122080762,0.26937659421161114,0.15075127407782724,0.3841125007128656,-0.8660254037844386,0.5000000000000001,-0.9749279121818236,-0.2225209339563146
user_06_vpn_s254,user_06,vpn,2026-01-22T20:12:00.888645696,2026-01-22T20:16:28.436482251,267.547836,14,247.50208313454243,20.045753427,0.9250760044814655,1.5316156822323217,38196.107949904464,73.78429482558522,142.76365871972317,0.27577982288589775,0.0,0.0,0.099142891262777,1.5419810328461538,1.8813832674203483,0.702655139,0.17982084,1.859717594,20,3,1,0,17.678720223895887,2.5836526748820927,13.506448299254357,22.452518644624085,18.790011074435515,15.535478575145877,19.361787351173742,1650.604799448153,523.2305205110828,309.62261801091194,2355.103396491244,1655.8051126377206,1450.1676166126917,1921.3212604474375,1077.688625545023,341.619981161643,202.15424900823598,1537.659495010324,1081.08393760006,946.8221260956796,1254.44083834864,3.17725339383549,1.2735034408343493,1.2099906735304922,5.399815445587506,3.280608525483736,2.072081494896184,4.1578602991389975,2.093053379420597,0.8047918152449576,1.0,3.5255681358115263,2.141926701026113,1.3528729947947093,2.7146890354889406,2.8968663081332715,1.7805894103078608,1.3337323789237105,7.003628611317124,2.1151734240039026,1.8397833348174595,3.143297842544506,1.444161287310514,0.9121237839585132,0.529581627731915,3.6342860079357524,1.0508915113816448,0.8624094209595866,1.5964661595492915,1.4527050208227572,0.8799151294276361,0.6615969645558067,3.5867354607034354,1.1109367275699937,0.954046506384005,1.5728134099958566,4.3410275954437845,2.6889935395480093,1.9741402602464273,10.637914619252877,3.1660649353855472,2.7021927557770464,4.783938993563314,2.6814875163358467,1.6713923928952603,1.1276372813061355,7.473557226921921,2.1404986503383423,1.5273205394646494,2.9850402874718056,1.3414479243697353,0.6845273023872265,0.6472038182258584,2.9318999132055312,1.0910306851485727,0.8863661796062642,1.444276906023486,2.8365061295099614,2.087444267735985,1.3300565645801496,8.342945661960432,2.289740461336006,1.5811434561136106,2.4490571704916255,1.5156451578982728,1.0623688485796918,0.5909502153208427,4.016090792003847,1.1544594063174083,0.887014370049689,1.5243920355564335,12.793488964145265,2.8713517189672233,7.589767557453834,17.457918349483297,12.779319841460044,10.978991446764198,15.432710363017842,1.9251438956083977,1.0373851212161815,0.6371276457610782,3.883138181794307,1.8893909975733254,1.0206183240968438,2.5476999685488138,4.885231259750621,2.6752799582485247,1.0759170941916807,9.188408040687918,5.328986165831885,2.861307242997686,7.355980995693474,0.5989794742229174,0.42755256447548146,0.16260637893658642,1.6136697137749887,0.412966751141828,0.2823563456593191,0.9275634984962503,160.9705005557953,59.29185070985459,22.793739763431176,251.41229209025238,171.04516586607812,125.65575623794527,201.96456172687212,0.31711194760572053,0.16110491777455585,0.08907686623740405,0.6268309990325813,0.28345094518354585,0.1715841295089007,0.4365640434199766,-0.8660254037844386,0.5000000000000001,0.43388373911755823,-0.900968867902419
user_06_vpn_s256,user_06,vpn,2026-01-25T20:31:00.261289446,2026-01-25T20:39:41.555564242,521.294274,29,473.92570445419693,62.87654792,0.9091327645279237,1.5316156822323217,72372.84790887544,142.97184032725744,138.83299993599286,0.2742632088210074,0.0,0.0,0.02955272923268285,2.245590997142857,2.3823595670692597,1.313688569,0.5642969105,3.0816163335,20,6,1,0,16.342265670834376,2.3496909091626765,12.356363218276552,20.149736568955273,16.498608610464586,13.812434616555366,18.262595153483453,1509.8357066651736,508.3864885979645,726.9928459387356,2690.330145341889,1515.3262851420577,1073.637147059207,1858.3142234804168,985.7797384684624,331.9282340182061,474.65748384029826,1756.5308168043484,989.3645662686595,700.9833860504655,1213.3032098312897,2.967777615925808,1.4869585516202193,1.2099906735304922,6.78451683837884,2.332778560302951,1.9657814451281235,4.076333811931903,1.9622858436347927,0.9440428864146857,1.0,4.429647017253339,1.5230834910902313,1.2834691286674524,2.6614599597143505,3.721099988830525,2.3819275628552483,1.251797068512329,10.204181128321094,2.7005582436170585,2.044106383624447,5.590313804133895,1.858948569189356,1.186155629340372,0.4447880068570871,5.115828890767398,1.3886999282509473,1.0351998680470578,2.6496922014370083,1.8621514196411693,1.2056456512222085,0.5639234221990796,5.088352237553696,1.3117375903349806,1.0854073277676577,2.7403520908306707,5.5800485580198815,3.5647590026676093,1.8007762620722356,15.320010019088492,4.089137446836875,3.0028054394812367,8.240006005570903,3.5603237855852865,2.235294647714776,0.9392296430609731,9.029235268267513,2.8759898552590495,1.864369280933719,4.776969509038268,1.8312414428043167,1.2171121701071297,0.46812466358361576,5.267611399187784,1.5238969987599305,0.9547450657125987,2.308693016668538,3.6280372656684587,2.3977028721223923,1.2744069292933944,9.266080867147867,2.664314126022995,1.7437275069249552,5.399387410540328,1.795358304850159,1.1428742595061827,0.4015009589466639,4.070049958446446,1.2476318507084434,1.0258104622085515,2.3303825091429715,11.796073742702003,2.284738011062624,7.342215668216601,16.059586029303034,11.805592802898248,10.206044806711908,13.150389325693489,1.711719597793435,0.7741727908711499,0.6100989400845228,3.3721093147396415,1.396967431907424,1.1669049165683567,2.127578090459741,4.546191928132375,2.0375955570161404,0.8026686749365872,8.682363872508445,4.142788208692151,3.021924232130221,6.148744620926514,0.6542442127566686,0.39333805656430276,0.08588349735624519,1.695871523937234,0.6249057863554407,0.2900260236239962,0.8755367925358315,155.93078435925733,59.327454631005814,65.79844319386493,324.5909990285698,148.77302142483305,109.44407087765043,192.3233730826733,0.3053527103927039,0.15492584764123973,0.09984606492960488,0.6485326967167019,0.259411418353621,0.19079241849491776,0.3926697892120477,-0.8660254037844386,0.5000000000000001,-0.7818314824680299,0.6234898018587334
user_06_vpn_s258,user_06,vpn,2026-01-28T11:22:00,2026-01-28T11:26:11.280738439,251.280738,14,235.0238443631918,16.256894083000002,0.9353038606691445,1.5316156822323217,34664.79658774134,55.79058322527347,137.95246250725884,0.22202490994464316,0.0,0.0,0.16820688271057138,1.2505303140769233,1.75629984136374,0.509042805,0.017300034,1.198411475,11,2,1,0,16.7874174545137,3.0478564857742865,11.849185855367141,21.951358314126814,16.046868981883904,14.14663944042614,19.58777950541434,1498.0028775356661,535.9418171691359,854.4185604907237,2493.663988588436,1339.7220968408096,1050.812600015177,1810.0961796239749,978.0540215887153,349.9192541486671,557.8544085193834,1628.126440279022,874.7116606224425,686.0811182630509,1181.8213933313673,2.3885012203777514,0.9257665149116447,1.2099906735304922,3.699774131858115,2.4513091489624093,1.484597180696065,3.2821407872810227,1.5965404385703539,0.5625977408414597,1.0,2.415602147965548,1.6004727409095465,1.0003849677093162,2.1429271228780578,2.538044245919031,1.7406231442287554,1.06305111543312,7.108776560141917,1.738197354974795,1.4600108772768323,2.613426449819108,1.2620310485480764,0.8696447122039942,0.4805442750441394,3.536831988074791,0.8709638403555966,0.7812817061249964,1.2854263288350738,1.2760131973709545,0.878846893066276,0.49642750467200125,3.5719445720671255,0.8473033250416484,0.7581762304991135,1.3465937259947607,3.800075294467107,2.6076291626544763,1.5435953904772592,10.645608548216707,2.6463484053518442,2.2327453318945167,3.8865921633474474,2.2225187440422616,1.6285563649267982,1.0343460580811292,5.989544985379852,1.487843045078666,1.16859689834388,2.0432033915444245,1.1728197639213984,0.6778702316864392,0.6089604217614447,2.744856267964307,0.9135941207163658,0.7149702227025153,1.1148827439829452,2.3989050330198642,1.6141794648827488,0.9414282293028534,6.675653986850851,2.006318287592781,1.2417123881109762,2.399972138366822,1.267579378056403,1.0340723909738,0.3598143786920341,4.369828729383418,0.831968096779133,0.6846291488273504,1.2510481176631174,12.296723740266989,3.16917210531619,7.720289282734009,17.348517850616556,12.195111235168305,9.57243163547015,15.130269781042525,1.8685351059112592,0.9797959699931966,0.47823428025251963,3.456442000610111,1.7090007932601945,1.2115669604575514,2.551322137494526,4.49069371424671,1.9391263340687415,0.8190101211101322,8.385078477147331,4.656879477472498,2.7990818786070926,5.838636826706366,0.5897131474277015,0.30042928460738216,0.18022354882926736,1.1532184477746512,0.465598586135743,0.3916184064188986,0.8110319829960051,155.02464189809717,66.76758857791636,70.16192556172564,302.9140345977692,158.53567406038087,93.03069858681805,180.6626952346093,0.24710411265236448,0.11230584340730966,0.09629423835514078,0.4372961118850763,0.22983038220724544,0.1589203979080425,0.34103705040478977,0.258819045102521,-0.9659258262890682,0.9749279121818236,-0.22252093395631434
user_07_direct_s259,user_07,direct,2026-01-01T08:36:07.252601993,2026-01-01T08:37:56.300943721,109.048341,18,73.35625025911229,35.692091478,0.6726947845920214,1.459079004003421,11117.830941095335,39.9322266837539,101.95323320962156,0.36618830068908526,0.0,0.0,0.1806057069898903,2.0995347928235297,3.0250671496936015,0.943460207,0.076011656,1.918020434,8,3,0,0,4.0753472366173495,1.0717151532512346,2.2591303601891695,5.95065632870284,4.070677867282486,3.3128827212711167,4.848176448388971,366.48304484462255,120.98658755930215,145.4888798656179,588.1534110111495,359.2718789683612,278.20161151421127,468.86706226194207,251.17422966067386,82.91983314634722,99.7128184741371,403.09908469477955,246.23195727071047,190.66932684993867,321.3445337609989,1.2116915803710266,0.10309498011708651,1.186687374930221,1.636763072864727,1.186687374930221,1.186687374930221,1.186687374930221,1.0067654576153013,0.02789469635352736,1.0,1.1217782370754266,1.0,1.0,1.0,4.190984188995217,3.1429290193544817,1.509164166950797,13.88106612236664,3.032640669361002,2.1788831261707386,4.7293176304539095,2.079073356424368,1.5806464954477912,0.85005212825601,6.787484988693028,1.4821831468356605,1.0392218852642476,2.368832293312183,2.111910832570849,1.5704759414671348,0.6534526203220474,7.093581133673612,1.5008306504194486,1.131774307916575,2.40338316031474,6.2700575454195855,4.72085772353041,2.364875713579546,20.668551111059667,4.564450688302555,3.225991944424902,7.06527419437038,3.8188724356006074,3.1243592742025035,1.3200097510185926,12.95382309226056,2.5130068949943434,1.689415428047815,4.0525495021039415,2.0171206374065624,1.3323793663893966,0.6055276144211624,4.988821552367258,1.4724227527725229,1.1356524614108117,2.1295534986042552,3.8586001347493686,2.8046283376426757,1.4521403185898474,11.877715262848977,2.8838058602815444,1.883703940852363,4.1616268829290455,1.9255495762382695,1.2206353143537982,0.7524514176148225,5.541329135027616,1.5869255337144121,1.0090754255323373,2.410588747017201,3.06623976390286,0.9672598896584284,1.7503437536947772,5.22533984705062,2.8658000066624756,2.39660613200286,3.2699416950115054,0.44138463587336835,0.18554671402288647,0.1312528318175134,0.752973023681868,0.45670232247456377,0.30373873132779367,0.5620188288027341,1.0091074727144884,0.6071752033249453,0.16470067607122596,2.3936844884041184,0.8670202539827558,0.538755736747778,1.3668074849309528,0.1470956924223363,0.1119942187452084,0.008656419072920335,0.464437987552443,0.1388436424871376,0.06770111195809095,0.17789274492232043,162.25160363057446,63.94971029801318,41.20582416380372,289.52617666499515,154.78566532733862,121.79530365041222,196.32174040914276,0.5419163791260844,0.16549388802273576,0.3360973797718835,0.8852964110634718,0.49340457001370175,0.4125446796978777,0.6488211512798745,0.8660254037844387,-0.4999999999999998,0.43388373911755823,-0.900968867902419
user_07_direct_s262,user_07,direct,2026-01-04T08:13:01.781961100,2026-01-04T08:14:18.816452745,77.034491,13,59.31536567235736,17.719125980999998,0.7699845212498043,1.4590790040034212,8405.0882664067,29.479870346890664,109.10811712128661,0.38268404144957174,0.0,0.0,0.03615253220679843,1.4765938317499998,1.5873636534126019,0.699147103,0.029236927500000003,2.98723833775,8,6,0,0,4.562720436335182,1.355216681474861,2.3981784704729394,6.801415897540899,4.731237518494403,3.447028828105001,5.44991518091007,383.62354349688337,198.6671898239072,155.8317784382806,855.0846716764701,310.64718816410164,276.37025533560546,396.54926127163503,262.92170776517037,136.15930959105307,106.80146723426856,586.0441205241722,212.90635209728043,189.41418153321428,271.7805274310597,1.2494952854581398,0.16859414216609098,1.186687374930221,1.8040514398781369,1.186687374930221,1.186687374930221,1.186687374930221,1.018187048918065,0.06300178553165875,1.0,1.2364316359348466,1.0,1.0,1.0,3.3922523970406084,1.547357118688584,1.6289368054623081,6.440673283795373,2.659321078708972,2.123611342706335,4.86382115209906,1.703684609683181,0.823865832027631,0.763615739324231,3.342990806115452,1.2586809559037682,0.9880418063779101,2.4766884243525302,1.688567787357427,0.729281345787688,0.8653210661380771,3.097682477679921,1.400640122805204,1.020971901816628,2.3163806993291933,5.095937006723791,2.3694485946235955,2.3925525447865392,9.783664089910825,3.91800203461274,3.1347270565603003,7.34050957645159,2.936882724995958,1.3175446908813209,1.5404782358364422,5.962523700263266,2.0500415978555835,1.9339582724521658,4.026370870703437,1.5205466404167791,0.6008801788900928,0.7161597505091981,2.4960292146640852,1.4595606015632991,0.8966035004142007,1.9362245869543004,3.1125683288009927,1.5491276588591874,1.1923423783670664,6.555558398805666,2.5602815519580457,2.0251316649497024,4.346273299332038,1.6999246614696706,0.9652198045250613,0.7342482012269156,3.7596394422039205,1.3181587651361788,0.8980721006989468,2.312417608357417,3.34278241801611,1.1434860288493087,1.5327600085508926,5.165768678541417,3.3154696622398334,2.034769584388486,4.246368517798524,0.59766533235624,0.2811572863533738,0.2456710006942578,1.1061206038642022,0.4987699928826943,0.4118156495709639,0.8509065580885373,1.219938018319072,0.6531216540911222,0.2952080204893761,2.5550473797423745,1.0279281265455316,0.8371440585617065,1.4642966394089747,0.18816021866921862,0.13306506840843915,0.022590492634526085,0.45615706725592003,0.13010550216543387,0.09325558388120067,0.2932677078084774,154.08400270843762,78.90569856158199,44.532580003712596,338.4865392861009,141.2589805711918,115.90600154097032,186.78357332984567,0.5054727914807642,0.16241342790752378,0.294056418564716,0.833966289258524,0.4816243779144377,0.408269005836036,0.5802098269945416,0.8660254037844387,-0.4999999999999998,-0.7818314824680299,0.6234898018587334
user_07_direct_s263,user_07,direct,2026-01-04T21:32:05.496560530,2026-01-04T21:33:35.637889487,90.141328,13,56.73945634645047,33.401872618,0.6294499715652122,1.4590790040034218,7439.944068986333,30.72858783886738,82.53643732635416,0.3408934450008034,0.07692307692307693,0.0,0.19912501467460086,2.783489384833333,4.167631416379827,1.2064285475,0.0,2.728658967,21,6,0,0,4.3645735651115745,1.7132424215342243,1.5286103037821022,7.6222284489323044,4.289218551690327,3.2841306173847205,5.490475610240038,339.5726037251177,146.86879083808932,185.73804557876133,728.4466015622626,294.2563971572059,245.86058254203843,338.80440693924936,232.73078619690793,100.65855956744684,127.29814154623108,499.2509655498783,201.67269650911652,168.50395480124527,232.20429189210302,1.3148079728033382,0.27696088623516657,1.186687374930221,2.1338075883506376,1.186687374930221,1.186687374930221,1.186687374930221,1.0489295532633833,0.12796532357446935,1.0,1.462434578590944,1.0,1.0,1.0,4.909349029979201,4.085049548387653,1.7409716849688601,15.728877743340965,3.826502828255835,2.027393687870805,4.841626156607239,2.4784975783485668,2.0063732178372935,0.7370361288272332,7.71204415599112,2.225052713852322,1.1388209073942794,2.3203999939072304,2.4308514516306348,2.0874315918753683,0.8885727804765258,8.016833587349844,1.586320081884676,0.9482197916184083,2.6046320002827317,7.387846608327769,6.0884280363090895,2.4780078137960935,23.440921899332086,6.0666855746269945,3.1662145952650844,7.078620312931746,5.000212951413246,4.761361290327158,1.3248956133470102,18.42098535306137,3.884220972070818,1.5722995606776953,5.064508114135419,2.634961335397873,2.519387711771827,0.7149202124991002,9.427519450518844,1.8065256436322736,0.9733110027084944,2.741025674975432,4.501108187326595,3.5489254280652682,1.5170452948328894,11.941506403017593,2.794250130628263,1.750410153174321,5.10114127601927,2.5431574861709993,2.2527389430029547,0.8965275285869707,8.83819892644435,1.6465553126769679,1.0803019843507624,2.90662952139931,3.3810369831625446,1.4560013048067812,1.2343218271306413,6.1379588938674745,3.3233339808646774,2.4311388177704374,3.996001845547432,0.5861757180450505,0.31360096992373027,0.12595467280557587,1.1238128014961046,0.5790054019393595,0.29880540822964335,0.8264421508846423,0.9835365819490304,0.6723793428855509,0.29321670614289497,2.1684720216849516,0.8401831611839654,0.33148978395486717,1.48426955506483,0.1463587707504019,0.1097865982565854,0.03864723121307643,0.34913705269215023,0.0823624607434966,0.05543951948883801,0.23724720354243772,152.06966121495773,76.91621138031292,44.487652572416835,323.604066916161,138.18159194903262,105.06473199072302,177.65116034412011,0.6021343419487594,0.2786953216039422,0.26239045620315316,1.308377939787257,0.549010345182923,0.3937554834979206,0.7951900515625245,-0.7071067811865477,0.7071067811865474,-0.7818314824680299,0.6234898018587334
user_07_direct_s265,user_07,direct,2026-01-05T08:18:06.080211067,2026-01-05T08:23:54.137942011,348.05773,24,90.87683522007276,257.180895736,0.26109701749785236,1.4590790040034212,20642.244952054403,64.40373270403995,59.30695736036204,0.18503750140541328,0.08333333333333333,0.0,0.6141045752452432,11.181778075478261,46.77059636681774,1.254654438,0.0,2.0863875615,8,0,0,0,3.7865348008363653,1.2976327846220994,1.206673119586541,6.097786329930256,3.796973441306398,2.92458825671204,4.54874779245039,510.3310723920843,192.38356115206085,206.46533087757686,955.4560741385338,501.4211848785287,361.0147517666564,648.0693829961896,349.76246727684924,131.85273766821317,141.50387354699595,654.8350510952138,343.65595248970703,247.42645927746477,444.163325781549,1.5091538454639741,0.6362514563538528,1.186687374930221,3.293132860839106,1.186687374930221,1.186687374930221,1.314360031809557,1.1743350172043574,0.3671479097005226,1.0,2.256994207855372,1.0,1.0,1.0408303796076668,3.2412985165822428,1.414200538465674,1.362718345617341,7.672516074924971,3.117084770814708,1.9697460152422137,3.8036544034900883,1.5895393121840755,0.7091341435636299,0.7094344522153958,3.7804845580832067,1.5456958672723464,1.0032034716145355,1.8574135667271512,1.6517592043981673,0.7138575437009879,0.6532838934019453,3.8920315168417643,1.5687649584372725,1.054942266211464,2.0081853213178444,4.830837828766318,2.120395293437014,2.0721527978327368,11.453000633008177,4.668622578490298,2.901467260073254,5.66106797021724,3.015780538633899,1.31862511567538,1.2569632000156152,6.4223665281206035,2.9141209081612525,2.09525275376835,3.781290290069972,1.5551129888040904,0.6864490071864736,0.6739843144558977,3.4492081092675364,1.4939171806873162,1.0907097494926778,1.7998960878176793,2.907580048762003,1.2996843910330094,1.2551813369696483,6.041762851924859,2.6661708515095492,1.8674957375330017,3.7316008212482528,1.4766731157216724,0.5727183311951302,0.5167294092867313,2.821070736111038,1.2390623009746398,1.042396234450289,1.9666436400475504,2.9179600266019423,1.090553974100687,1.0077129940496092,5.546112198151025,2.8163414439159435,2.109994173433291,3.412453897226756,0.4146792245631928,0.23082479810263704,0.11277393880817163,0.8586315531117731,0.35105155083877504,0.22148631514301992,0.6289704619101174,0.868574774234423,0.5632695271560239,0.0950486666508108,2.420185542778016,0.6820181692917013,0.504898461982612,1.0955925889053597,0.14578153092648566,0.09489220813210583,0.014145766801641717,0.41824476571191394,0.14118029083703504,0.07659181535766461,0.19313801453252202,255.00877793360473,116.32553362918314,72.78538978116771,468.7191802667704,247.22981716611477,176.24468679897234,342.9005972328748,0.7609525688860636,0.41745955105253446,0.3279878781883909,1.9113351925846112,0.6250695401729678,0.4972020991677556,0.863444681795007,0.8660254037844387,-0.4999999999999998,0.0,1.0
user_07_direct_s268,user_07,direct,2026-01-08T21:05:00,2026-01-08T21:06:07.475958007,67.475958,11,45.217688691998596,22.258269321,0.6701303698718675,1.4590790040034214,8046.385292180507,24.838466308728034,119.24818158462466,0.36810839067639517,0.09090909090909091,0.0,-0.007877362174855853,2.2258269321,2.1910337210591946,1.8626537129999998,0.6767824265,3.1613669365,21,3,0,0,4.110698971999873,1.4393009835190527,1.3940827794661894,6.6417840436768305,4.345289199361458,3.1742966950032034,5.109222108923442,434.02472000249213,162.7488905166034,185.82867269223192,669.3209632357048,498.655815148293,287.6488414593606,558.6031847621803,297.46485201391766,111.54220578190281,127.36025409340766,458.72839058010004,341.76066805161423,197.14411671342657,382.846427938093,1.2490362675894569,0.13090044133026127,1.186687374930221,1.6036261166128887,1.186687374930221,1.186687374930221,1.2023683058878807,1.0090061241130917,0.028479865087532908,1.0,1.0990673652440062,1.0,1.0,1.0,3.8471877458579367,2.212786090316235,1.5092736401687195,9.465199765109046,2.772868720503732,2.320669070756877,4.828268244168472,1.9284057950018587,1.165622291705976,0.6239744957303174,4.734746691899383,1.5590688450416255,1.0390496757921492,2.471383392397187,1.9187819508560777,1.0592082407800432,0.8852991444384021,4.730453073209664,1.526059532761857,1.1461528716398255,2.3859662123711427,5.775593540859796,3.3746515552722545,2.133248135899037,14.19994645700843,4.331937565545358,3.379722978481962,7.270570275965801,3.7207128511271246,2.677507317697748,1.2094656053951836,11.171882954963127,3.2098461517315924,1.8386059756571567,4.45913131577781,1.874275921669106,1.226195617885818,0.6867867408319636,5.271171895850519,1.4174871856667577,1.0252391147309625,2.2820312617579814,3.871683871484629,2.388155171071009,1.249459773112928,9.95352484108969,3.1122498717015192,2.2657155562502878,4.7869010038029804,1.9449837944975636,1.3353305508706264,0.5984710134394202,5.275872282047102,1.7540225423865992,0.8889056897590699,2.698283607785719,3.193625843620009,1.2977482038255026,1.187824405878869,5.002342604323987,3.190148069560922,1.9575047776643066,4.512142731476798,0.5291355958846927,0.3192862188313477,0.17401484336720785,1.0469538015339273,0.5715422941114282,0.20985338369634157,0.782918556098554,0.9170731283798631,0.534915979670737,0.20625837358732046,1.8518830899458427,0.9428153502897993,0.4162064217403868,1.2472720068308378,0.13829157829022742,0.09838543017207024,0.020193133411480678,0.3263769752789153,0.15516715510991697,0.05565785687303787,0.17896194180203479,222.38399080339832,175.7162119583931,82.93249791222931,675.3730381908781,180.16458406889663,107.57482118677335,209.53096244237838,0.6185979962222096,0.34119786601798974,0.301123912919761,1.4725496781824094,0.4602685594077146,0.39717038789592285,0.6300675609540516,-0.7071067811865477,0.7071067811865474,0.43388373911755823,-0.900968867902419
user_07_direct_s270,user_07,direct,2026-01-09T08:06:01.100989683,2026-01-09T08:08:05.872289662,124.771299,18,85.03657059887584,39.734729388,0.6815395149398568,1.4590790040034205,10998.362741690995,41.524183070418545,88.14817854618148,0.33280236242806566,0.0,0.0,0.024048119405499658,2.3373370228235295,2.4525241768900106,1.450371204,0.69741145,3.193524039,8,4,0,0,4.724253922159769,1.5729322290771812,2.018189767688824,7.426158953030428,4.809324231242364,3.521514531417926,5.493390866714407,362.54495029076753,173.58019917048298,145.633311098712,945.3928839134941,339.17506715123255,265.4913647005185,391.4204392421044,248.47520202539877,118.96559315445813,99.81180641975064,647.938104324389,232.45832900110548,181.95818319094667,268.26541823172363,1.2764758483507928,0.20393634041186312,1.186687374930221,1.8470913702327088,1.186687374930221,1.186687374930221,1.186687374930221,1.0304232111169043,0.07231313970263782,1.0,1.265929648199076,1.0,1.0,1.0,4.059389146018389,2.37139151739675,1.3821531619231195,10.261859871861535,3.410527369999513,2.383875574428716,4.897091048126311,1.9987232157638917,1.1698127960670335,0.5987886858593751,5.043227005673909,1.5948884561389591,1.2300515274568111,2.4525105458881096,2.060665930254497,1.2103481446520283,0.755070118636022,5.218632866187626,1.7419768561247386,1.195052796186254,2.439986194261272,6.058112361782282,3.538216610382165,1.9809418477824945,15.305086877535445,4.955077699081551,3.6367438562913854,7.287466912011101,4.142996800858761,2.755644834496219,1.3472268200881332,11.813720161107414,2.959889982145839,2.3861453217925765,4.940253373829459,2.126993912402615,1.434272380985104,0.4592047983017232,6.143022508448885,1.7029570887327932,1.0816546236542468,2.4799636772712854,3.944302529786928,2.6279695562109917,1.3491477922761326,11.723855146362542,3.1820217624299225,2.029874550399484,5.024430371176999,1.867861729584618,0.996633136234856,0.5479839068043428,4.171358209549494,1.6172539335250118,1.1774238769120415,2.272017162476106,3.57657187373018,1.2404361033778837,1.8608602951082258,6.264238311005694,3.6421391892819717,2.53601509670232,4.484566090339238,0.5537567565411734,0.280862772428693,0.22138080603848892,1.1032988366833445,0.4742711481850067,0.31502600965896843,0.7540896684723953,1.1476820484295887,0.5627244340158735,0.15732947258059826,2.1150681301565477,1.0139633968835429,0.6734167132499645,1.5573432097640945,0.1602025893207194,0.11278063879168264,0.03689163310779451,0.4259206760621729,0.10397591360089209,0.08389412476279447,0.2144337555948526,144.80367099034981,94.28861806499927,68.76725479199517,457.9130486544364,109.34003683509414,97.79426037826947,165.48438826055877,0.5186797055025485,0.2092676299988204,0.2693182320294734,0.9909870875474438,0.42664771263382995,0.36411654857183745,0.6366331917650012,0.8660254037844387,-0.4999999999999998,-0.433883739117558,-0.9009688679024191
user_07_direct_s274,user_07,direct,2026-01-14T08:51:00.559675904,2026-01-14T08:53:18.603573550,138.043897,21,90.95905667555724,47.08484098,0.6589140023738771,1.459079004003421,15037.23717244342,52.64098057648975,108.93083648923228,0.38133508051058396,0.0,0.0,-0.018157572879158965,2.3542420490000002,2.2702720963746583,1.8919034705,0.73134779475,3.21506155125,8,2,0,0,4.331383651217012,1.381211724957053,2.07106988420439,6.7968433836720745,4.0879070981058145,2.9835269131382045,5.470996593794581,424.8690358659528,167.02931780040765,173.4312748770138,903.9806253424771,373.41869618654636,305.66987716000096,488.4315311303545,291.1898771075433,114.4758558941035,118.86352582769885,619.5556394562153,255.9276743493396,209.49508307727274,334.75331341907867,1.389177471352347,0.6575061316208247,1.186687374930221,4.076180674674376,1.186687374930221,1.186687374930221,1.186687374930221,1.117535889432879,0.401319241853384,1.0,2.793666870327206,1.0,1.0,1.0,4.07676633279524,2.270888708584012,1.5006232672593585,10.522538751865772,3.7838313818164835,2.3767398774949644,4.8247083925336165,2.0365272006063284,1.104938463139554,0.6689041967993723,5.090567971185022,1.8356242560049205,1.2523146494820776,2.4344349076655374,2.040239132188912,1.1712064010035477,0.7967293776798383,5.43197078068075,1.8416734410394757,1.0916495876398569,2.390273484868079,6.113293533401568,3.374007207231105,2.1695274640587305,15.613106723050794,5.678359793685352,3.6618301673500717,7.259143300199154,4.044234524083499,2.6179925177504733,1.174759611428219,12.347492388487815,3.5594495338647216,2.281201567376564,4.469460490899984,1.8812358780617586,0.998536901017443,0.5124601991432636,4.44911949072898,1.5586793492364008,1.2259711888748686,2.434274578667087,3.736802076628821,2.1563049660999365,1.3362685601539601,9.184108683566157,3.350707790042358,2.249037498147437,4.1020616015055955,1.9564833185748565,0.9090921406762462,0.8085018797505306,4.781214677695336,1.6480914401757045,1.386792878986566,2.305292039937873,3.294695921251022,1.3087730295040876,1.3083878442683445,5.648941568772422,2.9757372924673215,2.2796208762313186,4.63513454853778,0.5066336415909325,0.3606317034552906,0.09104001807927707,1.2989858303630066,0.3800692384052626,0.27325308544474036,0.5306871401979906,1.03668772996599,0.5431611336384289,0.392728272303025,2.367315456810554,0.9161720639473443,0.6107454610261884,1.2021440007621882,0.13705926433666563,0.10699803736951329,0.02345154172471207,0.48249605027383236,0.09891888495371383,0.06725812996491352,0.17315394749862167,195.96348081767206,136.9626993603198,53.426244321965925,605.1364343220102,148.97515433886545,113.404290403549,228.2242919041062,0.6270109380187501,0.49907610270732394,0.29425424231556685,2.7286485683144344,0.5085334931171461,0.37945558187489853,0.670347564552824,0.8660254037844387,-0.4999999999999998,0.9749279121818236,-0.22252093395631434
user_07_direct_s276,user_07,direct,2026-01-18T08:25:00.015708414,2026-01-18T08:27:03.705923303,123.690214,17,69.49732953532829,54.192885361,0.5618660303662203,1.4590790040034207,11636.705888273544,37.784044016357235,94.07943855828032,0.3054731881728108,0.0,0.0,-0.1339099834567109,3.3870553350625,2.587061454591477,2.7515421545,1.45042477675,4.80344761725,8,6,0,0,4.088078207960487,0.8875998312841675,2.410985628072746,5.943476398626647,4.068530794069596,3.6712962094066754,4.400214110603035,406.15094009971693,230.62949158081537,128.12414141376314,993.5006663339216,334.3627419544738,207.8828603321176,498.8607203489286,278.36117097519735,158.0651156983372,87.81165451782675,680.9094391790672,229.16013528880148,142.47539698791402,341.9011026682959,1.2225908244916022,0.07891295980098689,1.186687374930221,1.429738057541091,1.186687374930221,1.186687374930221,1.186687374930221,1.0,0.0,1.0,1.0,1.0,1.0,1.0,5.0038450060031465,2.667250767148767,1.64319662035041,10.428054108921636,4.2945232647238605,2.6811253592869004,6.2791427891562694,2.53303863648417,1.3108930242724595,0.9416674292901426,5.224308517622028,2.1296100015630524,1.5004455534058585,3.125620104603705,2.470806369518977,1.36199331472495,0.6692150275368587,5.203745591299608,2.164913263160808,1.4988461859943183,3.2474538267247177,7.536883642487318,3.976217871612206,2.617178213163961,15.652362626543663,6.424133266286913,4.16397585467233,9.310831751587822,4.7637645222941325,2.7035366256088182,1.1776217979669497,10.523618612918689,4.621322831598646,2.562446755601633,7.154661370283787,2.751104386712963,1.631119507208729,0.9562178940859505,6.549586943566489,2.5777682778178947,1.2674948101680916,3.7220690686088647,5.013480336068992,2.801712526178268,1.3503647019615472,10.780919134901714,3.8902490341884985,2.696312503124952,7.13317607500085,2.5519805470359587,1.386697010257213,0.7647029111879541,6.105508057879795,2.0301678111556716,1.43990046723214,3.5107908871709816,3.148286553785178,0.9522859048228803,1.6972593943687888,5.55667307516075,3.130312957815044,2.5236819027491872,3.72173465932893,0.5372008589937747,0.3039478981839122,0.12668103150016893,1.3799188674933605,0.5332513100329036,0.3614739204884913,0.6921161149802526,0.9397916541753096,0.48482463461693204,0.25045068173330964,1.970757096891866,0.828719178060151,0.6097215330816561,1.1590615952592143,0.17114278876816016,0.10035101313823065,0.024404863627667448,0.35574389093739983,0.1491016727943505,0.1022730348743142,0.20983795713395628,179.26183490127247,111.04457165106247,50.56259902824597,387.51720312072223,138.50770849877355,94.16183604685926,297.42607417083104,0.5313072628683824,0.13502226809160628,0.336503397315103,0.8295362596577264,0.4983659419406044,0.4545233367577894,0.5576725935152609,0.8660254037844387,-0.4999999999999998,-0.7818314824680299,0.6234898018587334
user_07_direct_s278,user_07,direct,2026-01-19T08:46:00,2026-01-19T08:47:30.198201788,90.198201,16,70.11552752712632,20.082674268,0.777349511961179,1.4590790040034212,11172.843968573368,36.0294515862757,123.86992029445652,0.3994475631091101,0.0625,0.0,0.25697211599719094,1.3388449512,2.264909308969699,0.0,0.0,1.9620257735,8,0,0,0,4.382220470445395,1.3881770157246494,1.515154207169822,6.637941419163367,4.723678150533885,3.4516130499977073,5.310073354302334,414.3335274866026,183.42258174614219,218.15292821692353,949.7466077383926,354.93487649421263,321.7915038144929,415.6531635577803,283.9692205492329,125.71120634514466,149.5141302275994,650.9219892360029,243.25953256838204,220.54426314926152,284.8736514042839,1.2420817790377,0.12897341993157221,1.186687374930221,1.6869041544553156,1.186687374930221,1.186687374930221,1.1969969630015025,1.0097589451045312,0.03779623186640161,1.0,1.1561431216724987,1.0,1.0,1.0,3.1482690116093814,2.1620873595741097,1.6969086575612256,10.400657305200383,2.1155816949358304,1.9415888115705295,3.483943856299084,1.5880680004765688,1.1498363858813392,0.7662649511182922,5.432354265428729,1.090004385262121,0.9724344816759949,1.8843798027998975,1.5602010111328126,1.021375969882405,0.7016119076367642,4.968303039771654,1.119748103342939,0.9910875845882577,1.6025653211040853,4.736337012085951,3.3091210400347073,2.4631736086795177,15.833011570629111,3.1783204836419254,2.8168110235671593,5.368323659098982,2.7719145976337423,1.7589759037133286,1.2253392008763373,8.473576980584497,2.0925495240574943,1.746717702265511,3.0185481403771646,1.5801927987344393,1.0185580239928593,0.5700663404096604,4.915189651231816,1.2466854261788862,0.9875161017854189,1.9663508328161534,2.973231585163399,1.6326675319630208,1.509160691093557,7.689198222316527,2.2641918079210503,1.8680055321613707,3.250618381970817,1.6726672538439964,1.211819437808585,0.565553275549281,5.433194715728846,1.1566972418997183,0.9185759791779367,2.0554954243827614,3.332726604438223,1.3076067963608278,1.2426098167242647,5.970545939660171,3.4687683385843857,2.203013967274698,4.29715720316453,0.46268495932940323,0.2803897978095755,0.11777599258008967,0.9462068167341623,0.4417829818593459,0.19232277526449676,0.6996047090502466,1.049493866007172,0.5603858431066725,0.2384234588822327,2.288707547133431,0.979937311851478,0.666071166576661,1.400641846575001,0.15586956792757756,0.09106822634961208,0.03270444158764863,0.35766516763849915,0.16183064442278342,0.08057839767071068,0.19953160553943544,169.78554814105456,67.0489738566966,95.72308787135955,286.3771590973061,148.81070839929214,113.63000270823892,243.80674318002212,0.54239533116872,0.2365753077775945,0.31363225345169066,1.319997654717818,0.47950018472557365,0.40630990276942414,0.5852970075982611,0.8660254037844387,-0.4999999999999998,0.0,1.0
user_07_direct_s279,user_07,direct,2026-01-20T21:19:04.611714307,2026-01-20T21:20:27.922404912,83.31069,16,65.60330367112427,17.707386941999996,0.7874536109486582,1.4590790040034207,11609.525880602805,36.76916755443085,139.35217534031713,0.4413499342573066,0.0,0.0,0.024480999184960394,1.1804924627999998,1.2397422262500468,0.899708871,0.0,2.2157415525,21,1,0,0,4.100206479445267,0.9477765668120277,2.625624844312526,6.122269109254999,3.975716698352307,3.6190976294086643,4.311761165250355,430.5274309824064,163.95053547247042,181.10871205524026,807.6933405832332,443.9484733906387,268.4046134684714,540.9557080110892,295.06793655526894,112.36576979219282,124.125363711159,553.5638155076484,304.2662338177253,183.95481857529504,370.7514853731806,1.2632983700505458,0.2623989888727014,1.186687374930221,2.27090127278262,1.186687374930221,1.186687374930221,1.186687374930221,1.0347746021013822,0.13468145480964247,1.0,1.5563936336221142,1.0,1.0,1.0,3.2911899955902175,1.4817681849761732,1.6389305374929635,6.386486059493743,2.843516005096028,1.947160041970559,4.258430814018455,1.6686855098120195,0.7015878707887211,0.9127776072164154,2.998494740416436,1.519315796882601,1.0285363163633954,2.1058358069044223,1.6225044857781983,0.7967481572236251,0.5855496363778694,3.3879913190773068,1.3242002082134272,0.9971119074113357,2.19430888179745,4.959875505402237,2.1773647748715934,2.6923114386080575,9.38498079991018,4.362831801978629,2.9093562401153106,6.359103495247678,3.180748710820507,1.4282596116859037,1.3427923781024345,6.153339134660314,2.937782293713819,1.9758410685976067,4.356296683824798,1.7520868695161416,0.8609322489158409,0.7726357351580293,3.475302759750259,1.4421035841081322,1.1275154541341783,2.443673106326462,3.1407920550523816,1.3414393460214553,1.62275819184368,6.073676536096303,2.737622639544158,1.9672077939212544,4.164120736420657,1.5595033485754735,0.7406315035412172,0.6532990386575295,3.572301647023409,1.405216424486014,1.0349675204151907,1.8916647046878399,3.1481563176767007,0.8962294838228168,1.8895796046666238,5.169842060132312,2.990325997075526,2.413962473209212,3.716103718303453,0.433670102040315,0.2610720718283359,0.1462588121321802,1.1423752167810615,0.3544995064468419,0.25364041088065414,0.49766821722751986,0.9520501617685657,0.4641426836278774,0.2645876980432682,1.915179780541802,0.8926031509514074,0.5583397733988628,1.2923865510051444,0.14347552369150068,0.0842932217484396,0.03720380968037698,0.3171623340131278,0.1053672805699484,0.07949368769918369,0.19299364601580404,189.1056500901828,94.76568082243544,61.52400519303964,412.40729329177475,165.22741123468887,125.84181483550591,236.5433924097092,0.5493655686847934,0.1789187665924972,0.32667626403037586,1.0721374944616577,0.5049713905460873,0.46415813820040386,0.5780715634300535,-0.7071067811865477,0.7071067811865474,0.7818314824680298,0.6234898018587336
user_07_direct_s280,user_07,direct,2026-01-21T08:29:06.108652121,2026-01-21T09:00:22.893785821,1876.785133,32,144.37382105440656,1732.411312662,0.07692613209463577,1.459079004003421,21060.86626402258,73.75509236482418,11.221778078749615,0.03929863417392287,0.03125,0.0,0.6806051270636115,55.88423589232258,294.05397932412916,2.42567687,0.0943596005,3.759004728,8,2,0,0,4.511681907950205,0.9972493340150724,1.8497082614376543,6.570896135688972,4.57515184078753,3.782432951198638,5.313397114709879,390.510376572022,148.70037797777024,133.2880758511613,753.9729535503636,394.04667444113466,300.5583582994495,472.94932230209156,267.6416941786837,101.91386317654226,91.35082849211418,516.745804361253,270.06534489218836,205.99183284440215,324.1423672086386,1.2718221432596586,0.2321926569606248,1.186687374930221,2.1327402976155523,1.186687374930221,1.186687374930221,1.186687374930221,1.0330244931410972,0.10411487471000812,1.0,1.4617030961063375,1.0,1.0,1.0,4.132049234859935,1.991791203539321,1.6725711765724083,8.872078985635154,3.9910948796695926,2.1566191725823893,5.549562870360332,2.0221688468434658,1.0013964715383532,0.8241134948261786,4.219894719988848,2.0491203616242895,0.9878471357160991,2.736930964671629,2.10988038801647,1.0016822001175603,0.763521044415437,4.652184265646306,2.0040318902346383,1.2595584626562206,2.820358284213872,6.154218081703402,2.9894292019346778,2.5816213087293796,13.091973705624003,6.0402152412938825,3.0228914498891144,8.330289469158714,4.2614178934251115,2.2827420457126797,1.5257368541277398,10.638699915894675,3.409387498873673,2.1311156871431747,5.993392081434968,2.161563783664484,1.083406542185327,0.8648771000078744,4.816721750782149,2.1141729012043,1.1566028009264195,2.9223250381164503,3.9356763727948003,1.8583330624204866,1.4769333189004292,8.589598073716223,3.678088636918031,2.294917031565004,5.081122523204598,2.0166057221826117,1.0999677140408401,0.5825144383180717,4.7673383894423935,2.090560777237238,1.008417125626043,2.7382048390492684,3.5056142875463445,0.9848398395757028,1.5610116127057472,5.822157094209184,3.558209871833901,2.810277893849641,4.159369169515818,0.5318937531599957,0.26107908844135785,0.18638162437338052,1.1000690668257012,0.4512856771833308,0.31993961258495424,0.7034776883151038,1.0060676204038606,0.4879918937891896,0.2176647201611428,1.8589980730145026,0.9457013504035268,0.6888287474810306,1.358877658056017,0.15393790540334473,0.0997870025172683,0.03925911121495519,0.4156921573785741,0.12173182238095417,0.08189249022420302,0.2032267413828931,154.56009376612653,72.31429728492219,41.80939617302368,362.80758776581627,140.37174705669156,95.046039225161,196.10426700449548,0.5068213300604782,0.17605600890732803,0.3043724872072256,1.08125159069438,0.4594524497607385,0.376407050057345,0.5543239417820905,0.8660254037844387,-0.4999999999999998,0.9749279121818236,-0.22252093395631434
user_07_direct_s282,user_07,direct,2026-01-23T08:29:01.333500827,2026-01-23T08:30:33.011120515,91.67761899999999,16,64.78250190196482,26.895117793999997,0.7066337739635759,1.4590790040034214,10472.631510337807,35.41254490260799,114.23324061609637,0.3862725198241459,0.0625,0.0,0.24350424009913432,1.793007852933333,2.947290633784679,0.755510754,0.0,1.5544867230000001,8,4,0,0,4.048906368872801,1.553379915585995,1.6339693110962106,7.061828588193315,4.055399789461596,2.7722452290028023,5.052406102980861,388.36686236294656,155.45563088887496,210.93245634748212,809.3486885473977,338.74438622487236,304.121811928617,395.75037058095893,266.17260703316646,106.54366930257768,144.56547984634528,554.6983311573305,232.16315586436752,208.43409513410006,271.2329966335606,1.209923336380445,0.08474006684577262,1.186687374930221,1.5375359006087583,1.186687374930221,1.186687374930221,1.186687374930221,1.0033607200325543,0.013016012717348254,1.0,1.053771520520868,1.0,1.0,1.0,3.6508772002182788,2.9059003322684154,1.6221389910276036,13.432290914399061,2.664288482130729,1.8887897811871448,3.386559300521691,1.8319877212316782,1.455075072760431,0.7287902598096379,6.687962256652403,1.3148360008644548,0.9840122318371497,1.694342819777817,1.8188894789866008,1.4542312641004203,0.7692033316047604,6.744328657746658,1.4001696399204113,0.9836122773963628,1.6922164807438742,5.482864921449957,4.359840805282438,2.3509292508372415,20.120253171051466,3.9994356748935314,2.82466634289732,5.080902120299509,3.254053896220322,2.652317573260048,1.4050510912537058,12.019311801882752,2.41000263217934,1.8845268320984236,2.8523031667055108,1.7967594083260254,1.2927462859940595,0.65034593693638,5.317726920453254,1.3232206920047211,0.9487771144875436,1.7546307083801669,3.399203362521938,2.5823643353069947,1.2570175702715534,10.986979860671058,2.4524322790223496,1.8493463144450941,3.4335675517319593,1.8737387391813924,1.9084349313392939,0.6784781297575357,8.587347675403228,1.1559718658357305,0.9441594052925792,1.804239255745649,3.0357607924381727,1.3094553486098774,0.9099452668768384,5.986266439133102,3.0710832412717197,1.8342213274613985,3.728757953160047,0.4102869664681869,0.27555247643100506,0.08410088542581315,1.0938076620942219,0.3659147518984931,0.21226569555420588,0.4733937652505727,1.0131455764346287,0.7091979149602652,0.18114067904925624,2.670153944587195,1.0101467258450207,0.46082080255145064,1.1376845210237065,0.13246506828710836,0.08063650180297272,0.010885846391029417,0.2720512197169546,0.13727458145243537,0.07038729522108031,0.19937760303444818,193.3257008768456,103.81697248414366,67.52915644581553,358.30104997096834,180.31153380491014,91.13361784722812,269.47776599205685,0.5954352543124983,0.25845560676283796,0.2832127649407696,1.2240131968318448,0.5437659411194432,0.3973279705853482,0.7215664215458643,0.8660254037844387,-0.4999999999999998,-0.433883739117558,-0.9009688679024191
user_07_direct_s284,user_07,direct,2026-01-24T08:19:01.477944408,2026-01-24T08:20:37.203606161,95.725661,16,69.72873449007545,25.996927269,0.7284225960066805,1.459079004003421,9338.309065838997,35.4644792021602,97.55282928617225,0.3704803793641101,0.125,0.0,-0.05414458637679712,1.7331284846000001,1.5550892931091094,1.584272779,0.8002155074999999,2.0031834435,8,5,0,0,4.358045905629716,1.4749704034056257,1.682659204635525,6.63999499684829,4.286348256144767,3.5641452973279297,5.426598378368485,346.30167098836137,129.33053766667572,119.26803608377573,668.4422370923174,332.2461839992394,260.9380909179699,407.2664546401108,237.34264562657597,88.63847489534055,81.74200009494213,458.12614344956353,227.70952298513126,178.83753395258788,279.12570431255136,1.2165299501350124,0.07895662824480303,1.186687374930221,1.4262955239742783,1.186687374930221,1.186687374930221,1.186687374930221,1.0,0.0,1.0,1.0,1.0,1.0,1.0,3.5302788274943984,1.4886649077285423,1.6523145484392108,6.926183864045873,3.384122514694476,2.6028283886533274,3.8240801237047575,1.8072619823247482,0.7256798958562495,0.9156685501294122,3.426961105529852,1.743397971424518,1.233201669150457,1.991434013074932,1.7230168451696501,0.782148689168398,0.6104710209580984,3.5044242471210003,1.4991386938121725,1.3779993615676713,1.8682111946248334,5.337540809819147,2.2076486281872145,2.694158075920323,10.347943480970745,5.127622245923409,3.8161541771594756,5.82641772767701,3.547451920011234,1.7041945434185748,1.4846413416229984,7.582985620730336,3.1885489012249577,2.719736528235746,3.6242019462909183,1.8260089651582798,0.7576296189864068,0.925872724782402,4.1254684115654845,1.6221259524004152,1.4016877561208263,2.0352164966056714,3.38826651237012,1.7549446854226471,1.321554446242254,7.66494034634343,2.907911882385207,2.4737070568096846,3.8136453968426873,1.6859863177386756,0.5307006184351138,0.9814105005055199,2.614124829795195,1.675397580394664,1.174929958740371,2.057344429559716,3.346951647542711,1.2943744489676945,1.038714278914363,5.912851977954995,3.2953549739902073,2.5668396232036645,4.150764095680195,0.5861282632128038,0.3006346860786008,0.16860537698744732,1.175216866049453,0.6126408300319632,0.3064638493745816,0.7997577910989149,1.0110942580870053,0.5175081285229618,0.3190421097573872,2.3764443026805977,0.869260633119481,0.6627997121232105,1.3259471633427993,0.15445721579428362,0.093026481535654,0.027264025637868533,0.3987423556025795,0.1272581701600471,0.09607567400322008,0.19494539824056817,148.80448694658153,66.80445851945444,46.60572505549695,309.5780245262889,157.12174872597234,89.14531757627225,175.57464456887325,0.5483324666652195,0.24882122820005026,0.3012050462311057,1.1885948114093685,0.46659997440536705,0.36862553327350067,0.6306609359251084,0.8660254037844387,-0.4999999999999998,-0.9749279121818236,-0.2225209339563146
user_07_direct_s286,user_07,direct,2026-01-25T08:31:00.797954135,2026-01-25T08:31:52.214594424,51.41664,11,37.05579805791161,14.360842237000002,0.720696608294739,1.4590790040034214,7332.916447214231,28.100040034910037,142.61757375072023,0.5465164591639989,0.0,0.0,0.10504132553903463,1.4360842237000002,1.7731907175478856,0.504704439,0.0,2.1184331455,8,6,0,0,3.368708914355601,0.7754727752093555,2.1208574527827015,4.644822899414911,3.3056560302921634,2.7768709722045095,3.9659661444094754,395.539971333059,175.47777839950393,187.537491951986,793.0357871537751,376.4055047223852,287.78753455766184,424.1879566639667,271.0887965955074,120.26612535580867,128.53141703596629,543.5180582942003,257.97472493922794,197.23917194890092,290.7230900452133,1.43048286578234,0.6078889856063179,1.186687374930221,3.3154170081706904,1.186687374930221,1.186687374930221,1.2595475870392026,1.1240662283003908,0.36405489463641905,1.0,2.2722669568089517,1.0,1.0,1.0,3.234738292850072,1.6772551408545764,1.8257964259773463,6.777892775513724,2.5862640156298022,1.9702963548989567,3.8968848553628654,1.64790113169151,0.8461448559155342,0.8414663458925901,3.338512667293971,1.2445649458587194,1.0594414106716752,1.963936323479311,1.5868371611585617,0.8457342065168895,0.7408271874474135,3.439380108219753,1.3252496308005357,0.9194163832339486,1.9329485318835544,4.882639424541582,2.5185363807890684,2.6672627718699364,10.116405442807695,3.8472784004590688,3.067522352733061,5.860821178842176,3.4395016636944162,2.1257153911580584,1.3333656282288007,7.892431091600147,2.317927293769883,1.959329466047726,4.601158840793992,1.6306790042147037,0.7766015174784495,0.7001237878415062,3.337207603862684,1.4044870354656467,1.0924984349001803,1.891880931465184,3.1428574125576376,1.9514603697378126,1.4766691754283074,7.413193840967703,2.145281671332795,1.9810580295191464,3.3292081631410464,1.6686888577090455,0.9429154715103607,0.8811849908875864,3.590200064704943,1.1784350901620964,1.0699955809320585,1.8613448161153996,2.6198141746648456,0.6865363091357439,1.4690625506796635,4.163381347986815,2.5418417976122156,2.2403829833301288,2.783219434647821,0.4128196361728445,0.2316755023265171,0.07689328389390965,0.9681581925085291,0.4298280045749044,0.2568982123164768,0.4536621633791179,0.7488947396907555,0.5071783683102278,0.2357093835911912,1.9068412720548902,0.58506707444467,0.40789510718980315,0.9389353331148547,0.11330544518848122,0.07652249474756473,0.028341196247785246,0.27615541907271296,0.08183086510824797,0.06283788366399921,0.1457373428588328,210.62584320088445,111.57507467601417,93.37830636867916,494.8835400843567,202.87774783929564,123.51872103949901,256.38038460019,0.7785009104274974,0.44546191042555583,0.4305869229700731,2.068942325727913,0.605023626678797,0.5045020226051221,0.8919068531549236,0.8660254037844387,-0.4999999999999998,-0.7818314824680299,0.6234898018587334
user_07_direct_s289,user_07,direct,2026-01-30T08:23:02.780356427,2026-01-30T08:23:55.697804879,52.917448,10,44.013875002987845,8.903573455,0.8317459867487912,1.459079004003421,6287.052644196791,21.866873749302208,118.80868941746381,0.4132261583986856,0.1,0.0,-0.09594771388428003,0.9892859394444444,0.816066500113456,0.681400726,0.602263814,1.327491445,8,4,0,0,4.401387500298784,1.3839172422910055,1.4985337268411594,6.320161456692762,4.716449309773462,3.6907046497057747,5.289699691492884,373.03829991949976,137.3152075491698,191.64991466904303,649.0973600539648,327.32275336387363,274.79883611521325,452.74500567525513,255.6669645001794,94.11087896707741,131.34992289190234,444.86786409301453,224.33518162194477,188.33718761028035,310.29505902902673,1.186687374930221,0.0,1.186687374930221,1.186687374930221,1.186687374930221,1.186687374930221,1.186687374930221,1.0,0.0,1.0,1.0,1.0,1.0,1.0,2.9185668223715533,0.9155486000796015,1.9098828947558257,4.767478886773005,2.6484978606428164,2.22104659765196,3.313561498940711,1.4565447375038771,0.45640041797007275,0.9780890597790113,2.4064583177770564,1.2733275254429137,1.0781593199330841,1.6727002660162813,1.4620220848676762,0.4786977244225714,0.7634339071995648,2.3610205689959485,1.375170335199903,1.2236307784696954,1.6408612329244294,4.375111559875431,1.36525076447318,2.999496802673086,7.173937204550061,3.9218253860857306,3.2184624168342246,4.986261764956993,2.84609771880367,0.9945062396689193,1.681631606450212,4.829469252891537,2.7639633797115772,2.075987929526339,3.228047989093911,1.4861713133866012,0.6348212612653932,0.8652530465909183,3.00473433629969,1.2743994974163333,1.0501452418922268,1.7621554328140314,2.607069055621625,0.74966877337719,1.700973917680727,4.020114044266216,2.3595517013007656,2.044835558104236,3.1814299519403706,1.4538392819372925,0.49174479301844726,0.8405037169271369,2.3210674856601545,1.238712367920972,1.1035612300922113,1.8684794282513473,3.6277925020792923,1.4020970944346285,1.0087393636759532,5.279004420170329,4.072222938664146,2.777241159702353,4.677435077102906,0.5711982753521527,0.33880397732663087,0.09471752418605692,1.1033045455086286,0.5320173126814873,0.36551594390806796,0.8201243364084485,0.7735949982194926,0.469620061366758,0.2699995160632058,1.7708924333449763,0.4976443166182163,0.42339208817987783,1.1177427403076954,0.11258753973437634,0.07060821155786375,0.020783965252411,0.20830792843511156,0.09437044572030144,0.04467806710752085,0.18433091888359243,148.85679998448327,39.68925517247033,88.72018775967128,215.54392255275712,151.96522857343814,118.65762111039069,181.37826511592903,0.5380394635521676,0.28976771301674137,0.3164476119327761,1.334637962547502,0.4250001038557889,0.37820168626400624,0.5481083990530937,0.8660254037844387,-0.4999999999999998,-0.433883739117558,-0.9009688679024191
user_07_direct_s290,user_07,direct,2026-01-30T21:08:03.814931632,2026-01-30T21:10:14.036983776,130.222052,22,84.46233620697875,45.75971595,0.6486024057352341,1.4590790040034212,15892.29972357898,50.895241444885244,122.04000382038967,0.3908342762475072,0.13636363636363635,0.0,0.05626546867085229,2.179034092857143,2.4388621915740516,0.998258213,0.226366591,3.965420006,21,4,0,0,3.839197100317216,1.3752670590103278,0.5542419643311849,5.587602793945656,4.09799747156995,3.1202905412138637,4.871273811401126,428.6179872858686,155.93084519971578,253.9043686151608,839.0316511066027,387.4751929181523,303.4323199326481,500.2267270451765,293.75927287681236,106.86936401104582,174.01687497284107,575.0419605823041,265.56148903177814,207.96154224691776,342.8373142733563,1.2820233761517412,0.20873261723172398,1.186687374930221,1.832997514698382,1.186687374930221,1.186687374930221,1.186687374930221,1.031396689524861,0.07542933459755854,1.0,1.2562702291438663,1.0,1.0,1.0,4.016013548078481,2.3910772445782973,1.6811993890327974,11.561948848407447,3.4422712742518815,2.098011370217565,5.595344415713948,2.0352966022942867,1.2032311605909811,0.7973764928836022,5.881361501197883,1.7363066780580079,1.0757345054967602,2.7257031715650597,1.9807169457841949,1.1972247128485556,0.6405642772297282,5.680587347209563,1.7766251581464174,0.9325267252293467,2.8026433478637376,6.0513101503727675,3.5911953744761944,2.5154571403981314,17.44331034960533,5.103908069469592,3.156686875713471,8.321047587279008,3.694916113056857,1.904620892528261,1.5464676723756745,8.549485892243387,3.3241939233084947,2.0136780789673576,4.860159625272235,1.9907002098382796,1.1534679203364093,0.7457358115804009,5.548642224167569,1.7934832395361135,1.0343848089479195,2.6938912034258027,3.9681759609401865,2.788292667988825,1.3483463728728835,13.496776577775524,3.4450276865170415,1.6616069199960783,5.603957609798463,1.843551394561639,1.119586613102719,0.6487756305887639,5.631904500220219,1.5482559260487725,1.053315152207207,2.3232728179565307,2.8430179549059784,1.2284450235254432,0.38915351327081116,5.009222039585208,2.8176944277938727,2.040719336279631,3.692226745969809,0.404789719956099,0.2812616367269705,0.05962958192174152,1.167490628067131,0.3483964464035588,0.20661483911760548,0.551746162090326,0.9961791454112369,0.6337657244888301,0.16508845106037373,2.2000311996959403,0.9568622895563252,0.4028217539039025,1.3706128966466702,0.13183808262635702,0.07710637769598272,0.023572247064154374,0.30994250612385926,0.12321039400691806,0.0782010053218656,0.17302225091114287,248.07433397911643,204.23730930805365,93.12646048062211,1008.3834597584247,175.26177326112105,124.19749882132504,301.64698865583694,0.7669306940442034,0.7021078118377966,0.35793524947175254,3.6085322453225657,0.5522628474744637,0.41691996793235314,0.7021921518742048,-0.7071067811865477,0.7071067811865474,-0.433883739117558,-0.9009688679024191
user_07_vpn_s260,user_07,vpn,2026-01-01T08:38:01.654049847,2026-01-01T08:40:26.230783881,144.576734,20,99.96704630641719,44.609687738000005,0.6914462897357828,1.4590790040034212,16016.38158903705,54.10911926880094,110.78118273882886,0.37425882970077984,0.0,0.0,0.0627509230046053,2.3478783020000003,2.662269714420051,1.554188242,0.121369412,2.7881636304999997,8,3,1,0,4.99835231532086,1.0450368837018293,3.4474585228192027,7.302991845654665,4.815165329724657,4.38960965390678,5.536008581841392,475.16094559437744,162.42570836825018,257.59991018888354,808.9212512212797,457.00355556533304,322.5952186731529,586.9622791887333,325.65813385747504,111.32070842126198,176.5496655644286,554.4053810669344,313.2137151664897,221.09510025709102,402.28272600608074,1.5388033523554232,0.5455441149772907,1.186687374930221,2.972501350465036,1.186687374930221,1.186687374930221,1.6800676940584394,1.1666526110846236,0.3067564671642154,1.0,2.0372449622735207,1.0,1.0,1.1514576588715688,4.5088524061289315,2.633465823238733,1.8798703288142975,12.236029908053581,3.6797218757303662,2.427855679359632,5.025712455124037,2.2627682805754645,1.2988102537313797,0.8773749095999376,6.099928722497313,1.8802597918228425,1.368635786937115,2.474092116158194,2.246084125553468,1.3404905311441186,0.9945790413428559,6.136101185556268,1.7920360626925569,1.1256612584006283,2.5837145077733963,6.771620686704398,3.930290799755333,2.757245238414235,18.335958630550895,5.631563152864418,3.779451471750919,7.4998045712822305,4.045161691160223,2.59666900361744,1.3461817944224077,11.706309642147271,3.0420786865007514,2.5182449178057493,4.831251238576842,2.1100068714101137,1.0274079007860073,0.8616728316684475,4.950210218123494,1.7905823504964586,1.321531067119376,2.4807713029991247,4.109597343737278,2.4762106983507386,1.424854289091211,11.306807701237917,3.7439099974964694,2.3082078815871805,4.520616595557038,2.409932667936551,1.6197475157455412,0.7020585667626714,7.688607318317371,1.8332102170968638,1.387917773924162,3.0254446901837646,3.8857722560084205,1.0801040901458026,2.3605883058640975,5.898517368891243,3.744586825519858,3.0628783922581397,4.425259595631291,0.6636578334395318,0.2979978994029224,0.17040491807195596,1.3000941939498047,0.6554300499240038,0.4461402821741955,0.7768393011851407,1.1125800593124402,0.5567547389031375,0.28053704421640546,2.2957965033785523,0.9621127606571904,0.7496480693199332,1.42045453842585,0.16139661636650576,0.10750995258799124,0.04279419662820377,0.4402509814976477,0.13627143055199392,0.08127204555064871,0.2230352474224898,167.00248587140428,66.93581066750724,80.30377568208209,329.7816597190472,150.9370352251808,114.79282800550915,210.54108902938245,0.5286482971158714,0.1680501281295098,0.29521584549086394,0.9614770514859372,0.5021995010211509,0.40561330108411664,0.6039271653489471,0.8660254037844387,-0.4999999999999998,0.43388373911755823,-0.900968867902419
user_07_vpn_s261,user_07,vpn,2026-01-01T21:55:00,2026-01-01T21:57:30.024390515,150.02439,22,102.26366644351646,47.760724085,0.6816469404975848,1.459079004003421,18718.518251579062,54.438986128702716,124.76983410216873,0.36286757192415653,0.045454545454545456,0.0,0.021583931196139737,2.2743201945238094,2.3746635395725173,1.637268115,0.007239118,3.661096118,21,3,1,0,4.648348474705293,1.2101708265672635,1.8578178394305018,6.897464431281787,4.726953578067651,3.8310014153001233,5.257792735541883,504.84157469431335,329.6083154709186,185.66475011054482,1498.0867771354979,389.31700191975506,308.21898191955677,550.671002479396,346.0001640138259,225.90162326134447,127.24790748212936,1026.7345174764678,266.8237983354891,211.2421473229794,377.4099969696397,1.3775377077023918,0.5749590003606968,1.186687374930221,3.8350685560762843,1.186687374930221,1.186687374930221,1.186687374930221,1.0969616617840954,0.34781054266233696,1.0,2.628417341044332,1.0,1.0,1.0,4.409550150000942,2.360310394188476,2.053420244428598,10.677187809040774,3.8132203892476166,2.409619539440395,5.879602861635142,2.192375007898604,1.205505579118759,0.941723870756493,5.421950985860947,1.920750750239225,1.1674362044391593,2.853347104968355,2.217175142102337,1.1595430614149536,1.1116963736721048,5.2552368231798265,1.894785959459695,1.2035400368940192,3.026255756666787,6.601925157899549,3.5642779921220598,2.9951441151850906,16.09913879490172,5.736287459938145,3.644041714864076,8.732949966603496,4.36538710517359,2.5337812514121087,2.1030156572314427,12.576729932589286,2.823539037229632,2.5984814731415278,5.621342199203289,2.326810782829842,1.3317128172265114,0.7776289637242676,5.433497090606984,1.760486774100987,1.3836184208284221,3.042488947049915,4.22326100020195,2.60168890217543,1.6074208918015889,11.848255656013817,3.2831165882317794,2.254445686565916,4.636507659876743,2.2904379846915863,1.3192945116208634,0.8707090740949036,5.423955933853529,1.7776632239398782,1.3314886994932418,3.061879782349739,3.3634843716106304,1.1102093169065095,1.4125360880871056,5.781003047606963,3.1982062812273417,2.654433586031747,3.993186666721323,0.5177513671776762,0.26616974836136476,0.1252235004108418,1.2955877291101687,0.44427093122927896,0.37168504595676,0.6631451736895809,1.2848641030946621,0.6227734270489923,0.25929298079342544,2.5382354275040924,1.1988546842312622,0.7738522729088935,1.6603903148609664,0.2150211614540609,0.1363495052635215,0.021134398880197663,0.5372282134042246,0.18300143791886375,0.13061156383959685,0.2712554206539442,207.6029194093844,212.00450901737943,58.18582197221638,1119.6312793595184,154.47226647667463,114.97882815484323,211.9636915020565,0.5862771063023718,0.5231667673864491,0.2899616257431473,2.866230968329803,0.453866120837513,0.39188302805932346,0.5329878776299402,-0.7071067811865477,0.7071067811865474,0.43388373911755823,-0.900968867902419
user_07_vpn_s264,user_07,vpn,2026-01-04T21:47:00.675061899,2026-01-04T21:49:26.487837220,145.812775,22,111.34977679088266,34.462998541,0.7636489792535851,1.4590790040034207,16667.604232832797,50.66450353071662,114.30825750921205,0.3474627208124708,0.045454545454545456,0.0,-0.0721604909854924,1.6410951686190476,1.4201912384385569,1.528860219,0.149475198,2.572487257,21,6,1,0,5.061353490494667,1.5938618340417967,1.292529295391192,8.16557185035934,5.039322772896783,4.288501716357465,5.991344418278908,449.5280798508225,228.82182413542245,104.69712723482263,1142.9795253568236,369.5123037077368,316.86098609392445,526.4487202023518,308.0902943688501,156.82620578295015,71.75562594455448,783.3568451199121,253.25037417019152,217.16506455409282,360.80892039285175,1.2791111579726357,0.21020190846896314,1.186687374930221,2.0910911818095186,1.186687374930221,1.186687374930221,1.186687374930221,1.0238208206963018,0.09112237502830632,1.0,1.433158297852264,1.0,1.0,1.0,3.7584126857528037,1.4591924927779718,1.6913263666572822,6.780612579261917,3.533842869058896,2.495902417135803,4.5816400064864595,1.9019178680145763,0.7539948806793834,0.7682519281705822,3.388101461435058,1.799218060187627,1.2075866290209292,2.485404252289503,1.8564948177382286,0.7264810905818913,0.6721286255009089,3.392511117826859,1.745942177315619,1.24722516313757,2.2095177447211536,5.660330553767381,2.2062926476711024,2.7011166876739363,10.168714040696976,5.322915590584154,3.6849933481358703,7.071322845555123,3.597879415517116,1.6103696872257767,1.5753378598705918,7.278634424798337,3.295536016658148,2.2118980041419887,4.782090724655395,1.9143094751761942,0.7344967607199655,0.8764725824829337,3.4813845816962106,1.8824699135988348,1.2718192431828297,2.3187832774168493,3.582448450264698,1.528124324673753,1.6445793039410934,6.908237437192945,3.3671789987089906,2.453758017410564,4.038671912937043,1.9302997818761372,0.9261829288522256,0.803020939507258,4.353895197200055,1.941835452626402,1.0885012392136433,2.3034154432599037,3.7266562806728447,1.4099972191660721,0.9066929226927577,7.505092006747622,3.3907255977417026,3.0029549680254832,4.2336071617226745,0.5616503024298125,0.29394138942114095,0.16819189464752496,1.1912462619007271,0.5058699750774232,0.33581316882742024,0.7190312482126022,1.3346972098218202,0.6502311462537329,0.21062283067372034,2.412373843595155,1.3519097947643803,0.8038699702690435,1.8567689653305062,0.2282944757238308,0.14080203265442437,0.04303889237362225,0.49007288615913513,0.2146890299226572,0.09725582419732832,0.3355461146134612,164.21138719495764,94.97803407786438,52.269287015461124,442.38607963412187,150.98395925643416,96.32340098961276,212.74510252607934,0.4916094443698213,0.2678994943231054,0.24493079439524942,1.547353709607555,0.41466690076032564,0.35240298656491614,0.49865587449982185,-0.7071067811865477,0.7071067811865474,-0.7818314824680299,0.6234898018587334
user_07_vpn_s266,user_07,vpn,2026-01-07T08:37:01.429239010,2026-01-07T08:48:16.415501685,674.986262,36,168.19956706371795,506.78669562899995,0.24918961545282228,1.4590790040034212,30927.682837888555,90.46398825015447,45.81972193959787,0.1340234510582594,0.05555555555555555,0.0,0.6484292530725533,14.479619875114285,67.89139649447249,2.20736891,0.1403651645,5.003785532,8,2,1,0,4.672210196214388,1.4479905061243423,1.766790767971056,8.912487063730739,4.63338408589325,3.9330963435833146,5.400756116353746,509.74292721622805,225.47443966550546,154.50059323165385,1166.2929304098586,463.30845545155023,368.9780413937659,598.5444331385963,349.35937383623184,154.5320294835637,105.88912101931089,799.3350101055419,317.53486561065193,252.88421009511066,410.2207155995735,1.4129622000416353,0.5409151099770464,1.186687374930221,4.096050224066164,1.186687374930221,1.186687374930221,1.3737395150116458,1.0999263624626556,0.3239574114713332,1.0,2.807284741146587,1.0,1.0,1.0,5.156812227943379,3.131716485629312,1.5895990304379084,14.984326218474028,4.475158437212691,2.5564809577280467,7.210631112919468,2.6018738014681517,1.5746700895449122,0.6831226203096125,7.56530422680295,2.179437452578296,1.3256208503305555,3.6434151695977866,2.5549384264752266,1.5628596917372737,0.9064764101282959,7.419021991671078,2.249022415964187,1.2164437438630105,3.5193632261734558,7.758686029411529,4.7044593375309836,2.272721650747521,22.54963044527698,6.701294458461197,3.899235816543775,10.90189899966548,4.753664041728245,3.0674939583678738,1.3071096635883563,13.497953506577968,4.039052873557367,2.4010498988568294,5.5998314150580475,2.573317741911157,1.7166441476224588,0.6973378937047134,8.581656435104659,2.2442175649690634,1.2469518262088641,3.067495096615071,4.969278795387903,3.0758826579810186,1.333425485164018,14.715038099993995,4.095783133655059,2.5810181755819013,6.1762727150429875,2.6156194678772438,1.610082304614971,0.8310989096834024,7.84141076605475,1.9420857354406875,1.4770277366447688,3.402200632169678,3.5270403483568114,1.3053650080275787,1.333914005712107,7.067658552260225,3.382126486015994,2.5820824343566313,4.229286152251282,0.5169374556797011,0.23841448472505042,0.1225056396492253,1.1696654778787507,0.5069199303891629,0.3096780242418053,0.6824653715895559,1.145169847857576,0.579592402695556,0.24007936442592426,2.2860240689913875,1.0554235441275688,0.6635197455224761,1.6059974830918926,0.17512327119077797,0.11624436251700598,0.024890420520041957,0.5374676966426418,0.16576854454499096,0.07214572361735308,0.23217717315820985,214.48058592108032,161.57584124478365,58.55194337177589,908.6040282847218,163.6985158520308,124.2501446032026,243.01164890126103,0.605826479792611,0.503634679116002,0.23927840497351255,3.1910402923690695,0.45075996621020187,0.38013835363390325,0.6115805344084563,0.8660254037844387,-0.4999999999999998,0.9749279121818236,-0.22252093395631434
user_07_vpn_s267,user_07,vpn,2026-01-07T21:21:01.652098562,2026-01-07T21:23:07.348386199,125.696287,20,85.4460815788602,40.25020607,0.6797820653116047,1.459079004003421,13730.80226064928,48.524556685258986,109.23793047800433,0.386046062643513,0.05,0.0,0.25588345912807053,2.1184318984210524,3.5753856209120047,0.706701672,0.09045784949999999,2.501128748,21,2,1,0,4.2723040789430105,1.2625477607982785,1.5016974453398908,6.59083723348145,4.269777043205039,3.487172473636944,4.885706681630269,407.3542422593959,141.71677366262963,196.6720478756188,770.8085818690006,405.6867669294452,308.0913654059351,504.32994333601744,279.1858707730681,97.12755325365326,134.7919114290522,528.2843353609064,278.0430434653105,211.15468357819827,345.6495103775992,1.3588298042241949,0.31451515575287214,1.186687374930221,2.2160235642976116,1.186687374930221,1.186687374930221,1.3721046530381882,1.0673980300387547,0.14812455607771965,1.0,1.5187824361924793,1.0,1.0,1.0,4.300428294454854,3.4715545881845804,1.9675525337787683,17.54048314035096,2.976143041601818,2.364896872250844,4.729905984165459,2.1397268892474006,1.7312765354366522,0.9567351968421256,8.809303066750557,1.4715408562938386,1.2732712101123314,2.3882150538142053,2.1607014052074534,1.7467113203915183,0.9143926350523177,8.731180073600404,1.5070151690999043,1.1234281910486648,2.293054029881074,6.440155183702255,5.200674856690622,2.962540234432927,26.349786207101516,4.445270914103732,3.562784831776003,7.14396932898523,4.145397574419116,3.1956962412015653,1.5274751508644753,15.101548680683134,2.7309833004566695,2.2813241513805878,4.747197423437637,2.107610273691369,1.7312950819605541,0.8341517600691128,8.744642706283225,1.4810546610281654,1.1368406967203715,2.6629530470591902,4.0767866479222175,3.4770351037289906,1.756648041286386,17.95504740654686,3.050770598501084,2.3983753347830037,4.416334929897685,2.2833281043710207,2.207937482262819,0.9191329193371136,10.88387745111267,1.3731368410995195,1.1982427683762968,2.3676157737254164,3.126589391940013,1.2479175069983304,1.223854576794042,6.247435369323331,2.8725495804986556,2.311604351771776,3.4906128864785333,0.4931145177743172,0.3274278908732024,0.12801830904221567,1.1735732106118373,0.41962786412006264,0.22437565337470086,0.7181011700757742,1.1457146870029966,0.5674766269636352,0.2729884078146485,2.036079638348161,1.272137054280279,0.6847350368162672,1.4977519993193291,0.17341874745411742,0.11542330582098494,0.016796190733411508,0.3391957562133377,0.15071604190083218,0.05477490782165778,0.28593783245696747,193.05266894426188,166.48190506405354,77.6027792198174,865.0829907590828,144.82368839372563,119.63136867511292,205.16465678818923,0.6213162773828027,0.38079705965958666,0.3034515842448666,2.069884199919641,0.4753568718747204,0.42491464981403454,0.6568476202757205,-0.7071067811865477,0.7071067811865474,0.9749279121818236,-0.22252093395631434
user_07_vpn_s269,user_07,vpn,2026-01-08T21:18:00,2026-01-08T21:19:12.559576778,72.559576,12,56.08078910970282,16.478787674,0.7728930101480033,1.4590790040034212,8346.161579500633,27.13472969355829,115.0249496978956,0.37396483261641833,0.0,0.0,-0.020265895687881532,1.4980716067272726,1.4385581739187734,1.119232253,0.6484622115,1.639367999,21,3,1,0,4.673399092475235,0.9032560426734926,3.5066409579076048,6.6437475161057895,4.759120899452014,3.9099163447511103,5.063855103962473,412.6785239800447,111.31552420074985,199.22547930604279,582.9059341541915,435.76192327933,326.6092947551506,495.24502380121817,282.83494097834136,76.29163595344889,136.54194101855208,399.5026537663924,298.6554683356326,223.84620288483353,339.4230349709405,1.2465223756342756,0.15088482045496976,1.186687374930221,1.7165498154402044,1.186687374930221,1.186687374930221,1.186687374930221,1.014705098828915,0.04877129532060584,1.0,1.1764611859469807,1.0,1.0,1.0,3.6587838226490708,1.4146116312389854,2.2842967320550405,6.666168096827449,3.2309687159312386,2.7036183406420253,4.004869925181554,1.827609336772089,0.7562920864379457,1.0375315205029065,3.512975880743253,1.5564427595346129,1.2970918877260433,2.0332139542005265,1.831174485876982,0.668228751985564,1.0471694262181868,3.1724816388311234,1.620222582618873,1.363926216767239,1.9716559709810273,5.4863931594211595,2.1678740529630365,3.426126634906295,10.179143977570702,4.808041971340151,3.9798423270488708,6.03808387938208,3.5474339390980134,1.518291855064488,1.8220858042753463,6.736506108593532,3.183526055412633,2.323139426192166,4.144818496622908,1.744548483300539,0.6195434350870361,0.7909823675574996,3.012756879824625,1.5017610076338568,1.3319324107180976,2.2957719269966743,3.541554010569234,1.4554358435936656,1.8029305248416563,6.9828087004875865,3.166569622087029,2.3354454046052613,4.259801763100023,1.7487897739057108,0.8387357074820164,1.1498912019410774,4.149562288424566,1.4352129395091324,1.318635921919943,1.6667404534024954,3.393397419217678,0.520705135237439,2.597536484347895,4.11456922913009,3.3461266216351286,2.944351593004095,3.9214046293485065,0.5110022567287703,0.22479218702041348,0.17644489825708687,0.923243153320741,0.550622818389789,0.29454421413138693,0.6568550423204595,1.280001673257556,0.6363509755270802,0.34225448341554054,2.529178286975699,1.3537147818981565,0.8070096640193789,1.654976240178431,0.1544838009941318,0.1090681276857276,0.03422081371333078,0.36000558373206387,0.12137791806741291,0.057100770308905896,0.22377828552267376,153.38266380995825,47.132460766981914,64.52035829302632,232.06042080886604,157.51770464475504,127.04987686472792,178.4657601381811,0.46830513755279024,0.11856085672607496,0.30103491969729357,0.7717924620403114,0.42573198719448135,0.40618888956394367,0.5201736932422003,-0.7071067811865477,0.7071067811865474,0.43388373911755823,-0.900968867902419
user_07_vpn_s271,user_07,vpn,2026-01-10T08:30:07.902242537,2026-01-10T08:32:25.627772545,137.72553,17,82.45751101002757,55.268019007999996,0.5987089758160856,1.4590790040034207,12385.02983832124,40.50377437701481,89.92544692564437,0.29409053192254775,0.0,0.0,-0.07073338926743772,3.4542511879999998,2.9978707363257007,2.2931840965,1.53564104575,4.7713707352500005,8,5,1,0,4.850441824119269,1.3007386466051303,2.1301913891159066,6.857488636722894,4.711305207389658,3.9155841186999627,6.129249618740483,432.2693690373497,200.5819250006744,178.30701338303024,933.7074947712726,387.0501677166284,305.12673778931156,492.7561137660165,296.2617979227232,137.47159985875868,122.20518072961877,639.9293610622633,265.2701921243744,209.1228349884447,337.7172260131166,1.328979515549247,0.2683189600361034,1.186687374930221,2.05419872230543,1.186687374930221,1.186687374930221,1.186687374930221,1.0535954478045653,0.11065319216334656,1.0,1.4078735398625564,1.0,1.0,1.0,5.91134344748748,3.0655264008931993,2.3972868323866057,13.395222958459359,4.50640084629495,3.7002572548719233,7.818169533128742,2.983383776119518,1.5378922362689684,1.182475743986564,6.787136604833567,2.3184414244048615,1.8512725923321836,3.889407861149144,2.9279596713679625,1.5336869940200886,1.1662432474089626,6.608086353625792,2.239205222542769,1.8804863489538066,3.9287616719795984,8.894727223607,4.601405599843681,3.5797625763731697,20.182359563292927,6.644277247664456,5.52002816079004,11.707577394277886,5.191854616470868,2.666252377742602,2.1460235114252404,11.14876818017163,4.683608563046329,2.9215342026589433,5.654075965418673,2.7645023254130097,1.1664879356399265,1.2748153779593123,5.0753283627644175,2.2843884004138455,1.8905878489492594,3.7367752771080003,5.784641936427936,3.648388049096553,2.5752294748092477,15.989351269492627,4.0721446820894815,3.1236730829534007,7.251770091996652,3.075372466111527,1.901779805333152,1.032273965498739,8.578334451409075,2.6691057247428525,1.699204973102907,3.5380408868352977,3.6172659651900028,1.1220682273360303,1.8117393746761035,5.850554387417009,3.2950915586149963,3.0081043988850893,4.452380842098765,0.5316786009891014,0.23011849303214335,0.11509226152323196,1.1164572716613321,0.5822065245486815,0.39336686670863574,0.6156214967834897,1.2331758589292665,0.6712121170176883,0.20822436577382186,2.3858374857558835,1.2220310257408578,0.7494554910094253,1.8092979900797674,0.20187413308235702,0.12874433543532993,0.02764292245379963,0.40387770485412694,0.171352269765055,0.0672101251646607,0.3568498952294995,160.0065931387593,84.28913042775096,61.84316455390844,361.07664316598357,130.33719992621653,104.64543743350319,184.99068392094836,0.5076878400704575,0.2328038800061129,0.29165195976989244,1.3376452182913143,0.43674591355232445,0.38862176865110576,0.5354236688597314,0.8660254037844387,-0.4999999999999998,-0.9749279121818236,-0.2225209339563146
user_07_vpn_s272,user_07,vpn,2026-01-12T08:19:00.547868383,2026-01-12T08:20:21.013704538,80.465836,13,67.20171948408506,13.264116679,0.8351584078997832,1.4590790040034207,9601.404771606329,31.01182811183085,119.32274924237821,0.38540366512604,0.0,0.0,0.1831419760695249,1.1053430565833333,1.6009853975701926,0.28949362349999996,0.0,1.5895394775,8,0,1,0,5.1693630372373125,0.7561034552705614,3.377192184884511,6.467506967582604,5.119394625862306,5.066051094143106,5.467033952401426,438.2256086176928,146.30766230831773,158.3622097283532,801.486764149803,399.7029979838788,379.98388273330727,489.36640814207874,300.34398919817875,100.27398235933677,108.53573335908402,549.3100524033883,273.9419845581861,260.4272158606268,335.39404432477966,1.313951963455729,0.433849596929888,1.186687374930221,2.8166828377791764,1.186687374930221,1.186687374930221,1.186687374930221,1.0715732759158747,0.24793710070088187,1.0,1.9304525869063718,1.0,1.0,1.0,3.2588292274980835,1.513464581247316,2.1559452794648997,7.276244387204008,2.5569097161252277,2.2745875975246723,3.8387645542669793,1.6437324541691314,0.7908739068437638,0.9869017230434326,3.7491916515404307,1.2756421083261185,1.130118233929683,1.9314321284744955,1.6150967733289519,0.7394820699522147,0.9836035008606774,3.527052735663577,1.2484707239737898,1.125091128142151,1.9073324257924837,4.902561681667215,2.2989735576235,3.1428470025083324,11.025436038744438,3.699849181074484,3.36850716361334,5.770196682741474,3.04953958593396,1.2912951357135851,1.5246118433579467,6.021293655315277,2.500774160331792,2.2929102918606747,3.648713360346342,1.615840291556154,0.8326972671816824,0.7016311186904738,3.6414781701444103,1.242930040715299,1.0447264358700945,2.0758480618977413,3.0004688326362845,1.280178656670014,1.7986870080295045,5.753153879541664,2.356698524363411,2.06850802758158,4.211987740635497,1.7694870831457867,1.018463836751121,0.8213036442607109,4.257945719428813,1.5011475667468293,1.0487642358974627,1.9946307007128286,4.0655335492167435,0.773548860455094,2.1532600985647155,5.409666115331327,4.183232373981107,3.81050233906713,4.33036724534779,0.576945685746685,0.24809353891990227,0.2564443570884276,1.0500298536756294,0.5252781945071407,0.38838229213002023,0.7104718087033232,1.1038294880205695,0.5263334645228468,0.4653121352043268,2.5165484239730427,1.0174936056170338,0.7689397182641224,1.3202409185283623,0.16269067392914333,0.1463191812788649,0.04712353831828434,0.5703427544696539,0.10859297107414395,0.07245004053265851,0.13471973974335297,148.07976664708167,59.50198987113944,48.819514459060706,264.5793492432708,135.24441351936053,125.58786971716675,149.8395087588307,0.4388388901803392,0.15788729137370394,0.30923816704407064,0.9298171168613517,0.3906711918429461,0.36582907979224977,0.41102582741437066,0.8660254037844387,-0.4999999999999998,0.0,1.0
user_07_vpn_s273,user_07,vpn,2026-01-14T08:28:02.384905393,2026-01-14T08:30:52.477666942,170.092761,22,103.39880210200629,66.693959458,0.6078965471199935,1.4590790040034212,16575.973224281057,53.67344757167953,97.4525495784095,0.3155539792294837,0.045454545454545456,0.0,0.03862166782733043,3.175902831333333,3.43107534791467,2.564313718,0.802765631,4.131667796,8,2,1,0,4.699945550091194,1.572091009223754,1.1454172090004708,7.89760869952554,4.709112011047667,3.642474236324368,5.96259925618527,447.0567761917209,151.5605598905437,218.73539940362903,806.7558021893108,437.78866439166444,319.3070364554359,522.5835112160859,306.39655218469085,103.87412845684972,149.91333492118164,552.9212605868045,300.044523422282,218.84149904105345,358.15984589060713,1.3692809166750464,0.3061795388770111,1.186687374930221,2.1003970442317326,1.186687374930221,1.186687374930221,1.4261319385151734,1.0704212456740232,0.1370323012571459,1.0,1.4395361995263198,1.0,1.0,1.013127905119742,5.430520136128291,3.405236592542559,2.0664180494560487,17.797313123289392,4.854136801246582,2.898009285544168,6.187992225838155,2.6990246971497873,1.7334718509782667,1.0561372484697946,8.950167101448336,2.341911040765094,1.4326801032793228,2.990346872258094,2.7314954389785036,1.6770213394305131,1.010280800986254,8.847146021841056,2.489742192283569,1.465830799834618,3.1976453535800613,8.129544833278077,5.136995351929418,3.1225552979258433,26.74748022473773,7.196047842011676,4.330187771253718,9.178339098096249,5.598692961142972,3.930461784082327,2.1291844341327413,20.095788747134893,5.083295039215676,2.6279840288753835,6.293227601616758,2.8052797652006007,2.106677222742674,0.7654407950806787,10.38201745405917,2.242359774371081,1.5818773192806175,2.8398471867863395,5.068406111928707,3.0088914070009705,2.157781040050336,15.623131985009442,4.765051989376485,2.6553851065919405,5.967900428391692,2.786054970159669,2.0630795037256413,0.7899544077263375,10.48990992833783,2.1510193211563378,1.661917082150153,3.1311831404089334,3.412924659346726,1.1040904464216372,0.8905408889767489,5.013581570101431,3.3313011515173243,2.6737967848318025,4.5277420521731475,0.5622365319415912,0.26429443304142153,0.20737109699755568,1.0814391546182052,0.53952718683374,0.3559756554287626,0.6814192603669649,1.2870208907444682,0.7832231399046603,0.20325979079994427,3.1622808754411604,1.0246007907910764,0.9081491591479001,1.815027789489549,0.20614993849408866,0.14488485704818307,0.010298706381784248,0.5971017437306236,0.18341609810335097,0.11606959001971348,0.26444884725318546,176.53515019744486,72.01860581975187,62.067248643980065,396.1438840509622,173.15953540926904,131.95458269333875,198.78345599262673,0.567706668261999,0.3011254843475271,0.28990503466982626,1.7460886603452261,0.47098600965448756,0.40640019107014014,0.6518600609846898,0.8660254037844387,-0.4999999999999998,0.9749279121818236,-0.22252093395631434
user_07_vpn_s275,user_07,vpn,2026-01-17T08:59:01.302596517,2026-01-17T09:00:34.502197853,93.199601,14,76.76591147539067,16.433689868,0.8236721042978571,1.459079004003421,10326.397458225794,32.17001900753828,110.79873033175103,0.3451733554904197,0.0,0.0,0.289234115930064,1.2641299898461538,2.2929624879401587,0.396551985,0.0,1.149433608,8,5,1,0,5.483279391099333,1.0490201135606005,4.312683476125988,8.014392802102744,5.101348029041575,4.773971741100738,6.1217268247756795,437.65019614957407,173.7954368434635,185.22246979058846,924.7776303626206,404.5017221718433,331.3198147421317,513.2442825016803,299.94962229512555,119.11310927414051,126.94478454036764,633.8091548334367,277.2308566307729,227.074622986868,351.75907616615746,1.2684743141731507,0.20073258836697802,1.186687374930221,1.792552510260162,1.186687374930221,1.186687374930221,1.186687374930221,1.029384186365298,0.07249307344224938,1.0,1.2285506852896633,1.0,1.0,1.0,3.469916577630149,2.2333548998643504,1.925231171407504,10.963331414835034,2.7845607704203275,2.322620495926908,3.3907352023140724,1.7475980340361412,1.1132631811658478,0.986078513396724,5.450571980765587,1.4244573213171545,1.1618437421581067,1.735032056666614,1.7223185435940078,1.1225109329662035,0.8962015007709565,5.512759434069447,1.3807328683329954,1.1552315271633926,1.6560843090724413,5.2175146116662905,3.345807412859645,2.954260842044052,16.41390339560062,4.187243893720106,3.4900094646904236,5.1253860955557045,3.0304724764991184,1.5191293952943146,1.6723179817005527,7.7912265307292,2.5092572032026275,2.1490276869055336,3.0760769018094503,1.733963664356432,1.2194642817146446,0.7485142214623413,5.945362153507644,1.4034536997943379,1.2059293200815406,1.8180353759958139,3.268200906009214,2.1058465629039973,1.7049836535005802,10.239990649714606,2.7154976866254996,2.1164384597025365,3.339925702966041,1.6748964762494438,0.9148351521053419,0.832620158474573,4.639713441513113,1.4276621508739487,1.0803202695203202,1.8178362532266958,4.032599633999195,0.7582883324813813,2.781086890508723,5.330074150004051,4.078602744439079,3.5024083246386137,4.438176026519621,0.5950305762914821,0.23045930895547317,0.2639963749086137,1.0705780784438486,0.561116305341248,0.4453651245842722,0.7023650864277974,1.4506797571001384,0.8485783432083946,0.30289149392764436,3.5891962181979205,1.30927009349089,0.8179598238374866,1.618404798849833,0.20062847277550896,0.1240321870884377,0.016597330589777737,0.4536484608239898,0.19708004680500607,0.09405987682385628,0.29067560279167415,139.54536238554024,66.4930726683083,63.64328475021509,329.0553921752685,117.38094196614944,99.47600595811112,148.59674457632264,0.4066757019315026,0.11398074317864194,0.2495510326715279,0.6563958046697064,0.3920567639820826,0.3274352591774391,0.4364368708746735,0.8660254037844387,-0.4999999999999998,-0.9749279121818236,-0.2225209339563146
user_07_vpn_s277,user_07,vpn,2026-01-18T08:29:00,2026-01-18T08:29:49.626638880,49.626638,9,42.12481123624673,7.501827649000001,0.8488346769782537,1.4590790040034212,7003.615883369287,21.560517664939603,141.12614042823708,0.434454529539954,0.0,0.0,0.1306865554504836,0.9377284561250001,1.2196716439296742,0.1156143325,0.0,1.92868524725,8,6,1,0,4.680534581805192,1.3054641260210775,3.5100368201476515,7.273386428846004,3.8569704734262427,3.636097875491809,5.826423678913626,461.72791931417225,194.47086204719412,278.38565924104336,960.7031113307821,411.1256735455812,320.71047142757044,466.32949056747975,316.4516232824152,133.2832982406058,190.79546650812517,658.4311806933035,281.7706734299751,219.8033626332811,319.6053738611581,1.3352676252068847,0.2780021107706307,1.186687374930221,1.8645099888302652,1.186687374930221,1.186687374930221,1.186687374930221,1.0603454486752932,0.1129352167039007,1.0,1.2778677396593485,1.0,1.0,1.0,3.064525405939195,1.2185733882417484,1.9629264550869068,5.396055551147973,2.346481055261904,2.3274801140248,4.278839396932181,1.5592048895122055,0.6021332536331497,0.9882354231610813,2.7453456240860765,1.1708555558869416,1.1503289080663033,2.129928305275797,1.5053205164269894,0.6374859016884223,0.8474189394539233,2.6507099270618966,1.242214878427023,0.9746910319258255,2.0493735970609173,4.6237302954514,1.813445019975002,2.951161878247988,8.14140117523405,3.5428726945596294,3.3969904885974773,6.508305196803445,2.7146425023351046,1.321519129878809,1.4193332171026702,5.145122632508721,2.1169635233086175,1.746076769755214,4.060760362936087,1.6232302993881524,0.6521175461097102,0.8650977934207161,3.0452324350653353,1.3783570926454507,1.29726104133766,2.0710394639231557,3.1364881621978222,1.3371452416533922,1.9477452436934066,5.76913492186375,2.3926750565443413,2.191806583617514,4.297037721416848,1.5718639337030562,0.8459458568121276,0.740907305992278,3.452768454116787,1.1754285617826072,0.9915803147205119,2.071401591914991,3.542304508218358,0.8750363187411967,2.4846595330691543,5.431039941011214,3.235668903991092,2.955302604205382,3.463652555942102,0.5103754914918198,0.30698116826543265,0.22785885609603027,1.301031821392234,0.3681147419552487,0.344264968088572,0.534384104990638,1.1382300735868331,0.7844618632224081,0.4023434593923598,2.5914949978359694,0.7407634397435685,0.5547342159422697,1.4607297348940396,0.14255732618626307,0.10509910826443247,0.05408474444836725,0.42092679933201804,0.11134811444351986,0.08736172088178586,0.12926807514415964,176.68757549735346,95.71038001068214,115.09113165682268,439.11234020951133,134.89147163688247,129.03423995035016,170.0507775069194,0.5262729939198376,0.2038586710833285,0.2749750779180476,0.8723656536335129,0.5185416932225956,0.34326374294375256,0.5697945926150908,0.8660254037844387,-0.4999999999999998,-0.7818314824680299,0.6234898018587334
user_07_vpn_s281,user_07,vpn,2026-01-21T21:25:00,2026-01-21T21:27:22.655141138,142.655141,21,101.43726510097643,41.21787604600001,0.7110663127168788,1.459079004003421,15135.434277625554,50.54608689978535,106.09806398512869,0.35432362651259347,0.047619047619047616,0.0,0.06749883102346596,2.0608938023000003,2.3592482218905597,1.3220953065,0.2545177205,3.097159768,21,2,1,0,4.830345957189354,1.370312190880452,0.9301504084032239,6.933590293761607,4.785980034471569,4.199244494135521,5.9571296610739655,427.64354217486556,167.48705350173466,230.20905631325434,829.3495929503828,365.5807524413017,298.43577668854476,522.0965793620355,293.0914234263513,114.78957139550613,157.7769645657341,568.4062279525737,250.55583106755785,204.53709214490556,357.8261204016417,1.3332069347644537,0.42075094882993186,1.186687374930221,2.916677279263278,1.186687374930221,1.186687374930221,1.186687374930221,1.0737495842729439,0.2351291354489617,1.0,1.9989851620511971,1.0,1.0,1.0,4.23766190881226,2.3509081742618156,2.0135515103992923,10.467461452099064,3.551630023738096,2.495826050066385,4.90304498376479,2.157873241766007,1.1616417282181786,1.0564665390679944,5.127205465601653,1.8781000303542912,1.2288824955535933,2.572965368677983,2.0797886670462526,1.1940350361314567,0.9232152870328729,5.340255986497411,1.7548609630418903,1.1919912581925904,2.3818892928698054,6.395535150578267,3.5109317608845707,3.1038877337657116,15.594666917700717,5.445688542800617,3.724708545619978,7.424200674659774,4.092820882941171,2.396879190389207,1.6787031653044489,11.714815247621898,3.36899813595941,2.4876540118613057,4.541087542951974,2.176785541785412,1.2720907076534511,1.0093139189286744,5.509345067891628,1.4411493627244796,1.294580520572326,2.7427657541432215,3.7904857355328625,2.0086956379802325,1.714169727112454,8.89568756216318,3.112482965230578,2.117449804941976,5.040834635101868,2.0406603870687468,0.9644641624615535,1.0215542244443518,4.118675123310117,1.581493934770692,1.3772565203381115,2.9134305844034736,3.776599437892044,1.0867488847429398,0.8358740894288639,5.777361684565744,3.9852500771964654,3.109861759723448,4.398169790799376,0.5544116729363732,0.2534032748498284,0.12299373441548685,0.9349852583646219,0.6266724121628355,0.33682173879275923,0.7789060301728683,1.0537465192973103,0.6174438398851978,0.09427631897436006,2.2697685553347395,1.01809283136779,0.6220219401788167,1.558959870274589,0.1443139584014673,0.11888486914883736,0.0190224142550502,0.5557285470968334,0.11389726678583674,0.06770188994015831,0.16127312632862822,182.04754387138252,145.28281647416904,55.957448369580334,719.4884227853181,130.46605266345162,99.34802870508744,237.3561985431804,0.5551840001006241,0.40541067659205,0.28845084801152293,2.1501898853470074,0.42141695272509233,0.38455789132204155,0.47952473517023886,-0.7071067811865477,0.7071067811865474,0.9749279121818236,-0.22252093395631434
user_07_vpn_s283,user_07,vpn,2026-01-23T08:31:00,2026-01-23T08:47:01.211139270,961.211139,37,182.74163516655784,778.4695041220001,0.1901160190014796,1.459079004003421,24822.354145651916,89.06224813391339,25.824039213149312,0.0926562796874885,0.0,0.0,0.6850472576382535,21.62415289227778,115.69265679875097,1.1440287365000001,0.25022243725,2.8308078245,8,4,1,0,4.938963112609671,1.2380533930139426,2.5535528260789833,7.461890095529458,4.945344674292232,4.177391008550617,5.658396406581163,398.05911190124266,175.18459635155418,124.33649274437803,924.8791977673769,355.21349102004626,287.2342072868976,489.08188043151245,272.815324467728,120.06518897940599,85.21573705277339,633.8787654607416,243.45048489177861,196.8599414416795,335.1990393183437,1.3468796295446432,0.3207402335215847,1.186687374930221,2.411209775985265,1.186687374930221,1.186687374930221,1.3678192424364122,1.0602081578584213,0.16052041135965234,1.0,1.6525560092149822,1.0,1.0,1.0,4.179839526968889,2.5950092863733936,1.889479692208369,12.587778792913111,3.2295879802927785,2.3655129432752156,4.465898013507207,2.086314188467584,1.2811590742809549,0.9984878569495369,6.182776926685107,1.5533645081733405,1.276143211990473,2.3384865798301284,2.093525338501305,1.3239373962556942,0.6301757034802815,6.405001866228004,1.6712323518773409,1.1722414499986076,2.284389546209071,6.266153715436472,3.8727346037069026,3.033860330235732,18.770555719598217,4.761715837611454,3.640389300402589,6.814460654391825,3.709956243170815,2.118453926128583,1.7686578480357793,10.17844654802473,2.7924519278828184,2.3885951697821235,4.118359264364158,2.1063953338533046,1.2152697841496132,0.9942326739589974,5.983204290022607,1.663687283553528,1.3667708877030875,2.293701486899145,4.300327386794154,2.8081545179835676,1.839128583933676,12.956280706311496,3.2508338826406735,2.658728511195415,4.328366168872112,1.9963923173960985,1.2376233330675381,0.8684798999705651,6.769749187805588,1.587870604081302,1.1763332533695308,2.2661515811154636,3.793821582112895,1.2342527266547836,1.712270620579789,6.218914521897043,3.622925147103403,2.8226191944276104,4.6122645909491995,0.5299752995438173,0.25470265639831513,0.10228108574668353,1.1623047962051114,0.4748190897626681,0.36543860632075337,0.6722483917541986,1.1451415304967767,0.6176636189655794,0.174301402238914,2.4282070850934825,0.9989448213899559,0.6379344245246141,1.655432878112455,0.1714624071039279,0.11126056798222399,0.02905903028364899,0.47266835043531563,0.14927926364341834,0.08316268214875584,0.23321916214162663,145.08935151120878,78.1120682893548,40.077131878195814,401.5300750571068,124.00768371219003,93.0147340701578,172.50723691905804,0.5035883075885849,0.24016431587056875,0.2680286059423782,1.5250096726338735,0.4290150841302764,0.3811250047022134,0.5938295124442684,0.8660254037844387,-0.4999999999999998,-0.433883739117558,-0.9009688679024191
user_07_vpn_s285,user_07,vpn,2026-01-24T08:34:00.634677477,2026-01-24T08:35:57.719218204,117.08454,17,72.81857471239981,44.265966023000004,0.6219315950030619,1.4590790040034207,11581.8252666495,45.58937832771304,98.91848459796228,0.3893714603799361,0.11764705882352941,0.0,0.018709562553069794,2.7666228764375003,2.872121313581418,2.0885301265000003,0.0,3.865674575,8,5,1,0,4.283445571317635,1.4142670748095079,0.9126491871444538,6.839554513622861,4.688769048468917,3.522214136275549,5.211786843023697,404.2354653700236,197.59734852550818,71.20124249581326,840.3733518535342,351.4824402712863,296.87425579205546,446.3116013767504,277.04837384465293,135.42607904256081,48.79875750418674,575.9615137684237,240.89335759536579,203.46688217532562,305.8858363064375,1.5144994977807653,0.6822460802283831,1.186687374930221,3.6435641510728454,1.186687374930221,1.186687374930221,1.444983602973477,1.1672286391435314,0.41049039253142705,1.0,2.4971671452166966,1.0,1.0,1.0,4.834171662023742,2.794074350205173,2.198741423420233,11.14501429556109,3.74310407617932,2.5448352350422616,5.875326017499955,2.4001605626363727,1.4154695361058915,1.0764098356354044,5.617706763957105,1.8726388978530606,1.2975807050123527,2.764737257577873,2.434011099387369,1.3810661350512627,1.1079337555497069,5.527307531603985,1.8704651783262594,1.247254530029909,3.1105887599220816,7.234332224660115,4.208737018970316,3.2895490912907595,16.762721059518196,5.615742974032381,3.8424159400546145,8.640063275077829,4.562265252415139,2.6829089216614523,1.7882705530998564,11.151982121687434,3.0962838689994654,2.565968986792131,6.377231411970993,2.5110542170189674,1.6601438206864196,0.933299294502661,6.462056739672562,1.8381807189326795,1.3489094677359375,2.9569000122478983,4.615307675575055,2.9636781667572585,1.5774389927833299,10.931239320915891,3.278761243312558,2.6260086574878643,4.82165148691694,2.1985879715102565,1.306688353239951,0.9939288149030923,5.595178830173714,1.6148164821576885,1.1611836778827784,2.6140368967921965,3.200945773088067,1.1453172894026709,0.5379928821655487,5.583529457828701,3.362071172832247,2.764702217303526,3.653409174649022,0.4456294888780814,0.2765670655217835,0.04425084255051838,1.0706568169872448,0.331914302357415,0.23211476475367843,0.529280058692187,1.0824997982295683,0.5540496076134077,0.29627523891820085,2.399280595981254,1.0464465651590977,0.6362814065809026,1.5544422691533497,0.147788856633799,0.11105940900524305,0.042334256389850194,0.5186155562077882,0.11996951217013639,0.07933357126330036,0.15533790964966598,220.46557984553908,232.5949928642037,33.42747496794465,824.1912098083427,121.25998320145536,94.1480009281277,217.5372599455836,0.8102569482849558,0.8214993643066056,0.292416705798082,3.5243971844267237,0.49562492938047054,0.40175787004843916,0.6228303031866697,0.8660254037844387,-0.4999999999999998,-0.9749279121818236,-0.2225209339563146
user_07_vpn_s287,user_07,vpn,2026-01-29T08:45:01.089662558,2026-01-29T08:46:35.170626156,94.080963,13,67.05512630224806,27.025837302000003,0.7127385197178313,1.4590790040034212,9288.232030190451,29.23940390963911,98.72594554745844,0.3107898024985045,0.0,0.0,0.09689689915512237,2.2521531085000004,2.7354349230172197,1.1806482785,0.6985635615,2.512953484,8,3,1,0,5.158086638634466,1.3126859182170727,3.054963128379364,7.343956090148765,4.68951695425612,4.221177057492476,6.490854297444782,423.93183406344247,207.6940351334677,161.78033696909176,901.9030920438502,393.2064537225637,244.51121449430738,509.1730248506181,290.5475528742846,142.34598302326108,110.878394196064,618.131773241345,269.48948798775376,167.57914672434978,348.96878335823425,1.2408114003953823,0.12727836502980516,1.186687374930221,1.5624136594231128,1.186687374930221,1.186687374930221,1.186687374930221,1.008373515730703,0.020663611122819725,1.0,1.070821837019217,1.0,1.0,1.0,4.52310198340671,2.632519434508065,2.0734611863573447,11.908481557042006,3.5809522583814464,3.2507033232911464,4.796371195759603,2.2637611662348185,1.3282226916600772,1.122815104839575,6.003145779971365,1.828754983547961,1.4935836003751568,2.385712395059061,2.2593408171718914,1.307579041098935,0.9506460815177697,5.905335777070641,1.8070706020145018,1.5503226293040193,2.410658800700542,6.786863149641529,3.959659737235713,3.1962762911969196,17.91162733701337,5.409707241929407,4.794237802764815,7.182083590818664,4.24690357052292,3.045546643012815,1.5584117480046213,13.668715463115145,3.2795277612054,2.605210991765901,4.477467946604643,2.262920593229176,1.2827471952180525,0.9713012618114607,5.56884531950041,1.8546207012831275,1.4758440309441108,2.185502528121264,3.796315375215933,2.3553317022806883,1.6336553796365134,8.766738484530443,2.830618948578019,2.452227766740843,3.7152709147073057,2.1020607263713784,1.4574892811956912,0.9286181133608018,6.177401598452263,1.743190372754926,1.2874067802239835,1.9529074253317722,3.557146585913347,1.2263102948659927,1.9076145876625854,6.647328210138598,3.1099491657567198,2.8209882987969155,4.211294998499503,0.47906294863325094,0.21518487573294814,0.1635700223972902,0.9257875604220945,0.47853335901491406,0.32230183844119004,0.6703340144037213,1.6009400527211168,0.5384591517468682,0.6966278800101673,2.5629925242838327,1.6618394553081814,1.1473485407167785,1.9536100214145797,0.2390822452047233,0.11154931926563907,0.06818597009854274,0.43323274673523904,0.20974075442431117,0.14663925038499212,0.3244307180124693,140.83505045815807,65.03012818094767,61.92438559342235,283.59423259490876,141.78356260302888,89.25107103004522,160.22561009860695,0.4310998173963775,0.11331815223733498,0.27233278296459507,0.6546723858696736,0.42648315796893255,0.3528134155450459,0.47989009616145034,0.8660254037844387,-0.4999999999999998,0.43388373911755823,-0.900968867902419
user_07_vpn_s288,user_07,vpn,2026-01-29T21:03:02.926024657,2026-01-29T21:05:37.279729518,154.353704,21,106.36989899694896,47.983805876,0.6891308484372294,1.4590790040034216,17187.282329976464,50.076913402020196,111.34998308804086,0.3244296191429277,0.0,0.0,0.08939977081415208,2.3991902938,2.8702797039070616,1.180482047,0.050021227,3.81361083825,21,3,1,0,5.065233285568998,1.0418953380948976,2.4834883539876325,7.352131971972726,5.227649324195942,4.488326111523293,5.812914370590515,485.6174035796273,195.34309789049283,229.87852209352587,1086.3053667614065,419.55918682862256,360.63623391704283,608.8695890337143,332.8246121335377,133.88109715410226,157.55042836116831,744.5144257307531,287.55069854163895,247.16703682770373,417.2972041699578,1.3324506501641746,0.36109101857097964,1.186687374930221,2.8401393937048183,1.186687374930221,1.186687374930221,1.3341707017259756,1.052164273741549,0.2019322429772816,1.0,1.9465288623248251,1.0,1.0,1.0,4.6563796120164,2.7768897200908835,2.1216819143541663,13.462399268677249,3.4844378113075956,2.5072983571159533,5.679029263567916,2.337029577968673,1.39588798762929,0.9799765624478602,6.7177305088886365,1.820990291739798,1.2708985944115636,2.8055932211973396,2.319350034047726,1.383442177553292,1.0448070384808337,6.744668759788612,1.738851228449295,1.2805420405674461,2.9342200519673596,6.993409189985073,4.171969238198546,3.1178862409495016,20.180129777565885,5.305428103047394,3.7340546736644606,8.484622484765255,4.508828708633642,2.7904335195110836,1.5525662904163922,12.363465909919988,3.6662682180409707,2.2670950001697725,5.700751050462349,2.451186774537111,1.5136637259698487,0.9089962157051835,6.446000156391682,2.101841432697323,1.3302715189509935,2.656264893442821,4.293261796571441,2.698208522600716,1.5413779920430872,12.558767641867288,3.5187995768501272,2.2179560201705684,5.610477076598703,2.406328769674032,1.7411978557298127,0.9404523558756646,8.237547674827795,1.7987006843966078,1.1569139210892412,2.813659084373509,3.789150562446666,0.891178703089124,2.134486462443954,5.858383100194146,3.852283431892579,3.092789416855199,4.0923103033596036,0.5854818742249153,0.26315279882623654,0.20609847918252383,1.0697310955255752,0.5296711599914204,0.32139642006015057,0.7745205161646327,1.2760827231223322,0.6511355177882933,0.34900189154367833,2.3118552637602594,1.341227556960808,0.5663835080538271,1.7512701592546165,0.1668684633570875,0.11355060114346134,0.03237326196417849,0.4332626096176563,0.1311533853963517,0.09170875664288512,0.23888369609316293,166.9922392146131,67.36490137967122,65.52512882432148,312.88339816204837,157.54423092271153,118.20455216884301,221.55394089450246,0.47696727381554416,0.2364162651907661,0.27202993738744863,1.4166724221857525,0.41197964516972013,0.3758836489764269,0.46006718434817956,-0.7071067811865477,0.7071067811865474,0.43388373911755823,-0.900968867902419
user_08_direct_s292,user_08,direct,2026-01-02T09:31:00,2026-01-02T09:34:18.892968765,198.892968,16,178.44034874861558,20.452620025,0.8971677105679049,1.269444738864755,29327.119276101817,70.29547378935689,147.45176549480533,0.353433680920066,0.0,0.0,0.1105181105903635,1.3635080016666667,1.7023396966415,0.684944386,0.0,2.1495196415,9,4,0,0,11.152521796788474,1.394301913789488,8.539970536055575,13.098864237722319,11.180811740625465,10.364324243111152,12.347848954342949,1025.2826559716582,393.98711881383275,379.9481352168541,2144.142656197565,929.8139968118984,853.094685275858,1142.08229776291,807.6622987847055,310.36177216045616,299.30261915665267,1689.0397750712955,732.4572455540026,672.0219156910823,899.670748002987,2.4533947739490913,0.9246998386438903,1.1187271645131749,4.218007059349969,2.21113850045152,1.6683577538749816,3.0304743967012016,1.9400723378857145,0.7182135801494185,1.0,3.3227181382641904,1.7418154825935215,1.3142421271263596,2.3872440476702512,2.743233450689969,1.654938734541858,1.1778632165899485,7.398824889295807,1.940983119320393,1.5693852516957791,3.625765976018226,1.386658033185856,0.8037505316881934,0.5601156143918313,3.51626224075206,1.1000265126356457,0.7401679520240657,1.8627275263524556,1.3565754175041125,0.8649453327658727,0.5434989080715519,3.882562648543747,0.9435944171614525,0.7343285136948158,1.718511266729717,4.1298914838758245,2.453883419374004,1.8122275251083453,10.915087130047867,3.052179262535124,2.364516574275308,5.484523306785211,2.7863429311910712,1.9310000456870637,1.0600452875960145,7.975995320634519,1.9254757667085705,1.4056667448688285,3.8618294717614807,1.5027033093400683,0.9126466271201821,0.5799998115628489,3.7576617947222553,1.299109754216695,0.756126868839515,2.0183541226230335,2.529658956655998,1.6331198801862465,1.118472809497382,7.396518600721904,1.9397171132554334,1.383968506862573,3.0635501358411545,1.3801267755080016,0.7656752687187777,0.4955870538845676,3.163902996054033,1.2053160057409125,0.795577904601259,1.6919183206742485,8.421189003576938,1.794215298168507,5.176527420823006,11.418774885235552,7.849706832808188,7.265028995448911,10.185403768711135,1.2507817297959594,0.5067472274089714,0.38600759916497457,2.0881315877812523,1.306498302170016,0.9042528365749876,1.5446619587529897,2.7313327932115374,1.5172188332570578,0.8264976034960672,5.553980361653733,2.6052738831824027,1.2363226826000089,3.682521245661231,0.43602835000069073,0.3057175400675616,0.10994567209960283,1.0177440947952094,0.40875253637873893,0.13640703598560355,0.6271567431037531,163.8799647644605,54.344571972420674,64.91438309078187,299.94140691175926,159.05768776983206,138.1661896565186,192.42712009862603,0.39910008041801126,0.16539920749665504,0.19113525505217685,0.8639212702128964,0.3597699360329163,0.27702163107959565,0.4727857981317057,0.7071067811865476,-0.7071067811865475,-0.433883739117558,-0.9009688679024191
user_08_direct_s293,user_08,direct,2026-01-03T09:01:00,2026-01-03T09:05:17.060811528,257.060811,21,230.87900316361728,26.181808377,0.8981493611004646,1.269444738864755,26686.49727939485,68.90827209787736,103.81394649608745,0.2680621438554372,0.0,0.0,0.14924045143766776,1.3090904188499999,1.7683723520637897,0.5960481065000001,0.0,1.764481253,9,5,0,0,10.994238245886537,0.9414362573690515,8.530200225288182,12.314291188871023,10.945245319852253,10.550231905370275,11.722380612496051,710.8311769563323,271.2605501255248,318.910174400772,1303.1587973571225,674.0640113916753,515.1226443837027,822.1724385957571,559.9544077767558,213.6844100579825,251.22021040944924,1026.5581143158054,530.9912206138887,405.7857964296808,647.6630399295784,1.8103758863027122,0.8357854435484748,1.1187271645131749,3.8442531113276215,1.545448238877635,1.1187271645131749,2.238926634224957,1.4709704040723999,0.6230888183564998,1.0,3.028294965218793,1.2174206498029254,1.0,1.7637054734869322,2.824521974786786,1.7831329908949567,1.2923245847936367,8.303805771685536,2.0399307187077618,1.5468654191509414,3.2714763298846754,1.4265702706420924,0.9005464614282975,0.5743656142000921,4.139838800479388,0.9888463692269907,0.8021324064799924,1.7877434432672783,1.3979517041446936,0.8909276358979198,0.5343303730988733,4.163966971206148,1.044695888131833,0.7771893397346619,1.7151950058998509,4.251092245428877,2.680921918372743,1.998261088963925,12.443644572164924,3.0179805864609044,2.2898962615870895,4.991402724082466,2.6062215089939267,1.7736439330085392,1.0616470231135477,8.213132149576005,1.7349087719575698,1.3650580407813726,3.1860330084517603,1.4108784994864596,0.9479440867137076,0.5114830301928532,4.5898931270263725,0.9695880585383765,0.8199424138003851,1.6900730056613855,2.658050897299458,1.612566473587757,0.9996809003564786,7.48404055198807,2.147622495488445,1.6154706865337813,3.4550223544852585,1.396360751609776,0.9512970896194932,0.5323902041429208,4.741772208573723,0.9944214907335914,0.8164080999568918,1.8740475060482957,7.957292965825213,1.4203898337422607,5.945501688994852,10.818639397414923,7.756726386814391,6.821547921863957,8.736471731610521,1.1443003950075958,0.48147785193843684,0.3975188968870937,2.4195167277411636,1.0676589308347348,0.900073761116402,1.2830888539181238,3.0369452800613237,1.1869644086246034,0.6971926482043287,5.492743267007065,3.157581935825485,2.417289350678745,4.026165279420647,0.3919103266374968,0.18619426381897317,0.04099093627019846,0.7162552566356121,0.36963572459817384,0.2825025537561121,0.5479173044252564,116.59175065492995,44.666783034852706,47.34704136974672,218.53249992513517,115.13322303360923,82.3779548064662,140.3365202414183,0.2941635435831693,0.12948797164597564,0.16555972040973718,0.5635539144148554,0.2527788080557737,0.18831907970213282,0.37938806877548076,0.7071067811865476,-0.7071067811865475,-0.9749279121818236,-0.2225209339563146
user_08_direct_s295,user_08,direct,2026-01-05T09:50:02.059577379,2026-01-05T09:52:02.433568840,120.373991,10,112.53753410513055,7.836457361000001,0.9348990855103454,1.269444738864755,15342.56563921574,34.91480930920029,127.45748073780938,0.2900527682030605,0.0,0.0,0.07166416918897751,0.8707174845555556,1.0051499669783797,0.563201089,0.0,1.342406802,9,0,0,0,11.253753410513054,1.1552957846672254,9.97402560793422,13.480428979825561,10.933548621670454,10.28605402937843,11.84472803330518,858.2072476958544,277.20384495025326,349.4481122359656,1391.5236736644179,849.2363725341831,742.5572891846824,1026.4287160873546,676.0493162257194,218.36621671153054,275.2763484202327,1096.1671911050153,668.9825453084649,584.9465253987661,808.5651030428265,1.9330837852840148,0.9618761673609257,1.1187271645131749,3.5259358415210693,1.4797027021279376,1.1833387998696507,2.8372640863337955,1.558397145636014,0.7289666039592236,1.0,2.777541813024693,1.1656298670009169,1.0212157654004426,2.235043400842417,2.633362352602197,0.9394737361780473,1.619325442618853,4.646036722405767,2.1794704901885464,1.9118493265930407,3.3286755746945023,1.29637625092625,0.4959075054950218,0.7272312735401107,2.365128220641276,1.0704970949300785,0.9295723216291694,1.6764918059719178,1.3369861016759468,0.4451704776795901,0.8920941690787423,2.280908501764491,1.108973395258468,0.9822770049638715,1.6420026865084199,3.9297386035284463,1.4348845095518294,2.3465567161589638,7.011164943047042,3.2499675851186254,2.8414216482222097,5.015348462880585,2.4366675385844996,0.5694761946123924,1.4897919344583601,3.623168822660425,2.26259031560629,2.159584448250599,2.641778479464414,1.183760289125802,0.3387516297288644,0.7582799075684927,1.7587933849412984,1.0570977487185171,0.912593766265176,1.4516400330875752,2.551696635055236,1.1235536887842386,1.2770393726464824,4.98359877786335,2.458481327030028,1.6566042072776732,3.0315320013799423,1.3364612784556995,0.6011072850974973,0.7464809091757538,2.905167420426005,1.1510629357643234,1.003954426876199,1.299947372170223,8.869122446227342,1.47999449784395,6.41326431989193,11.896181268788311,9.019295991565965,8.211480820054376,9.486291295312995,1.4461974434979905,0.3732100664881073,0.7770594057286565,2.098279045559486,1.5556472804632708,1.176736681978029,1.6595216808227877,2.38463096428571,1.3223810514823438,1.00524533430176,5.076194459779039,1.8178005483537394,1.2945981548197865,3.368218598833582,0.2778771132898701,0.16744408955598375,0.0831985428709104,0.526915296149692,0.2551336911762536,0.11957275964874921,0.44364415971422233,136.82335456817643,43.193038679539406,58.715309733627336,221.57700491045085,137.23240127823888,126.81342818192553,153.92029943148955,0.31498691037166704,0.17100954247003375,0.16785800036519194,0.5892085594096745,0.21252248111651756,0.1920357757651321,0.4866540698260557,0.7071067811865476,-0.7071067811865475,0.0,1.0
user_08_direct_s296,user_08,direct,2026-01-06T09:46:01.721809462,2026-01-06T09:50:38.394374481,276.672565,22,247.04007358472785,29.632491447,0.8928968927032134,1.2694447388647547,30007.22205202563,78.52212564120191,108.45752650619923,0.2838088613563904,0.0,0.0,0.2040004902060944,1.4110710212857143,2.1343357382010057,0.657401263,0.0,1.499110176,9,1,0,0,11.229094253851265,1.204638401979487,9.187426658792766,13.419819082239073,11.284032427593829,10.289682525387121,12.21369619150224,762.952146390451,336.51259168817336,360.2292240754124,1415.515064714036,673.4848094365211,483.22107204365534,1011.4725666602708,601.0124923379867,265.08644400630743,283.76912601769493,1115.066313150354,530.5349565974873,380.6554608086309,796.7834563360477,1.9741730574827214,0.8223800705441926,1.1187271645131749,3.7315587399145467,1.8011381884035225,1.1187271645131749,2.632156651055814,1.5950144716628196,0.6076543991551446,1.0,2.9395204262704833,1.4188393817081422,1.0,2.073470841597809,2.9909784426345216,2.0643781086660113,1.336512284274467,9.7924775629677,2.3450284390056404,1.5670053294282933,3.3455792869812244,1.4895267777306622,1.0195387975855843,0.6039395234649054,4.868983767136819,1.210056748589356,0.7788108953434494,1.4422569757301664,1.5014516649038603,1.0623827966957031,0.3735397418562054,4.923493795830882,1.0601580445938503,0.8014915148239836,1.9033223112510582,4.480505220365184,3.0779173906926824,2.0143067850548912,14.661461330104519,3.5161560126338567,2.409170325601108,4.787836262711391,3.0277263245776287,2.243614911200676,1.083583228881866,11.359275442165217,2.3487355967420687,1.5650436980858442,3.73105309413629,1.5475411263181669,1.2179375895845226,0.6822497869182484,5.804661039087201,1.1635109521325293,0.8389943675985415,1.6019672513125602,2.7784062645536394,1.9638413213456318,0.9910184043792789,8.03430717106253,2.1846751328327025,1.3543206003481514,3.3328978118205743,1.39858735557545,1.0228198135100164,0.49100875328333293,4.719805363517427,1.1871455216443736,0.7173674027457507,1.580890076027458,8.733342131746271,1.757888738764814,5.713569124815648,12.034272873248701,9.066002606442167,7.412087817524855,10.220593863094349,1.232268954312373,0.5585731458294021,0.5182584340566051,2.4063804847072707,1.0488170538563468,0.7672325780839192,1.580933909535947,2.4957521221049968,1.4115516192978323,0.5841529014653322,6.029677011619127,2.086956890119093,1.688701973087467,3.2230123546848675,0.4226853449400455,0.3474316131324774,0.033081370547464094,1.3642155382990513,0.307507133020257,0.19244015254912267,0.5318093850313338,125.4339681184248,61.8933603948453,48.759729593323996,240.97279021716568,106.4672098166921,71.31296864760732,165.94715096476665,0.3223080312815794,0.1497646331613804,0.15492109358110182,0.6492568389997019,0.3052455699815292,0.18212396002776088,0.43050121840169453,0.7071067811865476,-0.7071067811865475,0.7818314824680298,0.6234898018587336
user_08_direct_s297,user_08,direct,2026-01-06T20:25:00,2026-01-06T20:52:59.943470308,1679.94347,18,198.90438678346038,1481.0390835320002,0.1183994523241073,1.2694447388647545,23628.702273673676,50.89898136991263,14.065177010791725,0.03029803221290097,0.0,0.0,0.5947337236954784,87.11994609011765,342.81933671689666,1.399469078,0.212913173,2.812142257,20,1,0,0,11.050243710192243,1.025876777596081,8.534437419967087,13.058774626707606,11.207357268026293,10.357344151936518,11.657372900844642,734.2797526598043,316.15443548651075,238.1846831819462,1380.6604124304247,693.3016462933992,477.2100809275551,937.8635488060779,578.4259292109555,249.04938813582615,187.6290285742971,1087.6097006515845,546.1455903258998,375.92032667315385,738.7982478424346,1.5448288906529484,0.5780898719862856,1.1187271645131749,3.0930220081776727,1.1187271645131749,1.1187271645131749,1.9921763128917283,1.2828922965644203,0.40814065280194384,1.0,2.436515677668424,1.0,1.0,1.5693288978244941,2.7046339362226095,1.5105002590477117,1.1751923925462608,6.279605990980402,1.8297408356177876,1.4654248322878927,3.8773815702461807,1.3564044927379593,0.7518993825603291,0.622499733752451,3.177129488930943,0.9832881203580515,0.739931417921013,1.9490017674646696,1.3482294434846502,0.7695749801432529,0.5454357339366873,3.1024765020494587,0.932858664846988,0.7548181865508418,1.9747785885805191,4.061038428960569,2.2586902793639347,1.8019619175395867,9.456735479911345,2.7941184868519695,2.1761619572140836,5.796111498058454,2.70222627667321,1.3539995610261217,1.1534877981696392,4.909925484871407,1.890961962646382,1.640175676228022,4.185980053170482,1.4171775352594513,0.9079535098946065,0.541895469561404,4.0496529133481,1.0002242704986413,0.7279147848222582,1.9131884633226337,2.382721029990746,1.3300267679335556,1.0504186728196183,5.850777467017999,1.9347673683122593,1.2279258652609564,3.289283345368041,1.3561131812236384,0.8750543748929717,0.5206280916268835,3.7197595525334233,0.9584621712642227,0.7105683865294766,1.761587958581611,8.048938191043499,1.1237466872304807,6.222325341517327,9.718168413858765,8.209243056191895,7.025548789904789,8.969591126876677,1.226096042443722,0.4268557586379604,0.6451230027817535,1.9252434689677165,1.2267526383841068,0.7898832129737208,1.6098292954121352,3.0013055191487426,1.097189493301404,0.9901558925589722,4.539333582485156,3.3770666546402373,2.0124810682439467,3.881293114493432,0.45370553762961496,0.23200653895343662,0.13484603114549915,0.9870848507963761,0.4035568954232559,0.2908618680161256,0.6093676464418905,119.20972090630477,48.67209462868828,35.240939970941525,214.40954808629667,117.89032679760169,81.52841924760558,153.4472180489592,0.2507778796329743,0.0925471097957527,0.16064881084437843,0.48878742539266995,0.20009560447721939,0.18233522379381595,0.3075876728555571,-0.8660254037844386,0.5000000000000001,0.7818314824680298,0.6234898018587336
user_08_direct_s298,user_08,direct,2026-01-07T09:18:03.474955019,2026-01-07T09:21:44.240935380,220.76598,17,190.3729153027082,30.393065067000002,0.8623290386621535,1.269444738864755,18517.259807533548,43.38656381515778,83.87732479222363,0.196527398900672,0.0,0.0,0.03512143500180146,1.8995665666875001,2.0378544427450116,1.4050982065,0.89987468625,2.20837061825,9,2,0,0,11.198406782512247,0.915748122985351,10.003048232988618,13.220129457351856,10.94362694933142,10.616835859901467,11.366781814353514,609.287104677523,199.1312536841834,272.96500525199525,1148.4469537400917,574.2877825861013,511.4063697171188,656.2186835264329,479.963472236215,156.86484617066796,215.02708774554748,904.6844802138696,452.3928966767613,402.8583159708566,516.9336351838988,1.3813558944351172,0.627287211948209,1.1187271645131749,3.7597950446594783,1.1187271645131749,1.1187271645131749,1.3493687637382075,1.1707949182212227,0.4616085855324602,1.0,2.9617634620486166,1.0,1.0,1.0629598299370855,3.5559453455589565,2.085310636251081,1.339415362972028,10.7129611388123,3.1329131367585905,2.3477344635075665,4.2932799267108335,1.7564394776569905,0.9994807220863982,0.6730577414002499,5.127157973403848,1.4816055719731336,1.2547221300516354,2.211621220774375,1.799505867901966,1.0945669961929616,0.6663576215717781,5.585803165408453,1.5299770522296203,1.1822143612849,2.077432568301303,5.312384823215947,3.081702032613405,2.012473104372278,15.840119112216147,4.672067713417806,3.6594657684284924,6.509127285120364,3.3535837433020554,1.5498325515140692,1.4490404715256766,7.607304655699084,2.8915493973921795,2.180400045079429,4.380420725430232,1.7997347512754456,1.3201496946281321,0.6987046915176344,6.449971607228519,1.3273979630035182,1.1450146938226156,1.743717111335682,3.471427286699515,2.265719949161222,1.38783372443861,11.538869940211992,2.6540300754930533,2.454906480806226,3.6964503721928463,1.8059296591377478,1.193430757450736,0.7912910991822776,5.969029341383144,1.4418161255689825,1.0569489213458898,2.119377055932097,8.36880310557238,1.5204302267493752,6.298994016477104,11.453318363115862,7.937732570316124,7.139663082109565,9.44262528007397,1.072222697149123,0.5532741062788572,0.36978956334280505,2.171299728693998,0.8703490353845903,0.6014677357585502,1.5211064408249477,2.829603676939868,1.4264600438258552,0.566809664226879,5.119830922569731,2.3908254795216646,1.7668110942359938,4.004508923169419,0.4490496861081254,0.26898527344089884,0.10192987652710764,0.966139339756902,0.3741737836354794,0.21317013814960428,0.6406951802313869,98.03856962202828,34.5209377498111,46.53832427415366,184.5178231383735,91.57379460705658,82.11531763202876,102.63678184386006,0.22502357825772987,0.1177717935163117,0.15128444894976262,0.6715222731464179,0.18658314156827305,0.17595129674033863,0.22043227577514138,0.7071067811865476,-0.7071067811865475,0.9749279121818236,-0.22252093395631434
user_08_direct_s299,user_08,direct,2026-01-07T20:48:02.515727633,2026-01-07T20:50:47.298835991,164.783108,13,142.8582770143105,21.924831349999998,0.866947339130844,1.2694447388647545,17470.158932785467,34.62913710568874,106.01911291044145,0.21014979949090862,0.0,0.0,0.15894707233815933,1.8270692791666665,2.51764962989412,0.47321780700000005,0.11441002725,2.757123469,20,2,0,0,10.989098231870038,0.9191813084871022,9.811770465667927,12.777533023860775,10.846568713013555,10.398613274510941,11.390207594977499,751.7054371719076,262.0896883683809,294.22579516976197,1185.4067015691699,794.866469531816,583.0976267640941,871.7258398163876,592.1529422731285,206.4601005024951,231.77518970450313,933.79937328289,626.1528723516182,459.3328160826833,686.6985329317754,1.460383950621067,0.3809712635698853,1.1187271645131749,2.173274342877163,1.3185566318042212,1.1187271645131749,1.6470723041891056,1.2033958267396057,0.2553444692902354,1.0,1.71198814437617,1.0386876966250511,1.0,1.2974745995340116,3.3664234219597273,2.3232968125102844,1.2384511687110422,9.291012100971205,2.263687713874816,1.8406280296185804,3.9928778393534037,1.6366070759822997,1.1879927464191722,0.5744052699646031,4.814748891509521,1.1187354539229761,0.8419927726742581,1.8469141641910054,1.7298163459774278,1.1481803631677043,0.514427260577058,4.476263209461684,1.2118242786101001,0.9986352569443223,2.1533191977563506,5.003030497942026,3.50710016149612,1.8128564386756452,14.105760992480725,3.3450184296947425,2.6826208022928384,5.832436480950457,3.14199378799424,2.174152477125795,1.0843519133445874,8.953405855023501,2.1264370259100414,1.6362386770164905,3.775289218293021,1.6127524387003622,0.976989607537239,0.4074930451328353,3.5536156349644066,1.2750379753440422,0.8773115338686505,2.183537813688934,3.2714004588402728,2.57038845594732,1.1193418409241216,10.668412636559433,2.086283002593601,1.705538876959167,3.072635932566045,1.6357942291115597,1.3588570513651723,0.46534348450829566,5.484935819978704,1.042070581808654,0.7983607321665755,1.7249914228210859,8.502711201131664,1.276190821581123,6.260773663587735,10.850691876724888,8.855739494800455,7.563278050938883,9.361850556817375,1.1003999189272131,0.5857612737996012,0.46396763849896905,2.7011400458361616,0.8882203241092853,0.6933031637564956,1.364669772289287,2.4863870307383715,1.4331708227527502,0.5944020906304743,4.925423803589406,2.130917599568132,1.387366572483371,3.3254789274442667,0.3165887109840609,0.2333638378535858,0.052985714808278364,0.859632942289842,0.2422549925594017,0.17657025307525628,0.3872805614711794,123.8238960019427,46.62987512857406,48.494689776240186,215.59958381765694,119.18496006938352,91.36983346983111,148.21116542819294,0.2365078602108342,0.05314665811805831,0.18367569447738524,0.3473264707380305,0.20695358787566762,0.19103589402983223,0.28479359484831424,-0.8660254037844386,0.5000000000000001,0.9749279121818236,-0.22252093395631434
user_08_direct_s301,user_08,direct,2026-01-09T09:10:00,2026-01-09T09:33:15.122743557,1395.122743,38,416.55166331855355,978.5710802570001,0.29857707173694437,1.2694447388647547,47840.98082140584,113.37126837381754,34.291592665553615,0.0812625763164249,0.0,0.0,0.6978548831903632,26.447867033972976,148.61944706487552,0.879321662,0.282488842,3.237951831,9,4,0,0,10.961885876804041,1.0923984021003106,8.878271992368088,13.254145525572232,10.849758748704783,10.169401571679675,11.657034551306026,704.2237476560596,315.900086974251,263.82247617251215,1647.2317330746903,609.4825189247672,452.6674681334712,855.3825939764681,554.7494318546204,248.8490261157454,207.82509714321606,1297.6001889989986,480.1174090254754,356.58698191012616,673.8242065908468,1.6350099983996997,0.9205873832199623,1.1187271645131749,4.931640493286441,1.2001194980577137,1.1187271645131749,1.6670929522599283,1.3484444324902356,0.6932125578317062,1.0,3.8848800127343335,1.0,1.0,1.3132457847285142,3.1820165727456584,1.8066285407382217,1.2581757030955565,7.9824576311529425,2.4297767055187434,1.7509184875278025,3.7982953025635515,1.5974281201079537,0.9231689151049426,0.5676134311623696,4.108556654412544,1.2723241405130494,0.8734162887799528,1.91325990768329,1.5845884526377052,0.8916607233021459,0.5758068344260925,3.8739009767403987,1.1478195281871555,0.9104934146871742,1.9827074305623333,4.779444692853613,2.727129665889064,1.9405445717650205,12.091014285565485,3.659859765547707,2.621197406459933,5.661492908354135,3.007432165933367,1.886655998228533,0.9631696749994804,7.909098620789483,2.124075535216142,1.6485991148524768,3.6724939912364416,1.568065248350922,0.9259761787988893,0.614083474566647,4.302498469690901,1.2243259025693325,0.8878617703561351,2.1197076413004465,3.1103747803604467,1.93835099413848,1.136824215717977,9.480548076779101,2.2686544607365366,1.6985141055458317,4.067279616191101,1.5442517409750263,0.9760522246262763,0.48094789405850624,4.479674034546383,1.2614535810628928,0.8182128713343304,1.8082330814005774,8.203510968613024,1.4768681770793188,5.256554569247449,10.23780965801748,8.383541077149223,6.678941055407858,9.401250801820652,1.1266980562741578,0.44119003530599366,0.3729631232444349,2.146714968004635,1.0302851319992703,0.846454034717257,1.3418994079733162,2.7583749081910156,1.2317779606970638,0.7101309711774029,4.536450622150224,2.9492022813877288,1.548358382867026,4.0035577729237986,0.43096600313048583,0.2015307261072136,0.05113401117915005,0.9401568174950494,0.41308995013388017,0.27220688657394293,0.5552486040720506,116.42729493372462,54.22445108029788,47.06739352914319,294.07738534038896,101.66493455548833,72.73405840439288,147.44583185378366,0.2700308500369207,0.1580602506810748,0.15089618535885604,0.8364829937033824,0.20590097433613613,0.1832053143395347,0.2624607485254316,0.7071067811865476,-0.7071067811865475,-0.433883739117558,-0.9009688679024191
user_08_direct_s302,user_08,direct,2026-01-10T09:18:01.405122613,2026-01-10T09:20:24.687043977,143.281921,12,127.21733384278946,16.064587526,0.8878812690038504,1.2694447388647547,18662.317293144806,41.90413318151404,130.24893275366404,0.29245931998297287,0.0,0.0,0.2867315035640012,1.460417047818182,2.6345823952119627,0.358113557,0.057460035,1.5366460825000001,9,5,0,0,10.601444486899121,0.5937371903325652,9.30463511581073,11.541749886331129,10.679337791759039,10.18749251881541,10.943129645738715,869.9183878585449,551.1070899340414,248.52088162476596,2268.913722900323,730.1249496210637,470.10044549414096,1190.5163108728657,685.2747199035224,434.132399041559,195.77132742856887,1787.3276822820808,575.1529997863502,370.3197398844984,937.8244475120092,1.9200980112874404,1.2374955530293676,1.1187271645131749,5.446569668425564,1.2999797852200186,1.1187271645131749,2.167076754684726,1.5719130871720635,0.9374817759887943,1.0,4.2905134045428,1.0834174425156569,1.0,1.70710601914244,3.09377492776645,2.640151473143385,1.4782938900226208,11.327322637010392,1.8556365297641664,1.689591476362779,3.489693600094612,1.5709986504186941,1.2753136741844473,0.7408190326590971,5.577771504712535,1.1353458322617298,0.8694034516039477,1.6795950138719826,1.522776277347756,1.3715066495382155,0.6816162241237711,5.7495511322978565,0.8907884203870435,0.7290803545232605,1.8100985862226295,4.664773578185144,3.913134171949448,2.2191129226817177,16.905094141722927,2.9634481995865802,2.601214563395473,5.169288613966595,3.216052771722891,3.173097067265238,1.4304599399909064,13.433320634392375,1.9546087289336125,1.7799925834191344,3.0008577615004692,1.629601236282138,1.430648414382472,0.810008609433672,6.204053286423554,1.101500098425249,0.8699577445340597,1.609055148783963,2.794868209267283,2.2190993279225055,1.407713171140101,9.528634272654642,1.7939216325202183,1.4679242382926525,2.9140505307984386,1.7710826104941926,1.7266525419981393,0.6134935060301621,7.240477027978585,1.3218916550566593,0.7741181229094243,1.716100956273664,7.797207187501033,1.0430548375282258,6.060060761587251,9.645736343891445,8.13059600615769,6.813818825833915,8.3062475746852,1.4403793330543044,0.6409200487937462,0.4265297223599996,2.2289179227787512,1.7096323840509982,0.6917465957580169,1.9609674812265436,2.8042372993980904,1.141760843591761,0.9617529503225359,4.597356407224766,3.0332521863533004,1.901994075006216,3.4989339979926974,0.47758464139334494,0.2651848973663029,0.10194276807076266,0.9542153186779695,0.41677933782698684,0.28759010468573754,0.6935522945458978,144.99727400347788,85.94331870038249,43.88186410597315,351.4407646267056,135.4495979053937,80.10332498451201,197.01577591985816,0.32058897275373194,0.19196787604328236,0.1809918866804174,0.8436401038719417,0.22049220199736833,0.19248038664772613,0.36035976848828444,0.7071067811865476,-0.7071067811865475,-0.9749279121818236,-0.2225209339563146
user_08_direct_s304,user_08,direct,2026-01-10T20:37:00.636995718,2026-01-10T20:37:11.002704650,10.365708,1,10.365708932245466,0.0,1.0000000899355324,1.2694447388647545,1296.742278742024,2.118727164513175,125.09924828502056,0.2043977280194633,0.0,0.0,0.0,0.0,0.0,0.0,0.0,0.0,20,5,0,0,10.365708932245466,0.0,10.365708932245466,10.365708932245466,10.365708932245466,10.365708932245466,10.365708932245466,725.3504063007086,0.0,725.3504063007086,725.3504063007086,725.3504063007086,725.3504063007086,725.3504063007086,571.3918724413153,0.0,571.3918724413153,571.3918724413153,571.3918724413153,571.3918724413153,571.3918724413153,1.1187271645131749,0.0,1.1187271645131749,1.1187271645131749,1.1187271645131749,1.1187271645131749,1.1187271645131749,1.0,0.0,1.0,1.0,1.0,1.0,1.0,2.2804539392926406,0.0,2.2804539392926406,2.2804539392926406,2.2804539392926406,2.2804539392926406,2.2804539392926406,1.2561856802973776,0.0,1.2561856802973776,1.2561856802973776,1.2561856802973776,1.2561856802973776,1.2561856802973776,1.024268258995263,0.0,1.024268258995263,1.024268258995263,1.024268258995263,1.024268258995263,1.024268258995263,3.5366396195900185,0.0,3.5366396195900185,3.5366396195900185,3.5366396195900185,3.5366396195900185,3.5366396195900185,2.2103781491032524,0.0,2.2103781491032524,2.2103781491032524,2.2103781491032524,2.2103781491032524,2.2103781491032524,1.2561796439886515,0.0,1.2561796439886515,1.2561796439886515,1.2561796439886515,1.2561796439886515,1.2561796439886515,2.491210015287609,0.0,2.491210015287609,2.491210015287609,2.491210015287609,2.491210015287609,2.491210015287609,1.3814827245495485,0.0,1.3814827245495485,1.3814827245495485,1.3814827245495485,1.3814827245495485,1.3814827245495485,7.261749906000443,0.0,7.261749906000443,7.261749906000443,7.261749906000443,7.261749906000443,7.261749906000443,0.4394096645355904,0.0,0.4394096645355904,0.4394096645355904,0.4394096645355904,0.4394096645355904,0.4394096645355904,3.1039590262450236,0.0,3.1039590262450236,3.1039590262450236,3.1039590262450236,3.1039590262450236,3.1039590262450236,0.5355055897581805,0.0,0.5355055897581805,0.5355055897581805,0.5355055897581805,0.5355055897581805,0.5355055897581805,125.0992370341541,0.0,125.0992370341541,125.0992370341541,125.0992370341541,125.0992370341541,125.0992370341541,0.1929438703201896,0.0,0.1929438703201896,0.1929438703201896,0.1929438703201896,0.1929438703201896,0.1929438703201896,-0.8660254037844386,0.5000000000000001,-0.9749279121818236,-0.2225209339563146
user_08_direct_s306,user_08,direct,2026-01-10T20:37:12.639674845,2026-01-10T20:37:24.363601502,11.723926,1,11.723926657919094,0.0,1.000000056117643,1.2694447388647552,1837.7704585952254,5.623431147218414,156.75384325994767,0.47965426830725594,0.0,0.0,0.0,0.0,0.0,0.0,0.0,0.0,20,5,0,0,11.723926657919094,0.0,11.723926657919094,11.723926657919094,11.723926657919094,11.723926657919094,11.723926657919094,1027.9818670851569,0.0,1027.9818670851569,1027.9818670851569,1027.9818670851569,1027.9818670851569,1027.9818670851569,809.7885915100685,0.0,809.7885915100685,809.7885915100685,809.7885915100685,809.7885915100685,809.7885915100685,3.1455425910813632,0.0,3.1455425910813632,3.1455425910813632,3.1455425910813632,3.1455425910813632,3.1455425910813632,2.477888556137051,0.0,2.477888556137051,2.477888556137051,2.477888556137051,2.477888556137051,2.477888556137051,3.2567520873421456,0.0,3.2567520873421456,3.2567520873421456,3.2567520873421456,3.2567520873421456,3.2567520873421456,1.7025471650171888,0.0,1.7025471650171888,1.7025471650171888,1.7025471650171888,1.7025471650171888,1.7025471650171888,1.5542049223249568,0.0,1.5542049223249568,1.5542049223249568,1.5542049223249568,1.5542049223249568,1.5542049223249568,4.959299252359335,0.0,4.959299252359335,4.959299252359335,4.959299252359335,4.959299252359335,4.959299252359335,2.4903152180211245,0.0,2.4903152180211245,2.4903152180211245,2.4903152180211245,2.4903152180211245,2.4903152180211245,1.251239294350788,0.0,1.251239294350788,1.251239294350788,1.251239294350788,1.251239294350788,1.251239294350788,2.7965026569192926,0.0,2.7965026569192926,2.7965026569192926,2.7965026569192926,2.7965026569192926,2.7965026569192926,1.5526109109211796,0.0,1.5526109109211796,1.5526109109211796,1.5526109109211796,1.5526109109211796,1.5526109109211796,10.000921665442833,0.0,10.000921665442833,10.000921665442833,10.000921665442833,10.000921665442833,10.000921665442833,2.08079587840932,0.0,2.08079587840932,2.08079587840932,2.08079587840932,2.08079587840932,2.08079587840932,1.7230049924762607,0.0,1.7230049924762607,1.7230049924762607,1.7230049924762607,1.7230049924762607,1.7230049924762607,0.24353700009557203,0.0,0.24353700009557203,0.24353700009557203,0.24353700009557203,0.24353700009557203,0.24353700009557203,156.75383446329195,0.0,156.75383446329195,156.75383446329195,156.75383446329195,156.75383446329195,156.75383446329195,0.47965424139019047,0.0,0.47965424139019047,0.47965424139019047,0.47965424139019047,0.47965424139019047,0.47965424139019047,-0.8660254037844386,0.5000000000000001,-0.9749279121818236,-0.2225209339563146
user_08_direct_s308,user_08,direct,2026-01-10T20:37:24.363601502,2026-01-10T20:37:34.737936020,10.374334,1,10.374334518837502,0.0,1.0000000500116444,1.2694447388647545,1230.2304305130676,2.118727164513175,118.58403927549159,0.2042277764060011,0.0,0.0,0.0,0.0,0.0,0.0,0.0,0.0,20,5,0,0,10.374334518837502,0.0,10.374334518837502,10.374334518837502,10.374334518837502,10.374334518837502,10.374334518837502,688.1461006128532,0.0,688.1461006128532,688.1461006128532,688.1461006128532,688.1461006128532,688.1461006128532,542.0843299002145,0.0,542.0843299002145,542.0843299002145,542.0843299002145,542.0843299002145,542.0843299002145,1.1187271645131749,0.0,1.1187271645131749,1.1187271645131749,1.1187271645131749,1.1187271645131749,1.1187271645131749,1.0,0.0,1.0,1.0,1.0,1.0,1.0,1.3104433615666782,0.0,1.3104433615666782,1.3104433615666782,1.3104433615666782,1.3104433615666782,1.3104433615666782,0.6882039092683102,0.0,0.6882039092683102,0.6882039092683102,0.6882039092683102,0.6882039092683102,0.6882039092683102,0.622239452298368,0.0,0.622239452298368,0.622239452298368,0.622239452298368,0.622239452298368,0.622239452298368,1.9986472708349883,0.0,1.9986472708349883,1.9986472708349883,1.9986472708349883,1.9986472708349883,1.9986472708349883,1.1790263427230159,0.0,1.1790263427230159,1.1790263427230159,1.1790263427230159,1.1790263427230159,1.1790263427230159,0.7362396684587096,0.0,0.7362396684587096,0.7362396684587096,0.7362396684587096,0.7362396684587096,0.7362396684587096,1.3178828255235673,0.0,1.3178828255235673,1.3178828255235673,1.3178828255235673,1.3178828255235673,1.3178828255235673,0.7831753797553154,0.0,0.7831753797553154,0.7831753797553154,0.7831753797553154,0.7831753797553154,0.7831753797553154,9.612847666749705,0.0,9.612847666749705,9.612847666749705,9.612847666749705,9.612847666749705,9.612847666749705,1.3774379161226,0.0,1.3774379161226,1.3774379161226,1.3774379161226,1.3774379161226,1.3774379161226,0.7614868520877973,0.0,0.7614868520877973,0.7614868520877973,0.7614868520877973,0.7614868520877973,0.7614868520877973,0.047474718162234454,0.0,0.047474718162234454,0.047474718162234454,0.047474718162234454,0.047474718162234454,0.047474718162234454,118.58403334490907,0.0,118.58403334490907,118.58403334490907,118.58403334490907,118.58403334490907,118.58403334490907,0.1927834500004257,0.0,0.1927834500004257,0.1927834500004257,0.1927834500004257,0.1927834500004257,0.1927834500004257,-0.8660254037844386,0.5000000000000001,-0.9749279121818236,-0.2225209339563146
user_08_direct_s310,user_08,direct,2026-01-10T20:37:34.737936020,2026-01-10T20:37:55.312703252,20.574767,2,19.897415876033698,0.677351357,0.9670785518996982,1.2694447388647547,2792.677913695054,4.6759038578306376,135.73314894380354,0.2272640005026855,0.0,0.0,-1.0,0.677351357,0.0,0.677351357,0.677351357,0.677351357,20,5,0,0,9.948707938016849,0.9718948053405798,8.97681313267627,10.92060274335743,9.948707938016849,9.46276053534656,10.43465534068714,781.0611609466591,212.91899399812024,568.1421669485388,993.9801549447793,781.0611609466591,674.6016639475989,887.5206579457192,615.2777959008679,167.7260832862487,447.5517126146192,783.0038791871166,615.2777959008679,531.4147542577435,699.1408375439922,1.2745593400751427,0.15583217556196782,1.1187271645131749,1.4303915156371105,1.2745593400751427,1.1966432522941588,1.3524754278561266,1.063392588840176,0.06339258884017607,1.0,1.1267851776803521,1.063392588840176,1.031696294420088,1.095088883260264,1.8808038247636276,0.41157984792707025,1.4692239768365574,2.292383672690698,1.8808038247636276,1.6750139008000926,2.0865937487271626,0.9299833527618514,0.3744353407104314,0.55554801205142,1.3044186934722828,0.9299833527618514,0.7427656824066358,1.117201023117067,0.9508204720017762,0.03714450721663887,0.9136759647851374,0.9879649792184151,0.9508204720017762,0.9322482183934568,0.9693927256100956,2.810787177525479,0.7860151886375017,2.024771988887977,3.5968023661629807,2.810787177525479,2.417779583206728,3.2037947718442297,2.031808981297892,0.4587893238548165,1.5730196574430757,2.4905983051527087,2.031808981297892,1.802414319370484,2.2612036432253007,0.8093250964343514,0.38685216635497416,0.4224729300793772,1.1961772627893255,0.8093250964343514,0.6158990132568642,1.0027511796118385,1.399932892840418,0.27880218396926826,1.1211307088711497,1.6787350768096863,1.399932892840418,1.2605318008557838,1.5393339848250522,1.006442454746916,0.5249332731589919,0.48150918158792416,1.531375727905908,1.006442454746916,0.7439758181674201,1.268909091326412,6.608801804335355,0.8476469222551386,5.761154882080216,7.4564487265904935,6.608801804335355,6.184978343207786,7.032625265462924,0.37695336949180847,0.08425507434157073,0.29269829515023776,0.4612084438333792,0.37695336949180847,0.33482583232102314,0.41908090666259384,3.339906133681495,0.12424788308544121,3.2156582505960536,3.464154016766936,3.339906133681495,3.2777821921387744,3.402030075224215,0.518340814760916,0.21505293469149014,0.3032878800694258,0.7333937494524061,0.518340814760916,0.41081434741517087,0.625867282106661,137.9324354092534,24.786058788584256,113.14637662066914,162.71849419783766,137.9324354092534,125.53940601496127,150.32546480354551,0.22847849065890025,0.005682274402615414,0.22279621625628485,0.23416076506151567,0.22847849065890025,0.22563735345759256,0.23131962786020796,-0.8660254037844386,0.5000000000000001,-0.9749279121818236,-0.2225209339563146
user_08_direct_s312,user_08,direct,2026-01-10T20:37:55.312703252,2026-01-10T20:38:07.859372441,12.546669,1,12.546669189530574,0.0,1.0000000151060473,1.2694447388647545,798.9763495457297,2.118727164513175,63.68035608062424,0.16886770221747102,0.0,0.0,0.0,0.0,0.0,0.0,0.0,0.0,20,5,0,0,12.546669189530574,0.0,12.546669189530574,12.546669189530574,12.546669189530574,12.546669189530574,12.546669189530574,446.91827302019067,0.0,446.91827302019067,446.91827302019067,446.91827302019067,446.91827302019067,446.91827302019067,352.05807652553904,0.0,352.05807652553904,352.05807652553904,352.05807652553904,352.05807652553904,352.05807652553904,1.1187271645131749,0.0,1.1187271645131749,1.1187271645131749,1.1187271645131749,1.1187271645131749,1.1187271645131749,1.0,0.0,1.0,1.0,1.0,1.0,1.0,1.4991893676198502,0.0,1.4991893676198502,1.4991893676198502,1.4991893676198502,1.4991893676198502,1.4991893676198502,0.7280858666624862,0.0,0.7280858666624862,0.7280858666624862,0.7280858666624862,0.7280858666624862,0.7280858666624862,0.771103500957364,0.0,0.771103500957364,0.771103500957364,0.771103500957364,0.771103500957364,0.771103500957364,2.2272752342823363,0.0,2.2272752342823363,2.2272752342823363,2.2272752342823363,2.2272752342823363,2.2272752342823363,1.5048323207412073,0.0,1.5048323207412073,1.5048323207412073,1.5048323207412073,1.5048323207412073,1.5048323207412073,0.7795203656404921,0.0,0.7795203656404921,0.7795203656404921,0.7795203656404921,0.7795203656404921,0.7795203656404921,1.5199757258781321,0.0,1.5199757258781321,1.5199757258781321,1.5199757258781321,1.5199757258781321,1.5199757258781321,0.6389706314557898,0.0,0.6389706314557898,0.6389706314557898,0.6389706314557898,0.6389706314557898,0.6389706314557898,7.020604685426492,0.0,7.020604685426492,7.020604685426492,7.020604685426492,7.020604685426492,7.020604685426492,0.39618088247297667,0.0,0.39618088247297667,0.39618088247297667,0.39618088247297667,0.39618088247297667,0.39618088247297667,5.526064504104082,0.0,5.526064504104082,5.526064504104082,5.526064504104082,5.526064504104082,5.526064504104082,1.137179575575999,0.0,1.137179575575999,1.137179575575999,1.137179575575999,1.137179575575999,1.137179575575999,63.680355118665794,0.0,63.680355118665794,63.680355118665794,63.680355118665794,63.680355118665794,63.680355118665794,0.15940485636370147,0.0,0.15940485636370147,0.15940485636370147,0.15940485636370147,0.15940485636370147,0.15940485636370147,-0.8660254037844386,0.5000000000000001,-0.9749279121818236,-0.2225209339563146
user_08_direct_s314,user_08,direct,2026-01-10T20:38:09.097324859,2026-01-10T20:38:20.652999178,11.555674,1,11.55567431971168,0.0,1.0000000276670733,1.2694447388647547,1180.4106199508553,2.118727164513175,102.14987199802066,0.18334950990424054,0.0,0.0,0.0,0.0,0.0,0.0,0.0,0.0,20,5,0,0,11.55567431971168,0.0,11.55567431971168,11.55567431971168,11.55567431971168,11.55567431971168,11.55567431971168,660.2787129094296,0.0,660.2787129094296,660.2787129094296,660.2787129094296,660.2787129094296,660.2787129094296,520.1319070414257,0.0,520.1319070414257,520.1319070414257,520.1319070414257,520.1319070414257,520.1319070414257,1.1187271645131749,0.0,1.1187271645131749,1.1187271645131749,1.1187271645131749,1.1187271645131749,1.1187271645131749,1.0,0.0,1.0,1.0,1.0,1.0,1.0,2.421661037837973,0.0,2.421661037837973,2.421661037837973,2.421661037837973,2.421661037837973,2.421661037837973,0.9970353321197805,0.0,0.9970353321197805,0.9970353321197805,0.9970353321197805,0.9970353321197805,0.9970353321197805,1.4246257057181926,0.0,1.4246257057181926,1.4246257057181926,1.4246257057181926,1.4246257057181926,1.4246257057181926,3.4186963699577535,0.0,3.4186963699577535,3.4186963699577535,3.4186963699577535,3.4186963699577535,3.4186963699577535,2.337821295812235,0.0,2.337821295812235,2.337821295812235,2.337821295812235,2.337821295812235,2.337821295812235,1.133025164268385,0.0,1.133025164268385,1.133025164268385,1.133025164268385,1.133025164268385,1.133025164268385,1.9169900004425322,0.0,1.9169900004425322,1.9169900004425322,1.9169900004425322,1.9169900004425322,1.9169900004425322,1.0094423713475702,0.0,1.0094423713475702,1.0094423713475702,1.0094423713475702,1.0094423713475702,1.0094423713475702,8.879410627881073,0.0,8.879410627881073,8.879410627881073,8.879410627881073,8.879410627881073,8.879410627881073,1.6665296430220573,0.0,1.6665296430220573,1.6665296430220573,1.6665296430220573,1.6665296430220573,1.6665296430220573,2.6762636918306058,0.0,2.6762636918306058,2.6762636918306058,2.6762636918306058,2.6762636918306058,2.6762636918306058,0.3329339344143797,0.0,0.3329339344143797,0.3329339344143797,0.3329339344143797,0.3329339344143797,0.3329339344143797,102.14986917183275,0.0,102.14986917183275,102.14986917183275,102.14986917183275,102.14986917183275,102.14986917183275,0.17307514426816256,0.0,0.17307514426816256,0.17307514426816256,0.17307514426816256,0.17307514426816256,0.17307514426816256,-0.8660254037844386,0.5000000000000001,-0.9749279121818236,-0.2225209339563146
user_08_direct_s316,user_08,direct,2026-01-10T20:38:23.559822032,2026-01-10T20:38:33.788645678,10.228823,1,10.228823646532936,0.0,1.0000000632069725,1.269444738864755,663.0440632262123,2.118727164513175,64.82114933714391,0.207133036177591,0.0,0.0,0.0,0.0,0.0,0.0,0.0,0.0,20,5,0,0,10.228823646532936,0.0,10.228823646532936,10.228823646532936,10.228823646532936,10.228823646532936,10.228823646532936,370.8827024001774,0.0,370.8827024001774,370.8827024001774,370.8827024001774,370.8827024001774,370.8827024001774,292.1613608260349,0.0,292.1613608260349,292.1613608260349,292.1613608260349,292.1613608260349,292.1613608260349,1.1187271645131749,0.0,1.1187271645131749,1.1187271645131749,1.1187271645131749,1.1187271645131749,1.1187271645131749,1.0,0.0,1.0,1.0,1.0,1.0,1.0,4.465293831655337,0.0,4.465293831655337,4.465293831655337,4.465293831655337,4.465293831655337,4.465293831655337,2.175300054542183,0.0,2.175300054542183,2.175300054542183,2.175300054542183,2.175300054542183,2.175300054542183,2.2899937771131547,0.0,2.2899937771131547,2.2899937771131547,2.2899937771131547,2.2899937771131547,2.2899937771131547,6.64059388619752,0.0,6.64059388619752,6.64059388619752,6.64059388619752,6.64059388619752,6.64059388619752,5.118844853816497,0.0,5.118844853816497,5.118844853816497,5.118844853816497,5.118844853816497,5.118844853816497,2.5851991291138026,0.0,2.5851991291138026,2.5851991291138026,2.5851991291138026,2.5851991291138026,2.5851991291138026,3.8551191363870005,0.0,3.8551191363870005,3.8551191363870005,3.8551191363870005,3.8551191363870005,3.8551191363870005,2.055980107057433,0.0,2.055980107057433,2.055980107057433,2.055980107057433,2.055980107057433,2.055980107057433,9.225204723901763,0.0,9.225204723901763,9.225204723901763,9.225204723901763,9.225204723901763,9.225204723901763,1.258010248897703,0.0,1.258010248897703,1.258010248897703,1.258010248897703,1.258010248897703,1.258010248897703,1.0036189226311727,0.0,1.0036189226311727,1.0036189226311727,1.0036189226311727,1.0036189226311727,1.0036189226311727,0.1661863685338141,0.0,0.1661863685338141,0.1661863685338141,0.1661863685338141,0.1661863685338141,0.1661863685338141,64.82114523999554,0.0,64.82114523999554,64.82114523999554,64.82114523999554,64.82114523999554,64.82114523999554,0.19552590494390829,0.0,0.19552590494390829,0.19552590494390829,0.19552590494390829,0.19552590494390829,0.19552590494390829,-0.8660254037844386,0.5000000000000001,-0.9749279121818236,-0.2225209339563146
user_08_direct_s318,user_08,direct,2026-01-10T20:38:38.108352828,2026-01-10T20:39:02.313457728,24.205104,2,22.102358125609364,2.102746775,0.9131279967071971,1.269444738864755,1857.176426328418,4.758351046793864,76.72664518724721,0.19658461483139525,0.0,0.0,-1.0,2.102746775,0.0,2.102746775,2.102746775,2.102746775,20,5,0,0,11.051179062804682,1.0862525672767562,9.964926495527925,12.137431630081437,11.051179062804682,10.508052779166302,11.59430534644306,519.4184293567756,68.62655904846781,450.7918703083078,588.0449884052434,519.4184293567756,485.1051498325417,553.7317088810096,409.1697838074335,54.06029655913932,355.10948724829416,463.2300803665728,409.1697838074335,382.1396355278638,436.19993208700316,1.2976183175578708,0.17889115304469594,1.1187271645131749,1.4765094706025668,1.2976183175578708,1.208172741035523,1.3870638940802187,1.081557205839061,0.08155720583906101,1.0,1.163114411678122,1.081557205839061,1.0407786029195305,1.1223358087585915,4.6090562144130285,1.0387430562795434,3.5703131581334846,5.6477992706925715,4.6090562144130285,4.089684686273256,5.1284277425528,2.299833331566681,0.4551600038977127,1.844673327668968,2.7549933354643934,2.299833331566681,2.0722533296178245,2.527413333515537,2.3092228828463472,0.5835830523818307,1.7256398304645166,2.892805935228178,2.3092228828463472,2.017431356655432,2.601014409037263,6.908889545979708,1.493903060177256,5.414986485802452,8.402792606156964,6.908889545979708,6.161938015891081,7.655841076068336,4.6422835533096265,0.5061414367617494,4.136142116547878,5.148424990071376,4.6422835533096265,4.3892128349287525,4.895354271690501,2.5190518908581447,0.2953333958661928,2.2237184949919517,2.8143852867243373,2.5190518908581447,2.371385192925048,2.666718588791241,4.2033192881375445,1.086647534326771,3.116671753810774,5.289966822464316,4.2033192881375445,3.6599955209741593,4.746643055300931,2.8035220792928444,0.4531346011439459,2.3503874781488987,3.2566566804367905,2.8035220792928444,2.5769547787208715,3.0300893798648176,7.899000916514368,1.0553699130596987,6.84363100345467,8.954370829574067,7.899000916514368,7.3713159599845195,8.426685873044217,1.616650040638699,0.06898538653537345,1.5476646541033254,1.6856354271740723,1.616650040638699,1.5821573473710122,1.6511427339063856,3.1521781462903125,0.030882654217057492,3.121295492073255,3.18306080050737,3.1521781462903125,3.1367368191817837,3.167619473398841,0.29500446947839815,0.06976671561317499,0.22523775386522316,0.36477118509157314,0.29500446947839815,0.2601211116718106,0.32988782728498567,83.74404111988277,2.8702526460515116,80.87378847383125,86.61429376593428,83.74404111988277,82.30891479685701,85.17916744290852,0.2148354811859598,0.05005597420664175,0.16477950697931806,0.26489145539260156,0.2148354811859598,0.18980749408263894,0.23986346828928068,-0.8660254037844386,0.5000000000000001,-0.9749279121818236,-0.2225209339563146
user_08_direct_s321,user_08,direct,2026-01-11T20:03:00,2026-01-11T20:05:48.823838754,168.823838,15,161.49321563229262,7.330623128,0.9565782744039537,1.2694447388647547,18424.300277112616,46.395442783703494,109.13328648003261,0.27481570928214233,0.0,0.0,0.20973779434441278,0.5236159377142857,0.8015541994047061,0.000783072,0.0,0.85712423925,20,6,0,0,10.766214375486175,1.0513066513318454,8.841297472021,12.479767154063687,10.55853645000981,10.059541470406128,11.763867861007855,687.0588402384499,258.85960569971496,393.3885322667819,1368.7994116738025,630.0520690014098,508.72218088528973,775.4676450005863,541.2278449023911,203.91561583941746,309.8902380095594,1078.2662448921558,496.3209895728553,400.74385698760886,610.8715261556601,1.6977568364525581,0.9523227606121164,1.1187271645131749,4.849638856352853,1.1846494498895703,1.1187271645131749,1.946006510550248,1.3952726824610082,0.7168812811624973,1.0,3.8202835522323033,1.0,1.0,1.5329588212642733,2.0328090470384663,0.8207981381275958,1.3193522304477778,4.3055335674752575,1.602162335584866,1.4771602389923473,2.328032821319048,1.0017635481507512,0.4055152969266534,0.5398926753055706,2.1384278453696695,0.9061763211516459,0.7199299014538698,1.174017264277108,1.0310454988877151,0.4451843110694346,0.6404847480355714,2.167105722105588,0.8511491607381729,0.7450316799794026,1.1540155570419401,3.0345725951892177,1.2157776969364555,1.9047688845725712,6.443961412844927,2.559906048540807,2.2177266929646997,3.5020500855961565,1.8009754817768482,0.6679869850743575,0.9309952082567851,3.3287032032944417,1.7882250936277373,1.2799942038751733,2.1230289095554067,1.067066831362508,0.5141104240084167,0.6895180426699056,2.663106841652326,0.8669337038111974,0.7361553489817035,1.215662817238308,1.8629442081001961,0.8671322548784819,0.9300197555991103,4.337067261022689,1.5779072475096727,1.2164206821879113,2.22496611609127,1.0070162417229027,0.290256058231873,0.4940447267677703,1.5294848756057435,0.9631914111114119,0.8100579620910875,1.2059930574983855,7.620196414936427,1.093302578149936,5.92541145589028,9.736550597843992,7.533070870592405,6.946555201142152,8.16630244922812,1.0954659907035558,0.4383093909372544,0.454734909774619,1.8366028117638118,1.202830683393378,0.7104939179122591,1.3377017586485902,3.146017960549747,1.1048056705396403,0.7987279386280566,5.177001968063951,3.0163304695621784,2.399423636586453,4.1203463944734064,0.43389512985435735,0.22969410391487843,0.12210696848620706,1.0390872016345483,0.3689489560963726,0.29215433805505975,0.5057377727225667,116.61288538043338,50.25018204373218,57.11992275028425,263.38679744902066,102.36317546999777,86.9362827867001,138.09743860571632,0.29351725110815224,0.19233826785947328,0.16025940030049005,0.9331760638303875,0.20752174485251784,0.17980229458737979,0.3376656452346305,-0.8660254037844386,0.5000000000000001,-0.7818314824680299,0.6234898018587334
user_08_direct_s322,user_08,direct,2026-01-13T09:32:00,2026-01-13T09:36:33.835739763,273.835739,22,238.13422847084126,35.70151130000001,0.8696243570706499,1.2694447388647547,26613.065696285557,60.86241254380323,97.18623943489553,0.22225883577527925,0.0,0.0,0.24945530940116825,1.700071966666667,2.8301631757876557,0.19534667,0.0,1.850333169,9,1,0,0,10.824283112310967,1.099122501272054,8.837225380928647,13.71791683378688,10.78591331736677,10.07683469882868,11.459698399219661,676.6536255774632,258.3453175114856,353.2957240715384,1641.8865644911184,645.860885701937,477.0954345060521,775.7991049070167,533.031178799153,203.51048738247553,278.3072892070004,1293.389553892226,508.77432150336904,375.83001441457884,611.1326323671262,1.5123757342353996,0.6165316265525037,1.1187271645131749,3.33861187193381,1.1470825971687528,1.1187271645131749,1.58768808027102,1.2540975632102016,0.44792234242927637,1.0,2.629978107530289,1.0,1.0,1.2506949153933755,3.2293906261684953,2.7841831121563705,1.2160684830647215,12.988315775969868,1.9423753484252018,1.526598392492682,3.4929229571403724,1.6129618166471986,1.4289057832753367,0.61228389450232,6.66108128303635,0.9477308335861878,0.7612879250699909,1.750785580711356,1.6164288095212966,1.35988698672781,0.4843923261820703,6.327234492933518,1.0043328211583364,0.7668050278616635,1.8382496755391757,4.842352442815694,4.211603265066314,1.9477446399473726,19.64939705900622,2.9008736121701357,2.2787870835507302,5.223672676087467,3.356794432105563,3.099536015013017,1.2247955470145802,14.874787399117075,1.909849987992903,1.490350298683426,3.943010676788393,1.639313331195253,1.3700916845720899,0.6308993625739914,6.67943477944166,0.9962320904461608,0.8646994560826174,1.9911656152666364,2.819344478383764,2.156565036330682,1.012899904985129,10.02388787124252,2.135435014762836,1.419761286329626,3.1022218546205234,1.4954097432950235,1.1525952305139497,0.5070968761161602,5.430643833376556,0.9028284101464101,0.8463120681118609,1.6725609214682549,8.22594443253895,1.3889902384892492,6.187040835284614,11.672249857138794,8.20600334813696,7.226663205019751,9.09631416915335,1.1590336015115665,0.48945255341907024,0.46281193511271806,1.9445075532369493,1.2040754475838802,0.7171179792233082,1.487123292667759,2.598338679772016,1.1500178083860608,0.590738055146339,5.310669930392883,2.5568165395546663,1.815430926671413,3.237995274356921,0.4400699607598775,0.2143062324870639,0.0436378244853599,0.916819020888749,0.46993008215576054,0.2602062819332645,0.5661065919047681,111.30135574300219,34.93027743507089,54.88032180006649,213.97389661627298,105.80760232871461,89.93987272013683,136.8167050665577,0.25153962445288314,0.10418175287114656,0.16624438591723908,0.5371034123278549,0.21438006184719877,0.18835884066686484,0.2586808401329015,0.7071067811865476,-0.7071067811865475,0.7818314824680298,0.6234898018587336
user_08_direct_s325,user_08,direct,2026-01-19T09:23:02.355002998,2026-01-19T09:27:10.268158287,247.913155,20,222.8370450834461,25.076110216,0.8988512331402749,1.2694447388647547,29621.87858457637,55.021996093694824,119.48490020457515,0.2219406069584925,0.0,0.0,0.0805108607688935,1.3197952745263157,1.550918947568689,0.996416464,0.0746746065,2.1149394470000002,9,0,0,0,11.141852254172305,0.6363117852986779,10.038210754184487,12.281567363367177,11.169973827163911,10.813922414392025,11.475624571565657,828.4700059119165,533.7133482723003,374.62448857122223,2685.7653588769294,678.3577519048638,468.2408605481102,893.4012686738505,652.623923316902,420.4305488316035,295.10893787014567,2115.7008861045574,534.3735974765698,368.85485930395913,703.7732650519358,1.5055478340629165,0.6373860947485467,1.1187271645131749,3.2220517931820845,1.191558203190998,1.1187271645131749,1.5325767197848512,1.245551970621825,0.4686975964705364,1.0,2.538158373135263,1.0,1.0,1.207281162278408,2.9351845157681433,1.554386262312792,1.2956977931178786,8.019419502970074,2.683529502443326,1.6927259739404483,3.712182927139817,1.491526030090858,0.790287503936892,0.5659333770935673,4.04058189438933,1.3718087975330393,0.9234519703758061,1.952105265448139,1.4436584856772847,0.7738090073049086,0.5107949682958169,3.9788376085807435,1.311720704910287,0.8486554225524408,1.8422380533082414,4.426710545859001,2.3414870494847637,1.9439950244725324,12.060001397359404,4.055338299976365,2.6069835222499576,5.7071519210218815,2.677750055981583,1.3270597748296413,1.2326235628062807,6.463671599498731,2.4890515055304694,1.448017226198917,3.5257429453745734,1.5361870949888294,0.7740211099038946,0.5518897487482207,3.5900100433249635,1.4101328186750064,0.9606794731654649,2.034001517295677,2.7864297728181824,1.6237724568607852,0.9547135473732707,8.450632957643347,2.6957821518484435,1.7716982739684788,3.420395502460684,1.5488973460250333,0.8885554458303223,0.4378107391273681,4.056997066301104,1.446502783665303,0.9442820029119512,2.1745087224248305,8.074687058289353,1.4878511216287138,5.843619580170991,10.84899638374391,7.990734898876706,6.747068012622856,9.037774007717044,1.3426839396244192,0.5728608935684586,0.41179274861192033,2.2942347477273395,1.3392816035722943,0.8939041646950052,1.7815929069855494,3.0671651958829513,1.3343291180617494,0.660611184903301,5.0155166902261925,3.3000502006462114,1.6874890462923315,4.212956033642534,0.47742661980865153,0.2648703115904968,0.0595739267311668,1.0892234338738989,0.3804727760131633,0.323143786724047,0.5590172900304939,132.79072229076715,85.62573396956735,65.32024688454571,440.90774721573774,107.74818431046864,76.60780182865781,147.91805689110157,0.2413344128527876,0.09824024064139214,0.16519739891035834,0.52139137777338,0.19199770609503564,0.1779965429367595,0.25670674644385527,0.7071067811865476,-0.7071067811865475,0.0,1.0
user_08_direct_s328,user_08,direct,2026-01-21T09:37:02.609043585,2026-01-21T09:39:13.804260467,131.195216,11,124.47767491573083,6.7175419729999994,0.9487973625176306,1.2694447388647545,13155.475210838355,39.60991552898841,100.27404666065229,0.3019158528538755,0.0,0.0,0.09561426374026354,0.6717541973,0.8137937727026461,0.3289326685,0.0,1.04130623525,9,2,0,0,11.316152265066439,1.1119036930592514,9.619068408293206,13.117054468230371,11.657647745719196,10.15552634327604,12.022442039620236,668.9721582020251,174.76273418311047,327.27912957510483,961.5650329475055,678.8495763555434,562.6619244459048,775.7327341034318,526.9801336923708,137.66864270074345,257.8128212715944,757.4689968839594,534.7610302143821,443.23467357002477,611.0803490328833,1.9840259984463187,0.9653228511016312,1.1187271645131749,3.6382082140651217,1.5453341669839797,1.1187271645131749,2.809169911679541,1.6168754132799004,0.7128646178792758,1.0,2.865983924056998,1.217330790126358,1.0,2.212912327472986,2.2926400350325458,0.8992150919349183,1.1375957647935886,3.8588412302282404,2.072705403030501,1.6773161674080663,2.822725206590192,1.092138736566332,0.47369636570277407,0.41747329346725154,1.9503538459749572,1.0298377217866905,0.7445527136099346,1.4468369486362338,1.2005012984662138,0.43704477938949093,0.720122471326337,2.069736733424869,1.0428676812438105,0.8968703361863045,1.3894899182875355,3.3847787715988775,1.369285915247605,1.5550690582608402,5.809195076203197,3.1025431248171915,2.4218688810180007,4.269562155226426,2.227638806828799,1.0360381048385967,0.9583093918071767,4.2675113999377885,2.129854939401096,1.4256027862841323,2.461165526416278,1.0508962586421167,0.4678153085114188,0.3670852115651784,1.7640940982846438,0.9262862230693767,0.6644212393469489,1.4941209123190107,2.133024660828799,0.8001329448329139,1.1623197529893248,3.5164027776698186,1.7294428662570027,1.465662458620947,2.7535838337002065,1.0144237371378741,0.4112854637065273,0.4707214566929211,1.6528742191530943,0.9363275825477484,0.652099061850302,1.361141283365439,8.252090062264074,1.2823572489728454,5.711072136050036,10.32623386338431,8.145635578648475,7.538467714242959,9.101370396211255,1.3996782043878773,0.5563320127475458,0.6625925974898306,2.4044260130246347,1.4496805233353631,0.9052397109998773,1.668239540690784,3.0640622028023667,0.8080937625040386,2.0237886785784713,4.516758416941271,2.726601598924903,2.4906089938930567,3.8885659028615804,0.4800267735553136,0.1987929139238606,0.21068490367274573,0.8963033629460704,0.4269631655149599,0.38683265322045657,0.4994669139526544,106.85225360549326,30.43070308806643,49.46670464324881,169.03244713674295,108.32205093531834,91.43720278248026,117.97777579784675,0.3174681436915921,0.16032098036183326,0.1524732557026441,0.6453670811990335,0.2277313658608793,0.18355304341668816,0.4341300141394978,0.7071067811865476,-0.7071067811865475,0.9749279121818236,-0.22252093395631434
user_08_direct_s330,user_08,direct,2026-01-21T09:39:16.093982063,2026-01-21T09:39:27.259416872,11.165434,1,11.165434809758418,0.0,1.000000072523685,1.2694447388647545,2082.4944682041782,3.1880500402643897,186.51263069614475,0.2855285374723804,0.0,0.0,0.0,0.0,0.0,0.0,0.0,0.0,9,2,0,0,11.165434809758418,0.0,11.165434809758418,11.165434809758418,11.165434809758418,11.165434809758418,11.165434809758418,1164.871565764216,0.0,1164.871565764216,1164.871565764216,1164.871565764216,1164.871565764216,1164.871565764216,917.6229024399622,0.0,917.6229024399622,917.6229024399622,917.6229024399622,917.6229024399622,917.6229024399622,1.7832790909355467,0.0,1.7832790909355467,1.7832790909355467,1.7832790909355467,1.7832790909355467,1.7832790909355467,1.404770949328843,0.0,1.404770949328843,1.404770949328843,1.404770949328843,1.404770949328843,1.404770949328843,3.5639517360537374,0.0,3.5639517360537374,3.5639517360537374,3.5639517360537374,3.5639517360537374,3.5639517360537374,2.007094946911083,0.0,2.007094946911083,2.007094946911083,2.007094946911083,2.007094946911083,2.007094946911083,1.5568567891426546,0.0,1.5568567891426546,1.5568567891426546,1.5568567891426546,1.5568567891426546,1.5568567891426546,5.57104668296482,0.0,5.57104668296482,5.57104668296482,5.57104668296482,5.57104668296482,5.57104668296482,3.794764869608276,0.0,3.794764869608276,3.794764869608276,3.794764869608276,3.794764869608276,3.794764869608276,1.5982663255343985,0.0,1.5982663255343985,1.5982663255343985,1.5982663255343985,1.5982663255343985,1.5982663255343985,3.741180890340758,0.0,3.741180890340758,3.741180890340758,3.741180890340758,3.741180890340758,3.741180890340758,2.3914697335837136,0.0,2.3914697335837136,2.3914697335837136,2.3914697335837136,2.3914697335837136,2.3914697335837136,6.173627702470094,0.0,6.173627702470094,6.173627702470094,6.173627702470094,6.173627702470094,6.173627702470094,1.1914271976535207,0.0,1.1914271976535207,1.1914271976535207,1.1914271976535207,1.1914271976535207,1.1914271976535207,4.991807107288324,0.0,4.991807107288324,4.991807107288324,4.991807107288324,4.991807107288324,4.991807107288324,1.062824681334108,0.0,1.062824681334108,1.062824681334108,1.062824681334108,1.062824681334108,1.062824681334108,186.51261716956245,0.0,186.51261716956245,186.51261716956245,186.51261716956245,186.51261716956245,186.51261716956245,0.2855285167648002,0.0,0.2855285167648002,0.2855285167648002,0.2855285167648002,0.2855285167648002,0.2855285167648002,0.7071067811865476,-0.7071067811865475,0.9749279121818236,-0.22252093395631434
user_08_direct_s332,user_08,direct,2026-01-21T09:39:35.567119789,2026-01-21T09:39:49.043475517,13.476355,1,13.47635572824351,0.0,1.0000000540386114,1.2694447388647547,1032.709338074033,2.141184374637012,76.63120614394865,0.15888453329086477,0.0,0.0,0.0,0.0,0.0,0.0,0.0,0.0,9,2,0,0,13.47635572824351,0.0,13.47635572824351,13.47635572824351,13.47635572824351,13.47635572824351,13.47635572824351,577.6599947749203,0.0,577.6599947749203,577.6599947749203,577.6599947749203,577.6599947749203,577.6599947749203,455.0493432991127,0.0,455.0493432991127,455.0493432991127,455.0493432991127,455.0493432991127,455.0493432991127,1.1411843746370118,0.0,1.1411843746370118,1.1411843746370118,1.1411843746370118,1.1411843746370118,1.1411843746370118,1.0,0.0,1.0,1.0,1.0,1.0,1.0,9.594439976324239,0.0,9.594439976324239,9.594439976324239,9.594439976324239,9.594439976324239,9.594439976324239,4.800197398891038,0.0,4.800197398891038,4.800197398891038,4.800197398891038,4.800197398891038,4.800197398891038,4.7942425774332005,0.0,4.7942425774332005,4.7942425774332005,4.7942425774332005,4.7942425774332005,4.7942425774332005,14.394637375215277,0.0,14.394637375215277,14.394637375215277,14.394637375215277,14.394637375215277,14.394637375215277,10.220647783796403,0.0,10.220647783796403,10.220647783796403,10.220647783796403,10.220647783796403,10.220647783796403,5.398546705792946,0.0,5.398546705792946,5.398546705792946,5.398546705792946,5.398546705792946,5.398546705792946,9.884608213918305,0.0,9.884608213918305,9.884608213918305,9.884608213918305,9.884608213918305,9.884608213918305,6.088912467276368,0.0,6.088912467276368,6.088912467276368,6.088912467276368,6.088912467276368,6.088912467276368,8.787302396817944,0.0,8.787302396817944,8.787302396817944,8.787302396817944,8.787302396817944,8.787302396817944,0.8029761046534266,0.0,0.8029761046534266,0.8029761046534266,0.8029761046534266,0.8029761046534266,0.8029761046534266,4.689053331425566,0.0,4.689053331425566,4.689053331425566,4.689053331425566,4.689053331425566,4.689053331425566,0.8439044892701457,0.0,0.8439044892701457,0.8439044892701457,0.8439044892701457,0.8439044892701457,0.8439044892701457,76.6312020029049,0.0,76.6312020029049,76.6312020029049,76.6312020029049,76.6312020029049,76.6312020029049,0.1513872020329913,0.0,0.1513872020329913,0.1513872020329913,0.1513872020329913,0.1513872020329913,0.1513872020329913,0.7071067811865476,-0.7071067811865475,0.9749279121818236,-0.22252093395631434
user_08_direct_s334,user_08,direct,2026-01-21T09:39:49.879055051,2026-01-21T09:39:59.804791072,9.925736,1,9.925736021263026,0.0,1.0000000021422115,1.269444738864755,679.2356524876735,2.118727164513175,68.43176692264166,0.2134579405006515,0.0,0.0,0.0,0.0,0.0,0.0,0.0,0.0,9,2,0,0,9.925736021263026,0.0,9.925736021263026,9.925736021263026,9.925736021263026,9.925736021263026,9.925736021263026,379.9396877718956,0.0,379.9396877718956,379.9396877718956,379.9396877718956,379.9396877718956,379.9396877718956,299.2959647157779,0.0,299.2959647157779,299.2959647157779,299.2959647157779,299.2959647157779,299.2959647157779,1.1187271645131749,0.0,1.1187271645131749,1.1187271645131749,1.1187271645131749,1.1187271645131749,1.1187271645131749,1.0,0.0,1.0,1.0,1.0,1.0,1.0,1.7175287976963007,0.0,1.7175287976963007,1.7175287976963007,1.7175287976963007,1.7175287976963007,1.7175287976963007,0.8502612660534746,0.0,0.8502612660534746,0.8502612660534746,0.8502612660534746,0.8502612660534746,0.8502612660534746,0.8672675316428261,0.0,0.8672675316428261,0.8672675316428261,0.8672675316428261,0.8672675316428261,0.8672675316428261,2.5677900637497753,0.0,2.5677900637497753,2.5677900637497753,2.5677900637497753,2.5677900637497753,2.5677900637497753,1.3000582619229601,0.0,1.3000582619229601,1.3000582619229601,1.3000582619229601,1.3000582619229601,1.3000582619229601,0.6399036042183475,0.0,0.6399036042183475,0.6399036042183475,0.6399036042183475,0.6399036042183475,0.6399036042183475,1.5596175370173189,0.0,1.5596175370173189,1.5596175370173189,1.5596175370173189,1.5596175370173189,1.5596175370173189,0.6376269418838669,0.0,0.6376269418838669,0.6376269418838669,0.6376269418838669,0.6376269418838669,0.6376269418838669,5.647805405155878,0.0,5.647805405155878,5.647805405155878,5.647805405155878,5.647805405155878,5.647805405155878,0.7954519389535528,0.0,0.7954519389535528,0.7954519389535528,0.7954519389535528,0.7954519389535528,0.7954519389535528,4.277930616107148,0.0,4.277930616107148,4.277930616107148,4.277930616107148,4.277930616107148,4.277930616107148,0.6066164730458827,0.0,0.6066164730458827,0.6066164730458827,0.6066164730458827,0.6066164730458827,0.6066164730458827,68.43176677604635,0.0,68.43176677604635,68.43176677604635,68.43176677604635,68.43176677604635,68.43176677604635,0.201496392379928,0.0,0.201496392379928,0.201496392379928,0.201496392379928,0.201496392379928,0.201496392379928,0.7071067811865476,-0.7071067811865475,0.9749279121818236,-0.22252093395631434
user_08_direct_s336,user_08,direct,2026-01-21T09:40:05.370651138,2026-01-21T09:40:17.876067885,12.505416,1,12.505416747359657,0.0,1.0000000597628784,1.2694447388647545,3516.703294447433,10.459352031562943,281.2144189723423,0.8363857732971812,0.0,0.0,0.0,0.0,0.0,0.0,0.0,0.0,9,2,0,0,12.505416747359657,0.0,12.505416747359657,12.505416747359657,12.505416747359657,12.505416747359657,12.505416747359657,1967.1157525156584,0.0,1967.1157525156584,1967.1157525156584,1967.1157525156584,1967.1157525156584,1967.1157525156584,1549.5875419317747,0.0,1549.5875419317747,1549.5875419317747,1549.5875419317747,1549.5875419317747,1549.5875419317747,5.850580620457763,0.0,5.850580620457763,5.850580620457763,5.850580620457763,5.850580620457763,5.850580620457763,4.60877141110518,0.0,4.60877141110518,4.60877141110518,4.60877141110518,4.60877141110518,4.60877141110518,6.976233427618119,0.0,6.976233427618119,6.976233427618119,6.976233427618119,6.976233427618119,6.976233427618119,3.2720911648220863,0.0,3.2720911648220863,3.2720911648220863,3.2720911648220863,3.2720911648220863,3.2720911648220863,3.704142262796033,0.0,3.704142262796033,3.704142262796033,3.704142262796033,3.704142262796033,3.704142262796033,10.248324592440206,0.0,10.248324592440206,10.248324592440206,10.248324592440206,10.248324592440206,10.248324592440206,4.918181446978803,0.0,4.918181446978803,4.918181446978803,4.918181446978803,4.918181446978803,4.918181446978803,2.3964838069715313,0.0,2.3964838069715313,2.3964838069715313,2.3964838069715313,2.3964838069715313,2.3964838069715313,6.2572485794779436,0.0,6.2572485794779436,6.2572485794779436,6.2572485794779436,6.2572485794779436,6.2572485794779436,3.191353676552014,0.0,3.191353676552014,3.191353676552014,3.191353676552014,3.191353676552014,3.191353676552014,9.12735843903898,0.0,9.12735843903898,9.12735843903898,9.12735843903898,9.12735843903898,9.12735843903898,2.0002584446241993,0.0,2.0002584446241993,2.0002584446241993,2.0002584446241993,2.0002584446241993,2.0002584446241993,3.3780583083206768,0.0,3.3780583083206768,3.3780583083206768,3.3780583083206768,3.3780583083206768,3.3780583083206768,0.6050771543055539,0.0,0.6050771543055539,0.6050771543055539,0.6050771543055539,0.6050771543055539,0.6050771543055539,281.21440216616014,0.0,281.21440216616014,281.21440216616014,281.21440216616014,281.21440216616014,281.21440216616014,0.8363857233123629,0.0,0.8363857233123629,0.8363857233123629,0.8363857233123629,0.8363857233123629,0.8363857233123629,0.7071067811865476,-0.7071067811865475,0.9749279121818236,-0.22252093395631434
user_08_direct_s338,user_08,direct,2026-01-21T09:40:19.291939382,2026-01-21T09:40:29.549916363,10.257976,1,10.257976981360684,0.0,1.0000000956680621,1.2694447388647547,710.4309651845832,2.118727164513175,69.25644641638694,0.20654436747689553,0.0,0.0,0.0,0.0,0.0,0.0,0.0,0.0,9,2,0,0,10.257976981360684,0.0,10.257976981360684,10.257976981360684,10.257976981360684,10.257976981360684,10.257976981360684,397.3892096316534,0.0,397.3892096316534,397.3892096316534,397.3892096316534,397.3892096316534,397.3892096316534,313.0417555529298,0.0,313.0417555529298,313.0417555529298,313.0417555529298,313.0417555529298,313.0417555529298,1.1187271645131749,0.0,1.1187271645131749,1.1187271645131749,1.1187271645131749,1.1187271645131749,1.1187271645131749,1.0,0.0,1.0,1.0,1.0,1.0,1.0,2.7665570921262113,0.0,2.7665570921262113,2.7665570921262113,2.7665570921262113,2.7665570921262113,2.7665570921262113,1.3612370948516106,0.0,1.3612370948516106,1.3612370948516106,1.3612370948516106,1.3612370948516106,1.3612370948516106,1.4053199972746007,0.0,1.4053199972746007,1.4053199972746007,1.4053199972746007,1.4053199972746007,1.4053199972746007,4.127794186977821,0.0,4.127794186977821,4.127794186977821,4.127794186977821,4.127794186977821,4.127794186977821,1.9806442026499373,0.0,1.9806442026499373,1.9806442026499373,1.9806442026499373,1.9806442026499373,1.9806442026499373,1.4343782952115811,0.0,1.4343782952115811,1.4343782952115811,1.4343782952115811,1.4343782952115811,1.4343782952115811,2.0899673721780236,0.0,2.0899673721780236,2.0899673721780236,2.0899673721780236,2.0899673721780236,2.0899673721780236,1.5607139430675296,0.0,1.5607139430675296,1.5607139430675296,1.5607139430675296,1.5607139430675296,1.5607139430675296,6.958185588078646,0.0,6.958185588078646,6.958185588078646,6.958185588078646,6.958185588078646,6.958185588078646,1.6640204101547784,0.0,1.6640204101547784,1.6640204101547784,1.6640204101547784,1.6640204101547784,1.6640204101547784,3.299791393282039,0.0,3.299791393282039,3.299791393282039,3.299791393282039,3.299791393282039,3.299791393282039,0.7254943360716736,0.0,0.7254943360716736,0.7254943360716736,0.7254943360716736,0.7254943360716736,0.7254943360716736,69.25643979075755,0.0,69.25643979075755,69.25643979075755,69.25643979075755,69.25643979075755,69.25643979075755,0.19497021719137325,0.0,0.19497021719137325,0.19497021719137325,0.19497021719137325,0.19497021719137325,0.19497021719137325,0.7071067811865476,-0.7071067811865475,0.9749279121818236,-0.22252093395631434
user_08_direct_s340,user_08,direct,2026-01-21T09:40:31.083697856,2026-01-21T09:40:52.791217721,21.707519,2,21.70751986592036,0.0,1.0000000398903421,1.2694447388647547,3163.805145874878,9.069309494053517,145.74697117044457,0.41779576441018046,0.0,0.0,0.0,0.0,0.0,0.0,0.0,0.0,9,2,0,0,10.85375993296018,1.1990244909228602,9.654735442037321,12.052784423883041,10.85375993296018,10.25424768749875,11.453272178421612,884.8586899791983,136.0269298840161,748.8317600951822,1020.8856198632144,884.8586899791983,816.8452250371902,952.8721549212064,697.0438829582405,107.1546682730459,589.8892146851946,804.1985512312864,697.0438829582405,643.4665488217175,750.6212170947634,2.503314897567099,1.384587733053924,1.1187271645131749,3.887902630621023,2.503314897567099,1.811021031040137,3.195608764094061,2.03133984945966,1.0313398494596602,1.0,3.0626796989193203,2.03133984945966,1.51566992472983,2.5470097741894904,2.493401031532409,0.7957743076175354,1.6976267239148735,3.2891753391499443,2.493401031532409,2.0955138777236413,2.8912881853411765,1.3169342227309495,0.5021371397581404,0.8147970829728091,1.81907136248909,1.3169342227309495,1.0658656528518793,1.5680027926100197,1.1764668088014594,0.293637167859395,0.8828296409420644,1.4701039766608544,1.1764668088014594,1.029648224871762,1.3232853927311568,3.810335254263358,1.2979114473756759,2.5124238068876825,5.108246701639034,3.810335254263358,3.1613795305755206,4.459290977951197,2.8464081603818174,0.8405209227983754,2.005887237583442,3.6869290831801926,2.8464081603818174,2.4261476989826294,3.266668621781005,1.1353095505737543,0.1536309009716445,0.9816786496021098,1.2889404515453988,1.1353095505737543,1.058494100087932,1.2121250010595765,2.467252653222058,0.45112804375735616,2.016124609464702,2.918380696979414,2.467252653222058,2.24168863134338,2.692816675100736,1.0844900695894486,0.32738225823385647,0.757107811355592,1.411872327823305,1.0844900695894486,0.9207989404725203,1.2481811987063767,8.417118734289142,2.4998052621251747,5.9173134721639675,10.916923996414317,8.417118734289142,7.167216103226555,9.66702136535173,1.3818475832682173,0.22089966852563447,1.1609479147425827,1.6027472517938517,1.3818475832682173,1.2713977490054,1.4922974175310344,2.436641198671039,1.3007807712023145,1.1358604274687245,3.7374219698733535,2.436641198671039,1.7862508130698818,3.0870315842721965,0.20697351914842937,0.003868719179549382,0.20310479996888,0.21084223832797877,0.20697351914842937,0.2050391595586547,0.20890787873820407,150.05332046583325,38.981809709559265,111.07151075627398,189.0351301753925,150.05332046583325,130.5624156110536,169.54422532061287,0.4429255416565919,0.27698878134775196,0.16593676030883997,0.7199143230043439,0.4429255416565919,0.30443115098271595,0.5814199323304678,0.7071067811865476,-0.7071067811865475,0.9749279121818236,-0.22252093395631434
user_08_direct_s342,user_08,direct,2026-01-21T09:40:52.791217721,2026-01-21T09:41:04.986903048,12.195685,1,12.195685327106629,0.0,1.0000000268215052,1.2694447388647547,1345.9628135269234,2.118727164513175,110.36385521001267,0.17372760648648888,0.0,0.0,0.0,0.0,0.0,0.0,0.0,0.0,9,2,0,0,12.195685327106629,0.0,12.195685327106629,12.195685327106629,12.195685327106629,12.195685327106629,12.195685327106629,752.882580958575,0.0,752.882580958575,752.882580958575,752.882580958575,752.882580958575,752.882580958575,593.0802325683484,0.0,593.0802325683484,593.0802325683484,593.0802325683484,593.0802325683484,593.0802325683484,1.1187271645131749,0.0,1.1187271645131749,1.1187271645131749,1.1187271645131749,1.1187271645131749,1.1187271645131749,1.0,0.0,1.0,1.0,1.0,1.0,1.0,1.4323835264233584,0.0,1.4323835264233584,1.4323835264233584,1.4323835264233584,1.4323835264233584,1.4323835264233584,0.6529160342883383,0.0,0.6529160342883383,0.6529160342883383,0.6529160342883383,0.6529160342883383,0.6529160342883383,0.7794674921350201,0.0,0.7794674921350201,0.7794674921350201,0.7794674921350201,0.7794674921350201,0.7794674921350201,2.0852995607116966,0.0,2.0852995607116966,2.0852995607116966,2.0852995607116966,2.0852995607116966,2.0852995607116966,1.0851388081077915,0.0,1.0851388081077915,1.0851388081077915,1.0851388081077915,1.0851388081077915,1.0851388081077915,0.5150853925972626,0.0,0.5150853925972626,0.5150853925972626,0.5150853925972626,0.5150853925972626,0.5150853925972626,1.105347477589844,0.0,1.105347477589844,1.105347477589844,1.105347477589844,1.105347477589844,1.105347477589844,0.7862420027135106,0.0,0.7862420027135106,0.7862420027135106,0.7862420027135106,0.7862420027135106,0.7862420027135106,10.95783298496373,0.0,10.95783298496373,10.95783298496373,10.95783298496373,10.95783298496373,10.95783298496373,1.8027954362506433,0.0,1.8027954362506433,1.8027954362506433,1.8027954362506433,1.8027954362506433,1.8027954362506433,1.237852342142899,0.0,1.237852342142899,1.237852342142899,1.237852342142899,1.237852342142899,1.237852342142899,0.13105742136557,0.0,0.13105742136557,0.13105742136557,0.13105742136557,0.13105742136557,0.13105742136557,110.36385224988803,0.0,110.36385224988803,110.36385224988803,110.36385224988803,110.36385224988803,110.36385224988803,0.1639924240710539,0.0,0.1639924240710539,0.1639924240710539,0.1639924240710539,0.1639924240710539,0.1639924240710539,0.7071067811865476,-0.7071067811865475,0.9749279121818236,-0.22252093395631434
user_08_direct_s344,user_08,direct,2026-01-21T09:41:05.265308691,2026-01-21T09:41:16.329160168,11.063851,1,11.06385147755828,0.0,1.0000000431638387,1.2694447388647547,1735.4911831380302,4.925490526013472,156.86140233974865,0.44518771321246753,0.0,0.0,0.0,0.0,0.0,0.0,0.0,0.0,9,2,0,0,11.06385147755828,0.0,11.06385147755828,11.06385147755828,11.06385147755828,11.06385147755828,11.06385147755828,970.7705651748117,0.0,970.7705651748117,970.7705651748117,970.7705651748117,970.7705651748117,970.7705651748117,764.7206179632185,0.0,764.7206179632185,764.7206179632185,764.7206179632185,764.7206179632185,764.7206179632185,2.755140025001779,0.0,2.755140025001779,2.755140025001779,2.755140025001779,2.755140025001779,2.755140025001779,2.170350501011693,0.0,2.170350501011693,2.170350501011693,2.170350501011693,2.170350501011693,2.170350501011693,2.0026174265101115,0.0,2.0026174265101115,2.0026174265101115,2.0026174265101115,2.0026174265101115,2.0026174265101115,1.0059601008260322,0.0,1.0059601008260322,1.0059601008260322,1.0059601008260322,1.0059601008260322,1.0059601008260322,0.9966573256840794,0.0,0.9966573256840794,0.9966573256840794,0.9966573256840794,0.9966573256840794,0.9966573256840794,3.0085775273361435,0.0,3.0085775273361435,3.0085775273361435,3.0085775273361435,3.0085775273361435,3.0085775273361435,2.3291053799922112,0.0,2.3291053799922112,2.3291053799922112,2.3291053799922112,2.3291053799922112,2.3291053799922112,1.0953423871865762,0.0,1.0953423871865762,1.0953423871865762,1.0953423871865762,1.0953423871865762,1.0953423871865762,1.765536641500194,0.0,1.765536641500194,1.765536641500194,1.765536641500194,1.765536641500194,1.765536641500194,0.7230557401849333,0.0,0.7230557401849333,0.7230557401849333,0.7230557401849333,0.7230557401849333,0.7230557401849333,8.42674312707367,0.0,8.42674312707367,8.42674312707367,8.42674312707367,8.42674312707367,8.42674312707367,1.679737008961026,0.0,1.679737008961026,1.679737008961026,1.679737008961026,1.679737008961026,1.679737008961026,2.63710835048461,0.0,2.63710835048461,2.63710835048461,2.63710835048461,2.63710835048461,2.63710835048461,0.16644662741667696,0.0,0.16644662741667696,0.16644662741667696,0.16644662741667696,0.16644662741667696,0.16644662741667696,156.86139556900864,0.0,156.86139556900864,156.86139556900864,156.86139556900864,156.86139556900864,156.86139556900864,0.4451876939964577,0.0,0.4451876939964577,0.4451876939964577,0.4451876939964577,0.4451876939964577,0.4451876939964577,0.7071067811865476,-0.7071067811865475,0.9749279121818236,-0.22252093395631434
user_08_direct_s346,user_08,direct,2026-01-21T09:41:17.698720703,2026-01-21T09:41:28.544725240,10.846004,1,10.846004537725028,0.0,1.0000000495781698,1.2694447388647547,977.8200686900769,2.118727164513175,90.15486889826676,0.1953463381087795,0.0,0.0,0.0,0.0,0.0,0.0,0.0,0.0,9,2,0,0,10.846004537725028,0.0,10.846004537725028,10.846004537725028,10.846004537725028,10.846004537725028,10.846004537725028,546.9569364248638,0.0,546.9569364248638,546.9569364248638,546.9569364248638,546.9569364248638,546.9569364248638,430.86313226521315,0.0,430.86313226521315,430.86313226521315,430.86313226521315,430.86313226521315,430.86313226521315,1.1187271645131749,0.0,1.1187271645131749,1.1187271645131749,1.1187271645131749,1.1187271645131749,1.1187271645131749,1.0,0.0,1.0,1.0,1.0,1.0,1.0,2.9152591045620895,0.0,2.9152591045620895,2.9152591045620895,2.9152591045620895,2.9152591045620895,2.9152591045620895,1.531938248897525,0.0,1.531938248897525,1.531938248897525,1.531938248897525,1.531938248897525,1.531938248897525,1.3833208556645644,0.0,1.3833208556645644,1.3833208556645644,1.3833208556645644,1.3833208556645644,1.3833208556645644,4.4471973534596145,0.0,4.4471973534596145,4.4471973534596145,4.4471973534596145,4.4471973534596145,4.4471973534596145,2.7953581707334014,0.0,2.7953581707334014,2.7953581707334014,2.7953581707334014,2.7953581707334014,2.7953581707334014,1.4606296304245798,0.0,1.4606296304245798,1.4606296304245798,1.4606296304245798,1.4606296304245798,1.4606296304245798,2.443138085184597,0.0,2.443138085184597,2.443138085184597,2.443138085184597,2.443138085184597,2.443138085184597,1.2975285266370227,0.0,1.2975285266370227,1.2975285266370227,1.2975285266370227,1.2975285266370227,1.2975285266370227,6.035565358928783,0.0,6.035565358928783,6.035565358928783,6.035565358928783,6.035565358928783,6.035565358928783,1.470467888220848,0.0,1.470467888220848,1.470467888220848,1.470467888220848,1.470467888220848,1.470467888220848,4.810439178796245,0.0,4.810439178796245,4.810439178796245,4.810439178796245,4.810439178796245,4.810439178796245,1.162274712396218,0.0,1.162274712396218,1.162274712396218,1.162274712396218,1.162274712396218,1.162274712396218,90.1548644285536,0.0,90.1548644285536,90.1548644285536,90.1548644285536,90.1548644285536,90.1548644285536,0.18439970157153412,0.0,0.18439970157153412,0.18439970157153412,0.18439970157153412,0.18439970157153412,0.18439970157153412,0.7071067811865476,-0.7071067811865475,0.9749279121818236,-0.22252093395631434
user_08_direct_s349,user_08,direct,2026-01-25T09:48:02.135009035,2026-01-25T09:50:24.788451733,142.653442,12,128.17916223634873,14.474280468000002,0.898535362619212,1.2694447388647545,16165.676317488189,33.62990347461828,113.32131977220843,0.2357454752099026,0.0,0.0,0.22760573899199046,1.315843678909091,2.0913377188186844,0.070320093,0.0,1.7958035975,9,6,0,0,10.681596853029061,0.962195709480411,9.27747491984594,12.495557778903546,10.585709434493253,9.8391624537693,11.262120375769086,753.5408845458892,244.71118555254623,369.2350984753816,1239.2708229575744,750.5899912657501,619.3335325573911,928.2491744850444,593.5988085781265,192.77025463226371,290.863467444501,976.2306188025448,591.2742542357466,487.87750549208755,731.2245630441255,1.5450624848808943,0.47627264209688974,1.1187271645131749,2.3969260160260837,1.322538480722045,1.1187271645131749,1.8715237105110938,1.2574294713372958,0.3419443817328172,1.0,1.8881688526037128,1.0418243821347997,1.0,1.474285294360091,2.9147214386775726,2.0572605367002508,1.0674057021183987,8.797534374836786,2.19026777436639,1.6042995663260495,3.624007022013732,1.470694870981662,0.987227244572364,0.5163494045971475,4.2069989964918495,1.1825186035229427,0.7906446610321062,1.7849860361929824,1.4440265676959099,1.0791989024589177,0.5355972575039429,4.590535378344937,1.0781313449267176,0.7619983975137322,1.9157003269412352,4.385416309659235,3.0412508652710244,1.5837551067155462,13.004533371328636,3.3727863778893328,2.4114096480967318,5.332313717086228,2.5591438312042705,1.4980648416086286,1.0647723526922197,6.296490463020584,1.9402321517143506,1.296248167225472,3.46734445196705,1.6148160870713504,1.1668017623889306,0.5206910268609192,5.1236032608897215,1.3799675583672502,0.9589090815294354,1.850837328837226,2.7771025295191176,1.8524237786240307,0.8451504347694447,7.52848396634258,2.1158471590612566,1.660265910426666,3.6169491817428496,1.5842499221138027,1.018788144067713,0.5394048975969276,4.118175817756863,1.0498967408410775,0.8237302103204908,2.189123662283592,8.477325114104486,1.4623326400348615,6.516408098854398,11.766394312128684,8.669229419341807,7.0695546043930495,9.36153879232193,1.3527596726351172,0.6308946117703237,0.44194506614337475,2.4794856212308742,1.1950175314254423,0.7640933441188931,1.9793592144603607,2.2042717389245765,1.250724513442918,0.7153715705038444,4.58490791807945,2.0495554161413363,1.120608456633462,2.8504648369873307,0.34249656169441217,0.1819221023439391,0.07560419439385758,0.6246379344535828,0.30578549119680704,0.19778610977788413,0.5245152054199169,128.28692556132498,47.026775278928355,56.93191668793815,224.55164646437848,123.70107838589453,97.03289568935516,152.38592849701757,0.25914922877938823,0.07800344657554871,0.16647784294998216,0.4086336440251212,0.23304850302710478,0.2032823726966195,0.2908175083726158,0.7071067811865476,-0.7071067811865475,-0.7818314824680299,0.6234898018587334
user_08_direct_s351,user_08,direct,2026-01-27T09:17:00,2026-01-27T09:20:31.058318659,211.058318,17,190.6080854652039,20.450233204,0.9031062469909568,1.2694447388647547,26214.078015486113,56.97895992276747,124.20300826753538,0.26996784804646967,0.0,0.0,0.028387087056398502,1.27813957525,1.352824995563997,0.73008311,0.0,2.4609774790000003,9,1,0,0,11.212240321482582,0.9480733687156333,9.638606484218435,12.97245914833276,11.080052789824192,10.563377279823325,11.64168474048645,862.5412108409391,335.633966655931,338.6609301225736,1451.4035455481237,841.034349224845,683.0484492378652,1031.0876910471047,679.4633783053027,264.39431066222176,266.77878898882426,1143.3373199420182,662.5214343532349,538.0686754814591,812.235191875458,1.852293147053406,0.9661698990924912,1.1187271645131749,4.345867650304062,1.410548950977603,1.1187271645131749,1.955531450280743,1.4994103778152688,0.7321408078974379,1.0,3.4234398058087248,1.1111542769786384,1.0,1.5404620543227,2.741202246321144,1.3564640517168447,1.3204554449405013,5.104098267048735,1.8456415127030013,1.5133303674850451,3.7221702664639573,1.3790057150598707,0.6833581382984739,0.5863679179238142,2.709026283697061,0.9266835868961543,0.8293678731083705,1.9075704284966057,1.362196531261273,0.6827785100853551,0.5826414807352122,2.5845316717415043,0.9395247722133102,0.785912853715923,1.8827414446685495,4.1202079613810145,2.0366049306930623,1.9586486895635513,7.813124550745796,2.7517582531926923,2.3554889908770136,5.629740694960563,2.8154611690890943,1.4150671501747212,1.0246274858967284,5.045329415205874,2.076648684725899,1.7179410915245132,4.362331645519429,1.3977015733342952,0.6982588106703874,0.5806209486664159,2.9197409380322563,1.0583572078426073,0.7927476953599625,2.109088815743321,2.552629623346506,1.4868047549683152,0.9687777915792671,5.892568277757816,1.5160918977102165,1.3956942167412911,3.3646300117390777,1.41092337306486,0.7213963400614736,0.4682034208315179,2.86457794119839,1.0884469798167584,0.8511922804828326,2.034922700987307,8.404620193910251,1.4005713777241349,6.574253117351627,11.993798250427535,8.102521066089961,7.301726333576174,9.010012513853912,0.9342070347496741,0.458380431717595,0.4568322776106026,2.3451154831829246,0.7448035045440714,0.6645086485813166,1.0948166071327359,2.807620127572331,1.0081414001214408,0.7520339385098485,3.962446634478848,3.1830131137968785,2.050487799672366,3.5955950337067852,0.4503406143112186,0.19796068320313706,0.04643795308690146,0.7642887394221688,0.4362688335132231,0.3028179836983022,0.6049356733131876,135.8757189610968,47.99632424767404,57.820134162751515,221.13271067803387,133.48939558694437,107.36377153190195,173.77111148751808,0.29296572417064765,0.1457180486926137,0.1717964405138521,0.6907430502728397,0.24082532803277484,0.19528597808743386,0.29133341758538644,0.7071067811865476,-0.7071067811865475,0.7818314824680298,0.6234898018587336
user_08_vpn_s291,user_08,vpn,2026-01-01T20:32:04.297308549,2026-01-01T21:01:01.456438069,1737.159129,31,382.2675526665819,1354.8915768679997,0.22005327335017097,1.2694447388647547,45484.61590783774,109.4915233555999,26.183332976536857,0.06302906943166972,0.0,0.0,0.6745440218485885,45.16305256226666,232.3740375154306,1.2292901635,0.64900813325,3.1067733887499998,20,3,1,0,12.33121137634135,0.9526164327671823,10.441997576242882,14.320849254187953,12.36385796346672,11.724092314681577,12.901306120322928,820.7237965088091,386.46416056386903,183.26334674572567,2101.729010427387,729.8284730266836,627.7608623757874,1018.2856765718816,646.5218779375697,304.43559198132414,144.36496614229569,1655.6285957803343,574.9194515385981,494.5161007458934,802.1504563345698,1.950508532581163,1.304791008505157,1.1187271645131749,7.351024827481157,1.5645353592715765,1.1187271645131749,2.0973550937122525,1.5814760917930268,1.00046703851206,1.0,5.790740315372111,1.2324564523152988,1.0,1.6521830604362389,4.005814264345879,2.442450740869693,1.6058399907961478,12.212528173538635,3.128723294343417,2.229857884518347,5.2222603469805815,2.0051121815471915,1.2422665897516505,0.7778852402601789,6.04197119726414,1.5884583409021735,1.1464848505431626,2.669331199024421,2.0007020827986883,1.2080584567711345,0.8279547505359689,6.1705569762744945,1.6191889914404658,1.1436921658875199,2.5452187663806884,6.0109264458930705,3.68214320310875,2.3837252310563266,18.254499370802776,4.793883025411466,3.3222917386099016,7.899301927580474,3.9005359273776645,2.7013725586753097,1.4598641960943504,12.646179253953804,2.860333140237595,2.1358602999619842,4.354615727577674,2.109931341906839,1.3018252207558643,0.7156278098138831,6.413961796001514,1.5554352276184638,1.1700754204357982,2.776982889061279,3.7072340411805147,2.5847107190616456,1.360499262794108,13.72048678832867,2.627078892474124,2.1948732072925337,4.758854949381212,1.9290216047146536,1.2549568493656127,0.5926996459111958,5.700095996226454,1.5103944085308734,1.0407432960894463,2.3659259852433703,9.18544495639185,1.7303428287610922,6.49213538006808,13.202285141769808,9.409762936932433,7.6997478956780405,10.531222617492794,1.3400133953010258,0.5989833559133864,0.3945953879893181,2.6433243874154058,1.3219092466222881,0.8497429680163803,1.622589468812055,3.1457664199495032,1.8521151906449385,0.6938905650402223,5.972247468219844,2.9402539768734766,1.3769831079113137,4.9270490874627715,0.521089772462491,0.39413440531298755,0.042721104175956114,1.3335560384730645,0.38721567947635743,0.14955626567505256,0.8317690906626749,119.0202900155777,55.338889153051326,28.301005515175213,300.67934361850155,111.80939764896367,91.9926993333915,142.55299909354488,0.2808313807147414,0.174357291572561,0.14806471825227913,0.9767210323703659,0.21424736614243953,0.16558603914358172,0.30386370649331323,-0.8660254037844386,0.5000000000000001,0.43388373911755823,-0.900968867902419
user_08_vpn_s294,user_08,vpn,2026-01-04T09:33:02.568506651,2026-01-04T09:36:04.277947535,181.70944,13,168.5442513093745,13.165189582,0.9275481301872621,1.2694447388647547,17712.799865857236,48.2863483234426,97.47869932270572,0.2657338458774767,0.0,0.0,0.13534875789679132,1.0970991318333334,1.4405694180081268,0.5937376785,0.08369826450000001,1.1663427565000002,9,6,1,0,12.964942408413423,1.0460356117694145,11.336545006815374,14.806927534686531,12.934653734018381,12.337137272563098,13.425847734749917,762.1457834430695,96.84250239116056,618.1146284254198,950.2981764320432,762.3768856898988,693.3913542426089,807.9038331613575,600.3772831613331,76.28729272434926,486.91731865239785,748.5935758667847,600.5593330290857,546.2162574029794,636.4230032445947,2.0623376781638805,0.7276577894935278,1.1187271645131749,3.423559770423922,1.8926209788559984,1.6225338901332225,2.6885093173263455,1.6519968082547813,0.5388314149634251,1.0,2.6968954737530044,1.4909045828560767,1.2781445623101564,2.117862428364261,3.078852679058024,1.4938179619649972,1.3873018264666905,7.010661242443913,2.770997882533184,1.9966578838959894,3.285500949297612,1.5608174465780371,0.7901383240343101,0.6432930882714022,3.584296219716852,1.3316412024367026,1.013686661714607,1.7880243811784815,1.5180352324799868,0.722889317492584,0.7440087381952883,3.426365022727061,1.4528081566803728,1.029854408796938,1.6623468967981059,4.639670125636061,2.2779491618227823,2.0305949147380926,10.594957462160764,4.137259699015964,2.963461358995041,5.073525330476094,3.040424952805101,1.698704954130055,1.472786340322885,7.880481119445923,2.744054386645987,1.835019263044999,3.276075478495204,1.5120673340833608,0.9401077141872014,0.5853975426081707,3.4463469066220482,1.1629971397442564,0.7996841885575501,1.8117259460057393,2.749067667317036,1.2142948786190055,1.5244143815489177,5.682849070280606,2.5943001474378944,1.7364589384603235,2.962486449390311,1.5590006869713753,0.8588678238979037,0.7305485146601444,3.6005870422684403,1.1958018580525747,0.9799183070997133,1.9102680431175953,9.50708442398157,1.7977338329854573,6.451086385636037,12.221092316076234,9.252597919818063,8.604046121853697,11.380731420645885,1.5743673022228042,0.6056497589345635,0.5253189009481377,2.629316870132099,1.5515359930760517,1.2305834953513741,2.1478922629072374,3.457857984431853,1.769153188103818,0.9564058519172125,6.202881412832834,3.40697470194349,2.010629331382763,5.0783822489615105,0.4865302351513315,0.34026287932401134,0.10033472522035154,1.0303966668769176,0.38997314475987493,0.14639077413989746,0.8050599840633469,105.76888304485702,15.622582868525875,77.64569701762791,133.55042893179834,107.66052373491063,96.64111354131204,116.49951578212695,0.28725505656364353,0.10908044346733749,0.14053113527252623,0.5164753187173478,0.25036964653955535,0.2160517912724123,0.3675935298130543,0.7071067811865476,-0.7071067811865475,-0.7818314824680299,0.6234898018587334
user_08_vpn_s300,user_08,vpn,2026-01-08T20:20:00.133021267,2026-01-08T20:34:17.610657962,857.477636,20,242.57210468644385,614.905532019,0.28289029882808964,1.269444738864755,26328.648617734114,55.53097832993047,30.704764197178566,0.06476084739536049,0.0,0.0,0.59759963223238,32.36344905363158,128.48853641135668,0.914866386,0.0,4.7934635465,20,3,1,0,12.128605234322192,0.6781880434225558,10.769556124873155,13.575246036475768,12.203142653517524,11.891951926528588,12.50463155841602,736.3643603395351,314.1349769982084,358.56070259008504,1436.6630143270277,632.0054502866914,479.81448858282806,984.5605366595667,580.0680705471706,247.45856781377867,282.4547549117739,1131.725525611941,497.8597578433263,377.9719383546533,775.5836126746599,1.5239298020678638,0.4623867576225374,1.1187271645131749,2.323120151069937,1.4108044570698404,1.1187271645131749,1.8551062668171578,1.2526191144286598,0.3208929906880688,1.0,1.8300285785952908,1.1113555508777022,1.0,1.4613525189573442,3.7582067924105687,2.2684663596165535,1.7174638174224337,8.613577485744992,2.586168067730843,2.06093186170498,6.225366513027458,1.8791218593788048,1.1845085337707497,0.7756518724704401,4.435574303520407,1.2232772150237472,0.9898357073976527,3.145332536476205,1.8790849330317638,1.0887306660868024,0.8193885871257913,4.178003182224585,1.3148819262083797,1.0905766180926457,3.0707164250817827,5.637328651789373,3.451472978207653,2.493115689892874,13.049151789265398,3.8094452827545897,3.0472308517851023,9.370699049503664,3.3332376417005882,2.1378513229199885,1.3920567576706806,8.59403140926473,2.45015401649326,1.7784796718570297,4.713839066436641,1.8380247314716478,1.1004071218062454,0.7982809028642577,3.9687383572553294,1.1815350711257362,1.0463764116369856,2.5365948907684537,3.4960199678781914,2.1317247415274734,1.4653943580989623,8.62485044841205,2.3612141541354985,1.9293315470929608,5.266785752466591,1.8295919593226089,1.2168183237778198,0.6064326032938024,4.7443415161014375,1.3939469418384107,0.9238716292696925,2.344983636991116,9.102877118131602,1.4583226527804116,6.888236478557987,11.437819481708196,9.190298443439838,7.587639588290901,10.328770363343994,1.2928466418045519,0.501984104668679,0.5840647702179134,2.2341045289707715,1.07283872056495,0.8564430159573989,1.750766282176825,3.025728116190591,1.5442735185074163,0.582147174556896,5.3728210469101505,3.192454183972747,1.8189201969508941,4.5061251171756895,0.4676722421240805,0.2734147720629683,0.0725683248779118,1.0905555409268335,0.4428455031286151,0.2922814571825378,0.7294177823466662,108.4627436367148,45.73885300214338,53.96376465263082,210.44455639755077,92.67112378275189,70.3866714633788,141.65340631901353,0.22527299434041675,0.0698139863403462,0.15650098262067352,0.3597780759319957,0.19617161576823328,0.16748264549109676,0.2642195897055615,-0.8660254037844386,0.5000000000000001,0.43388373911755823,-0.900968867902419
user_08_vpn_s303,user_08,vpn,2026-01-10T20:36:00,2026-01-10T20:37:04.697468341,64.697468,5,59.388600881677746,5.308867462,0.9179432011416234,1.269444738864755,7178.361792313611,14.905554086086184,110.95274690369043,0.23038852287211894,0.0,0.0,-0.040987508271080095,1.3272168655,1.2227020431414741,0.9431083684999999,0.35405105475,1.91627417925,20,5,1,0,11.877720176335549,0.5769133306763612,11.061593320666905,12.57549074307339,12.143641565630462,11.340474449350873,12.267400802956116,803.0628333764718,408.090894263205,362.6917081760565,1481.3703866803114,787.997821940661,414.4987825999303,968.7554674853991,632.6095250862504,321.4719646860363,285.708937988436,1166.9435788162616,620.7421227688537,326.51975301470026,763.1332328430005,1.6320578136396215,0.645925959283707,1.1187271645131749,2.7189987804333393,1.1684277665595257,1.1187271645131749,2.035408192178893,1.3490530035776156,0.46016819263922676,1.0,2.1418803806023874,1.0,1.0,1.6033846372856901,2.8091783732463305,1.137202594919853,1.825902653414499,4.870860307650828,2.1118629123684407,2.0312995151694158,3.2059664776284693,1.389671026028988,0.6066163691028986,0.8021149000690672,2.4786790715036777,1.1379250681134279,0.9375537704449438,1.5920823200138234,1.4195073472173427,0.5376102006526727,0.9739378442550128,2.39218123614715,1.093745744724472,1.0237877533454318,1.6138841576146459,4.198849399275318,1.7416663269599764,2.6280175534835664,7.349539379154505,3.2497879804818686,2.9688532856143595,4.798048797642293,2.8689780527977176,1.3587853809471337,1.8662148242059402,5.3563782104320445,1.9281919219819317,1.8878878169707982,3.306217490397872,1.1924789986754554,0.44399943429429894,0.8045008316890008,1.9731506459190555,0.9787793029720733,0.816612361137378,1.3893518516597703,2.6843656961086824,1.0915173200427701,1.5234449094357312,4.229118831741333,2.410557911361958,1.5944554549169838,3.664251373087405,1.2696679617904665,0.4583822226564096,0.8954750955852188,2.150508702811428,1.164551588304476,0.9222608581227778,1.2155435641284331,8.870875738922063,0.9342675165383106,7.685089176742966,10.557396411087026,8.765981538458592,8.562299100375357,8.783612467946377,1.330525140416651,0.41275081510114586,0.8697730608620571,2.0312333506018994,1.1573399822766561,1.0559867754670071,1.5382925328756354,3.006844437413486,1.3002962136858347,0.7830780382638469,4.5823116262131505,3.3600290976840856,2.4992942202915476,3.8095092046147983,0.44334272468526487,0.2250569018778443,0.09591635150282869,0.6741325518930448,0.512507599797519,0.275540761532946,0.6586163586999857,121.03661988662444,59.2361859966931,53.39425102924878,210.59328972551396,124.22231106831255,60.405504598501814,156.5677430115451,0.24814336635009684,0.10638480999777616,0.16303372100779925,0.4394375222558502,0.18419441454920799,0.16469524311887626,0.28935593081875066,-0.8660254037844386,0.5000000000000001,-0.9749279121818236,-0.2225209339563146
user_08_vpn_s305,user_08,vpn,2026-01-10T20:37:04.697468341,2026-01-10T20:37:18.281159140,13.58369,1,13.583690799572445,0.0,1.0000000588626834,1.2694447388647543,1008.0455781581707,2.5641507333253624,74.20999582279708,0.18876687655013935,0.0,0.0,0.0,0.0,0.0,0.0,0.0,0.0,20,5,1,0,13.583690799572445,0.0,13.583690799572445,13.583690799572445,13.583690799572445,13.583690799572445,13.583690799572445,563.863985676467,0.0,563.863985676467,563.863985676467,563.863985676467,563.863985676467,563.863985676467,444.18159248170366,0.0,444.18159248170366,444.18159248170366,444.18159248170366,444.18159248170366,444.18159248170366,1.4342925396387303,0.0,1.4342925396387303,1.4342925396387303,1.4342925396387303,1.4342925396387303,1.4342925396387303,1.129858193686632,0.0,1.129858193686632,1.129858193686632,1.129858193686632,1.129858193686632,1.129858193686632,1.594659183472551,0.0,1.594659183472551,1.594659183472551,1.594659183472551,1.594659183472551,1.594659183472551,0.7607264811813155,0.0,0.7607264811813155,0.7607264811813155,0.7607264811813155,0.7607264811813155,0.7607264811813155,0.8339327022912355,0.0,0.8339327022912355,0.8339327022912355,0.8339327022912355,0.8339327022912355,0.8339327022912355,2.3553856646538662,0.0,2.3553856646538662,2.3553856646538662,2.3553856646538662,2.3553856646538662,2.3553856646538662,1.468681155022511,0.0,1.468681155022511,1.468681155022511,1.468681155022511,1.468681155022511,1.468681155022511,0.778317367608532,0.0,0.778317367608532,0.778317367608532,0.778317367608532,0.778317367608532,0.778317367608532,1.5762577014398849,0.0,1.5762577014398849,1.5762577014398849,1.5762577014398849,1.5762577014398849,1.5762577014398849,0.8041883295890007,0.0,0.8041883295890007,0.8041883295890007,0.8041883295890007,0.8041883295890007,0.8041883295890007,8.170561712777372,0.0,8.170561712777372,8.170561712777372,8.170561712777372,8.170561712777372,8.170561712777372,0.5065178363054957,0.0,0.5065178363054957,0.5065178363054957,0.5065178363054957,0.5065178363054957,0.5065178363054957,5.413129086795072,0.0,5.413129086795072,5.413129086795072,5.413129086795072,5.413129086795072,5.413129086795072,1.2794086347673765,0.0,1.2794086347673765,1.2794086347673765,1.2794086347673765,1.2794086347673765,1.2794086347673765,74.20999145459785,0.0,74.20999145459785,74.20999145459785,74.20999145459785,74.20999145459785,74.20999145459785,0.1887668654388151,0.0,0.1887668654388151,0.1887668654388151,0.1887668654388151,0.1887668654388151,0.1887668654388151,-0.8660254037844386,0.5000000000000001,-0.9749279121818236,-0.2225209339563146
user_08_vpn_s307,user_08,vpn,2026-01-10T20:37:18.281159140,2026-01-10T20:37:30.117765674,11.836606,1,11.836606534420591,0.0,1.0000000451498168,1.2694447388647545,723.8229808402342,2.118727164513175,61.151227035877874,0.17899786176148594,0.0,0.0,0.0,0.0,0.0,0.0,0.0,0.0,20,5,1,0,11.836606534420591,0.0,11.836606534420591,11.836606534420591,11.836606534420591,11.836606534420591,11.836606534420591,404.8802154824346,0.0,404.8802154824346,404.8802154824346,404.8802154824346,404.8802154824346,404.8802154824346,318.9427653577996,0.0,318.9427653577996,318.9427653577996,318.9427653577996,318.9427653577996,318.9427653577996,1.1187271645131749,0.0,1.1187271645131749,1.1187271645131749,1.1187271645131749,1.1187271645131749,1.1187271645131749,1.0,0.0,1.0,1.0,1.0,1.0,1.0,1.5458743684727414,0.0,1.5458743684727414,1.5458743684727414,1.5458743684727414,1.5458743684727414,1.5458743684727414,0.7334465925312591,0.0,0.7334465925312591,0.7334465925312591,0.7334465925312591,0.7334465925312591,0.7334465925312591,0.8124277759414823,0.0,0.8124277759414823,0.8124277759414823,0.8124277759414823,0.8124277759414823,0.8124277759414823,2.2793209610040006,0.0,2.2793209610040006,2.2793209610040006,2.2793209610040006,2.2793209610040006,2.2793209610040006,1.5820544046124505,0.0,1.5820544046124505,1.5820544046124505,1.5820544046124505,1.5820544046124505,1.5820544046124505,0.5429700422756866,0.0,0.5429700422756866,0.5429700422756866,0.5429700422756866,0.5429700422756866,0.5429700422756866,1.79906087398014,0.0,1.79906087398014,1.79906087398014,1.79906087398014,1.79906087398014,1.79906087398014,0.8430647045446347,0.0,0.8430647045446347,0.8430647045446347,0.8430647045446347,0.8430647045446347,0.8430647045446347,11.092835581297267,0.0,11.092835581297267,11.092835581297267,11.092835581297267,11.092835581297267,11.092835581297267,2.709542195725664,0.0,2.709542195725664,2.709542195725664,2.709542195725664,2.709542195725664,2.709542195725664,0.7437709531233239,0.0,0.7437709531233239,0.7437709531233239,0.7437709531233239,0.7437709531233239,0.7437709531233239,0.0629929001892032,0.0,0.0629929001892032,0.0629929001892032,0.0629929001892032,0.0629929001892032,0.0629929001892032,61.15122427491131,0.0,61.15122427491131,61.15122427491131,61.15122427491131,61.15122427491131,61.15122427491131,0.16896734669552832,0.0,0.16896734669552832,0.16896734669552832,0.16896734669552832,0.16896734669552832,0.16896734669552832,-0.8660254037844386,0.5000000000000001,-0.9749279121818236,-0.2225209339563146
user_08_vpn_s309,user_08,vpn,2026-01-10T20:37:32.554076473,2026-01-10T20:37:45.873068607,13.318992,1,13.318992134456515,0.0,1.000000010095097,1.2694447388647547,1375.942006102815,2.596645251935968,103.30676721652922,0.19495809081768112,0.0,0.0,0.0,0.0,0.0,0.0,0.0,0.0,20,5,1,0,13.318992134456515,0.0,13.318992134456515,13.318992134456515,13.318992134456515,13.318992134456515,13.318992134456515,769.6518495109858,0.0,769.6518495109858,769.6518495109858,769.6518495109858,769.6518495109858,769.6518495109858,606.2901565918291,0.0,606.2901565918291,606.2901565918291,606.2901565918291,606.2901565918291,606.2901565918291,1.452468789972462,0.0,1.452468789972462,1.452468789972462,1.452468789972462,1.452468789972462,1.452468789972462,1.1441764619635062,0.0,1.1441764619635062,1.1441764619635062,1.1441764619635062,1.1441764619635062,1.1441764619635062,4.054345607096479,0.0,4.054345607096479,4.054345607096479,4.054345607096479,4.054345607096479,4.054345607096479,1.8781949530953688,0.0,1.8781949530953688,1.8781949530953688,1.8781949530953688,1.8781949530953688,1.8781949530953688,2.176150654001111,0.0,2.176150654001111,2.176150654001111,2.176150654001111,2.176150654001111,2.176150654001111,5.932540560191848,0.0,5.932540560191848,5.932540560191848,5.932540560191848,5.932540560191848,5.932540560191848,3.546350265267375,0.0,3.546350265267375,3.546350265267375,3.546350265267375,3.546350265267375,3.546350265267375,1.6553988967628173,0.0,1.6553988967628173,1.6553988967628173,1.6553988967628173,1.6553988967628173,1.6553988967628173,3.0395248951587437,0.0,3.0395248951587437,3.0395248951587437,3.0395248951587437,3.0395248951587437,3.0395248951587437,1.886935030732015,0.0,1.886935030732015,1.886935030732015,1.886935030732015,1.886935030732015,1.886935030732015,10.067618576841774,0.0,10.067618576841774,10.067618576841774,10.067618576841774,10.067618576841774,10.067618576841774,1.6650545324602426,0.0,1.6650545324602426,1.6650545324602426,1.6650545324602426,1.6650545324602426,1.6650545324602426,3.251373557614741,0.0,3.251373557614741,3.251373557614741,3.251373557614741,3.251373557614741,3.251373557614741,0.6354138959003544,0.0,0.6354138959003544,0.6354138959003544,0.6354138959003544,0.6354138959003544,0.6354138959003544,103.3067661736374,0.0,103.3067661736374,103.3067661736374,103.3067661736374,103.3067661736374,103.3067661736374,0.1949580888495603,0.0,0.1949580888495603,0.1949580888495603,0.1949580888495603,0.1949580888495603,0.1949580888495603,-0.8660254037844386,0.5000000000000001,-0.9749279121818236,-0.2225209339563146
user_08_vpn_s311,user_08,vpn,2026-01-10T20:37:45.873068607,2026-01-10T20:37:55.414551336,9.541482,1,9.541482729676602,0.0,1.000000076474137,1.2694447388647545,1598.018530312935,4.672838156146301,167.48116595649762,0.4897392413616984,0.0,0.0,0.0,0.0,0.0,0.0,0.0,0.0,20,5,1,0,9.541482729676602,0.0,9.541482729676602,9.541482729676602,9.541482729676602,9.541482729676602,9.541482729676602,893.8733696282502,0.0,893.8733696282502,893.8733696282502,893.8733696282502,893.8733696282502,893.8733696282502,704.1451606846847,0.0,704.1451606846847,704.1451606846847,704.1451606846847,704.1451606846847,704.1451606846847,2.6138154903272617,0.0,2.6138154903272617,2.6138154903272617,2.6138154903272617,2.6138154903272617,2.6138154903272617,2.059022665819039,0.0,2.059022665819039,2.059022665819039,2.059022665819039,2.059022665819039,2.059022665819039,1.6378630621041135,0.0,1.6378630621041135,1.6378630621041135,1.6378630621041135,1.6378630621041135,1.6378630621041135,0.94938473558181,0.0,0.94938473558181,0.94938473558181,0.94938473558181,0.94938473558181,0.94938473558181,0.6884783265223035,0.0,0.6884783265223035,0.6884783265223035,0.6884783265223035,0.6884783265223035,0.6884783265223035,2.5872477976859236,0.0,2.5872477976859236,2.5872477976859236,2.5872477976859236,2.5872477976859236,2.5872477976859236,1.3574467855322492,0.0,1.3574467855322492,1.3574467855322492,1.3574467855322492,1.3574467855322492,1.3574467855322492,0.9984661125023592,0.0,0.9984661125023592,0.9984661125023592,0.9984661125023592,0.9984661125023592,0.9984661125023592,1.909259949941525,0.0,1.909259949941525,1.909259949941525,1.909259949941525,1.909259949941525,1.909259949941525,1.0258751889490165,0.0,1.0258751889490165,1.0258751889490165,1.0258751889490165,1.0258751889490165,1.0258751889490165,6.193999478168661,0.0,6.193999478168661,6.193999478168661,6.193999478168661,6.193999478168661,6.193999478168661,0.8049713873114717,0.0,0.8049713873114717,0.8049713873114717,0.8049713873114717,0.8049713873114717,0.8049713873114717,3.347483251507941,0.0,3.347483251507941,3.347483251507941,3.347483251507941,3.347483251507941,3.347483251507941,0.37290382529330873,0.0,0.37290382529330873,0.37290382529330873,0.37290382529330873,0.37290382529330873,0.37290382529330873,167.48115314852097,0.0,167.48115314852097,167.48115314852097,167.48115314852097,167.48115314852097,167.48115314852097,0.4897392039093154,0.0,0.4897392039093154,0.4897392039093154,0.4897392039093154,0.4897392039093154,0.4897392039093154,-0.8660254037844386,0.5000000000000001,-0.9749279121818236,-0.2225209339563146
user_08_vpn_s313,user_08,vpn,2026-01-10T20:37:55.414551336,2026-01-10T20:38:07.815098045,12.400546,1,12.400546709078588,0.0,1.0000000571812393,1.2694447388647547,856.9061298036089,2.118727164513175,69.10229031879797,0.1708575706677089,0.0,0.0,0.0,0.0,0.0,0.0,0.0,0.0,20,5,1,0,12.400546709078588,0.0,12.400546709078588,12.400546709078588,12.400546709078588,12.400546709078588,12.400546709078588,479.32208242457494,0.0,479.32208242457494,479.32208242457494,479.32208242457494,479.32208242457494,479.32208242457494,377.58404737903396,0.0,377.58404737903396,377.58404737903396,377.58404737903396,377.58404737903396,377.58404737903396,1.1187271645131749,0.0,1.1187271645131749,1.1187271645131749,1.1187271645131749,1.1187271645131749,1.1187271645131749,1.0,0.0,1.0,1.0,1.0,1.0,1.0,1.7503815440371255,0.0,1.7503815440371255,1.7503815440371255,1.7503815440371255,1.7503815440371255,1.7503815440371255,0.9126978152168145,0.0,0.9126978152168145,0.9126978152168145,0.9126978152168145,0.9126978152168145,0.9126978152168145,0.8376837288203111,0.0,0.8376837288203111,0.8376837288203111,0.8376837288203111,0.8376837288203111,0.8376837288203111,2.66307935925394,0.0,2.66307935925394,2.66307935925394,2.66307935925394,2.66307935925394,2.66307935925394,1.4023524147351918,0.0,1.4023524147351918,1.4023524147351918,1.4023524147351918,1.4023524147351918,1.4023524147351918,1.094877204357651,0.0,1.094877204357651,1.094877204357651,1.094877204357651,1.094877204357651,1.094877204357651,1.2729843513331414,0.0,1.2729843513331414,1.2729843513331414,1.2729843513331414,1.2729843513331414,1.2729843513331414,1.0421466505205301,0.0,1.0421466505205301,1.0421466505205301,1.0421466505205301,1.0421466505205301,1.0421466505205301,10.01864951919073,0.0,10.01864951919073,10.01864951919073,10.01864951919073,10.01864951919073,10.01864951919073,1.9698877311237715,0.0,1.9698877311237715,1.9698877311237715,1.9698877311237715,1.9698877311237715,1.9698877311237715,2.3818971898878587,0.0,2.3818971898878587,2.3818971898878587,2.3818971898878587,2.3818971898878587,2.3818971898878587,0.5199659827256465,0.0,0.5199659827256465,0.5199659827256465,0.5199659827256465,0.5199659827256465,0.5199659827256465,69.1022863674436,0.0,69.1022863674436,69.1022863674436,69.1022863674436,69.1022863674436,69.1022863674436,0.1612832116938664,0.0,0.1612832116938664,0.1612832116938664,0.1612832116938664,0.1612832116938664,0.1612832116938664,-0.8660254037844386,0.5000000000000001,-0.9749279121818236,-0.2225209339563146
user_08_vpn_s315,user_08,vpn,2026-01-10T20:38:09.331390477,2026-01-10T20:38:22.477131697,13.145741,1,13.14574122077135,0.0,1.0000000167941352,1.269444738864755,2155.9468850871594,3.5690923248279947,164.00345062991576,0.27150179855422335,0.0,0.0,0.0,0.0,0.0,0.0,0.0,0.0,20,5,1,0,13.14574122077135,0.0,13.14574122077135,13.14574122077135,13.14574122077135,13.14574122077135,13.14574122077135,1205.9581727972848,0.0,1205.9581727972848,1205.9581727972848,1205.9581727972848,1205.9581727972848,1205.9581727972848,949.9887122898747,0.0,949.9887122898747,949.9887122898747,949.9887122898747,949.9887122898747,949.9887122898747,1.9964202682202785,0.0,1.9964202682202785,1.9964202682202785,1.9964202682202785,1.9964202682202785,1.9964202682202785,1.5726720566077161,0.0,1.5726720566077161,1.5726720566077161,1.5726720566077161,1.5726720566077161,1.5726720566077161,3.3978309591370817,0.0,3.3978309591370817,3.3978309591370817,3.3978309591370817,3.3978309591370817,3.3978309591370817,1.5410112551900494,0.0,1.5410112551900494,1.5410112551900494,1.5410112551900494,1.5410112551900494,1.5410112551900494,1.8568197039470322,0.0,1.8568197039470322,1.8568197039470322,1.8568197039470322,1.8568197039470322,1.8568197039470322,4.938842214327131,0.0,4.938842214327131,4.938842214327131,4.938842214327131,4.938842214327131,4.938842214327131,3.0585680165751303,0.0,3.0585680165751303,3.0585680165751303,3.0585680165751303,3.0585680165751303,3.0585680165751303,1.3833546214958892,0.0,1.3833546214958892,1.3833546214958892,1.3833546214958892,1.3833546214958892,1.3833546214958892,3.5779051484787097,0.0,3.5779051484787097,3.5779051484787097,3.5779051484787097,3.5779051484787097,3.5779051484787097,1.633394641639995,0.0,1.633394641639995,1.633394641639995,1.633394641639995,1.633394641639995,1.633394641639995,7.237177140222234,0.0,7.237177140222234,7.237177140222234,7.237177140222234,7.237177140222234,7.237177140222234,1.574931196019243,0.0,1.574931196019243,1.574931196019243,1.574931196019243,1.574931196019243,1.574931196019243,5.908564080549117,0.0,5.908564080549117,5.908564080549117,5.908564080549117,5.908564080549117,5.908564080549117,0.4926667636124733,0.0,0.4926667636124733,0.4926667636124733,0.4926667636124733,0.4926667636124733,0.4926667636124733,164.00344787561968,0.0,164.00344787561968,164.00344787561968,164.00344787561968,164.00344787561968,164.00344787561968,0.2715017939945855,0.0,0.2715017939945855,0.2715017939945855,0.2715017939945855,0.2715017939945855,0.2715017939945855,-0.8660254037844386,0.5000000000000001,-0.9749279121818236,-0.2225209339563146
user_08_vpn_s317,user_08,vpn,2026-01-10T20:38:31.920446087,2026-01-10T20:38:45.132050664,13.211604,1,13.211604577216402,0.0,1.0000000436901078,1.269444738864755,843.1139165559655,2.118727164513175,63.816166194200605,0.16036865504848427,0.0,0.0,0.0,0.0,0.0,0.0,0.0,0.0,20,5,1,0,13.211604577216402,0.0,13.211604577216402,13.211604577216402,13.211604577216402,13.211604577216402,13.211604577216402,471.6072206151264,0.0,471.6072206151264,471.6072206151264,471.6072206151264,471.6072206151264,471.6072206151264,371.5066959408391,0.0,371.5066959408391,371.5066959408391,371.5066959408391,371.5066959408391,371.5066959408391,1.1187271645131749,0.0,1.1187271645131749,1.1187271645131749,1.1187271645131749,1.1187271645131749,1.1187271645131749,1.0,0.0,1.0,1.0,1.0,1.0,1.0,11.033702750280273,0.0,11.033702750280273,11.033702750280273,11.033702750280273,11.033702750280273,11.033702750280273,5.602201364505901,0.0,5.602201364505901,5.602201364505901,5.602201364505901,5.602201364505901,5.602201364505901,5.431501385774372,0.0,5.431501385774372,5.431501385774372,5.431501385774372,5.431501385774372,5.431501385774372,16.635904114786175,0.0,16.635904114786175,16.635904114786175,16.635904114786175,16.635904114786175,16.635904114786175,11.994097911634078,0.0,11.994097911634078,11.994097911634078,11.994097911634078,11.994097911634078,11.994097911634078,6.343402943841395,0.0,6.343402943841395,6.343402943841395,6.343402943841395,6.343402943841395,6.343402943841395,12.999376910125985,0.0,12.999376910125985,12.999376910125985,12.999376910125985,12.999376910125985,12.999376910125985,6.942429574581778,0.0,6.942429574581778,6.942429574581778,6.942429574581778,6.942429574581778,6.942429574581778,11.8718368265174,0.0,11.8718368265174,11.8718368265174,11.8718368265174,11.8718368265174,11.8718368265174,1.437218655754341,0.0,1.437218655754341,1.437218655754341,1.437218655754341,1.437218655754341,1.437218655754341,1.3397677506990018,0.0,1.3397677506990018,1.3397677506990018,1.3397677506990018,1.3397677506990018,1.3397677506990018,0.1642482731473187,0.0,0.1642482731473187,0.1642482731473187,0.1642482731473187,0.1642482731473187,0.1642482731473187,63.81616340606555,0.0,63.81616340606555,63.81616340606555,63.81616340606555,63.81616340606555,63.81616340606555,0.15138206629715728,0.0,0.15138206629715728,0.15138206629715728,0.15138206629715728,0.15138206629715728,0.15138206629715728,-0.8660254037844386,0.5000000000000001,-0.9749279121818236,-0.2225209339563146
user_08_vpn_s319,user_08,vpn,2026-01-10T20:38:54.342674493,2026-01-10T20:39:46.267752650,51.925078,4,49.571079111918664,2.3539990470000003,0.9546654722775508,1.2694447388647545,4301.708750025891,10.97276596382493,82.84453130770244,0.21131920040302934,0.0,0.0,0.1414697834711362,0.7846663490000001,1.0432631376813102,0.094954699,0.0474773495,1.1769995235000001,20,5,1,0,12.392769777979666,0.5878835626609819,11.786911944541998,13.32567207006201,12.229247548657328,11.958175131877706,12.663842194759289,601.5548040597473,182.5620675043126,327.0260704610423,804.4998494160301,637.3466481809585,496.568589738314,742.3328625023918,473.8723834467255,143.8125362334205,257.61347496977055,633.741528706072,502.0672650555296,391.1699143220584,584.7697341801967,1.4985533947535972,0.5871897718576117,1.1187271645131749,2.5116629154660544,1.1819117495175802,1.1187271645131749,1.5617379797580027,1.244638096202635,0.4237256120898868,1.0,1.9785523848105404,1.0,1.0,1.244638096202635,4.79472713522167,3.789140103667428,1.6654345777280906,11.137738059246441,3.187867951956074,2.0135203004671753,5.969074786710569,2.4043363755502396,1.8375291326356928,0.8367666933911454,5.459318307373901,1.6606302507179562,1.0405766190809447,3.024390007187251,2.3903907596714307,1.9527327328801707,0.8286678843369452,5.67841975187254,1.527237701238118,0.9729436813862308,2.9446847795233175,7.19906351077191,5.626280027775876,2.502201271119236,16.597056366620343,4.848498202674031,3.05409691954812,8.993464793897822,3.998161359169371,3.0120902268997827,1.3150771916752813,8.78440209882325,2.946583073089477,1.4817552439056447,5.462989188353204,2.3630317288013694,1.898987180796987,0.787924041669583,5.563648029069711,1.550277422233092,1.0333911504273217,2.8799180006071396,5.097662013165371,4.134286655089994,1.3189864748111626,11.92578778107499,3.572936898387665,2.1191830371651195,6.551415874387915,2.728049620009006,2.199430318658594,0.9842731318141007,6.372164489533076,1.7778804293444228,0.992749836831666,3.5131802125217626,8.527945345426021,1.4602769559899227,7.428303022069919,11.027797682173142,7.827840338730512,7.568093226204874,8.78769245795166,0.9599772377101377,0.31140290442864843,0.646634480242,1.318055678639308,0.9376093959796212,0.6524139642920338,1.2451726693977252,3.864824432553645,1.4617073916621712,1.415434554151906,5.284681353517511,4.379590911272581,3.622815330392036,4.62160001343419,0.3550185894432205,0.04254473925727249,0.31687931910297856,0.4268001628145028,0.3381974379277003,0.3285231206272302,0.36469290674369065,86.37474721036727,24.836182283978395,48.65807366803296,109.4482034202452,93.69635587659548,71.76146265291243,108.30964043405032,0.21324776612136892,0.07219379079794677,0.16072994235062793,0.3369597628298608,0.17765067965249345,0.16502369941329076,0.2258747463605716,-0.8660254037844386,0.5000000000000001,-0.9749279121818236,-0.2225209339563146
user_08_vpn_s320,user_08,vpn,2026-01-11T09:06:03.348595454,2026-01-11T09:07:54.703249508,111.354654,8,96.8793175749554,14.475336484,0.8700069022257066,1.2694447388647547,12980.539272072241,24.664309950072916,116.56934672952458,0.2214933014840396,0.0,0.0,-0.02668210951770252,2.067905212,1.960420971596256,2.60557102,0.165663195,2.891475105,9,6,1,0,12.109914696869424,1.143777455630396,9.832438465510599,13.729835989959149,11.998120252884029,11.560821006179777,13.096025657472598,907.6051183560805,422.8078357409077,471.5395093399722,1781.0130510503488,824.7235009633271,559.9712443873002,1047.8871318428914,714.9622906529496,333.065176290398,371.4533566554955,1402.9858855006812,649.6726290747124,441.1151011489276,825.4688839626065,1.691333769918319,0.7650645139635059,1.1187271645131749,3.495780014245119,1.4426006949625245,1.1187271645131749,1.840841410805719,1.3917049738407954,0.5596328346284186,1.0,2.7537866810739176,1.1957664919670332,1.0,1.450115435865255,4.1277378376302,1.8568030234076,1.6352571187834135,7.468011469811676,4.648067495742188,2.2946073074631226,5.117572101569234,2.031326395453748,0.9219657398254018,0.8283298207774233,3.6957962061584175,2.2784154282475955,1.096826932025796,2.465393668292442,2.0964114421764517,0.9402448552878057,0.8069272980059902,3.772215263653259,2.3577353372188394,1.1977803754373266,2.5477509176916318,6.159064233083948,2.7769436793711937,2.463586939560837,11.163807675970094,6.9383996542655355,3.3914342394889188,7.565090674448047,3.582570888782417,1.729574493408284,1.1527362948557394,5.94842542728528,3.4742504253419444,1.939011957180032,5.219216271733096,2.0746264923130973,0.9179947197474483,0.8447330408669315,3.2753492555115304,2.168292166401094,1.0686120730332846,2.9521249052625294,3.95371998416472,1.7116218679985344,1.5246871605093972,5.939785337434905,4.654264516094472,2.2309490113961696,5.250900486678313,2.2966232262537076,1.1478139401066416,0.9129478222925612,4.524832633927788,2.363046894429143,1.180065151806421,2.870285019915593,9.51959641511949,1.4288788327758577,6.761937128987521,11.360253621815518,9.760399721044902,8.794549380705986,10.593339810488182,1.297733444607636,0.5497851677063945,0.4144241997448389,2.459965022152503,1.2665769109854321,1.086896159384663,1.3939937685635668,2.5903182817499317,1.7220984652130105,0.5032591582532824,5.575403320694759,2.334197402513328,1.2971775342471994,3.4353710519646232,0.46955080789224446,0.3370712429388085,0.05564194973702108,1.0618281910398704,0.5076106214941075,0.1531855179285051,0.6742950436646854,132.23369176972568,56.809718035418804,72.93155842955922,243.38932346456102,117.07318637757588,89.288328325773,145.42075271620996,0.2445085838421237,0.09022326893965563,0.16667580084917996,0.45518145299692186,0.22188695019367782,0.17178233225584283,0.27480757091458474,0.7071067811865476,-0.7071067811865475,-0.7818314824680299,0.6234898018587334
user_08_vpn_s323,user_08,vpn,2026-01-15T09:13:00,2026-01-15T09:45:11.652658022,1931.652658,20,249.83142891724302,1681.821229115,0.12933558623107438,1.2694447388647547,33276.22737287666,77.79486949131167,17.226817272278286,0.040273736154956115,0.0,0.0,0.6127620991276741,88.51690679552632,368.65377095128207,1.28228015,0.33323729599999996,2.98931629,9,3,1,0,12.491571445862151,1.6367540008511876,10.06302196832967,16.25029571286823,12.132075558781171,11.279832519571954,13.622813860840274,930.6754873638498,378.37482718337543,342.6013569326118,2186.0878617567955,865.8849415731152,748.499568711301,968.1512929120148,733.135881279983,298.06325206542687,269.88284439935137,1722.081942465476,682.0973887744519,589.6275322553015,762.6572967467791,2.151014320573181,1.247249028125913,1.1187271645131749,4.3747709968692625,1.3672468228630144,1.1187271645131749,3.0371557230133517,1.7387291539924028,0.9469946190666074,1.0,3.446208301104587,1.0770431992854785,1.0,2.392507235667016,3.3532466897045743,1.5028808439523338,1.5882836036765773,6.44784165505175,2.9928707993639465,2.101672224607025,4.025678181897918,1.7034481945933244,0.716240748532017,0.8771502730440458,3.0990858992104364,1.6094053913984527,1.028038076116809,2.131435910395285,1.6497984951112503,0.804268673267079,0.561303945054207,3.504543761842514,1.3834654079654938,1.0693589365928622,1.9572892994816213,5.056694884297899,2.2127935247452206,2.576041888077667,9.391139548260986,4.6022761907623995,3.161933267920743,6.094067064314213,3.284221295163725,1.5906129219941259,1.5255230208288748,6.80791144866371,2.9886929200852603,1.7566818388905425,4.575879854961788,1.635844554431154,0.5692307178926519,0.738225331789198,2.7994526289845507,1.5422398544639537,1.1600503388621612,2.1103956052233848,3.1691207706281466,1.4343353886939134,1.3176407753316381,6.769156899577702,2.8351023425398734,2.2922685379590573,3.4550784105548877,1.7419113742402441,0.8550901015512419,0.7335778731378431,3.3562649670770455,1.3948594136780672,1.06165890105679,2.540106047335535,8.891755900182735,1.8893515560554672,6.332245543357598,12.97133998702684,8.447353177955774,7.741937615175191,10.006182877384717,1.542816091829177,0.5425261597405465,0.6477020356727714,2.632884717668306,1.595919749331986,1.1806525223352642,1.8337168892000735,3.599815545679415,1.6423749892567046,1.2224076764253162,6.2888954499194245,3.6552426773166706,1.9650658025234993,5.101999187640136,0.5661244023947656,0.32473906028765825,0.11872588946292649,1.2901786670449484,0.47099738160685356,0.31474572300198833,0.8180579257043568,137.90563761418116,67.87250612112733,42.98935530871093,381.32807400719446,128.95315316647918,106.0780276374897,149.83005199253552,0.31625782812049164,0.19428386736678382,0.13205345710627225,0.7423453608586924,0.22120217578952767,0.16700495296416473,0.4447949575962711,0.7071067811865476,-0.7071067811865475,0.43388373911755823,-0.900968867902419
user_08_vpn_s324,user_08,vpn,2026-01-17T09:09:10.857528605,2026-01-17T09:11:14.532781024,123.675252,8,102.50391970658595,21.171332716,0.828815127108744,1.269444738864755,9503.607754368246,19.311911892953056,76.8432455214908,0.15615017216987806,0.0,0.0,-0.08018385559316961,3.024476102285714,2.575452255511969,2.883248285,0.548063491,5.1719730315,9,5,1,0,12.812989963323243,0.8381145917351918,11.298431996882572,14.049185610751557,12.807244068188089,12.37409359383935,13.34528694977356,664.4965097306131,181.33407583108044,346.62388614386657,876.6976125657164,734.2525459148335,551.5194314714444,792.2577105440048,523.4544595654177,142.84519071956197,273.05157564704007,690.6150269681954,578.4044972067586,434.4572194333248,624.0978329253693,1.3170917010565986,0.2033226575233565,1.1187271645131749,1.6184739053021262,1.282802965136733,1.1187271645131749,1.4964919856492345,1.0968972855625334,0.10307748235773077,1.0,1.2749463255482103,1.0698864714088354,1.0,1.178855557735837,5.8226289331966825,3.4579086158474075,1.88699537897726,12.517102026598204,5.440846862156896,2.5558471964217815,7.891018934258185,2.94241061594188,1.6867079013526973,1.093786839055527,6.178318442660705,2.767819567737403,1.291492877587574,3.969340027304738,2.880218317254803,1.7731171370958276,0.793208539921733,6.338783583937499,2.673027294419492,1.2643543188342075,3.9216789069534475,8.765039549138562,5.143956327401294,2.980782218032787,18.69542046925891,8.208666429894299,3.8473400740093555,11.860358961562923,5.952120592965881,3.9082627694315804,1.91877928596439,14.00875476942271,4.937182603634621,2.781379469008582,8.290595428706151,2.811837701989923,1.9780028927223812,0.8375997387667709,7.088524515150645,2.4967410213913857,1.1226862420597539,3.2644362059478644,5.7884807182468325,3.721219574069527,1.738178549202023,12.760927889790533,5.789479687492308,2.119202273973205,7.168286236560214,2.7752818249434634,1.7541555183040485,0.9353539499020671,6.790736629978151,2.416417277945931,1.4252431822856384,3.2803787322746274,9.761181965622455,1.5049575785398903,7.003688403714187,11.434029525140623,10.208154686616583,8.911546131951862,10.862194376147027,1.376110595063959,0.46949631304543465,0.5989602395021334,2.187536392826286,1.3340960279443046,1.1185645195094278,1.5754048467672437,3.051807997700786,1.642295261655675,1.1050001319617948,5.837854756606825,2.6111215360914173,2.09651461151024,3.547022601066544,0.4237260482451065,0.1558226201048415,0.18343861273027054,0.6700350006417957,0.426859541168086,0.29411560627264377,0.5540658960507494,92.13910479534272,23.039008846891484,54.84614696640079,117.34415026207816,98.26292611531612,80.22809729143036,111.64187583818305,0.18323751399339805,0.02121260952431733,0.15151375862643024,0.21182102676842066,0.18591530118186825,0.16414041617719685,0.20072892186742897,0.7071067811865476,-0.7071067811865475,-0.9749279121818236,-0.2225209339563146
user_08_vpn_s326,user_08,vpn,2026-01-20T09:45:01.099100073,2026-01-20T09:46:58.669832656,117.570732,9,112.29681770873059,5.2739148789999994,0.9551426260468514,1.2694447388647547,10617.96794188082,28.20401601417136,90.31131950323163,0.2398897713265182,0.0,0.0,0.21443778421073087,0.6592393598749999,1.01914930654692,0.2115865855,0.0,0.6772740955,9,1,1,0,12.477424189858954,0.8883603497488521,11.181729390897306,14.571496156391323,12.515547002462904,11.890624665757436,12.614015334255694,659.9227315840067,245.81399275942704,317.46436158997324,1071.380484445851,672.8265507800667,395.9129414662139,786.4382005224402,519.8514841805288,193.63898658499681,250.0812771683759,843.9756782197312,530.0164159818136,311.8788312284258,619.5135372538862,1.7217910468688913,0.7024212808294117,1.1187271645131749,3.1053889125905245,1.2364619868933462,1.1187271645131749,2.3100602161718773,1.4119885102612597,0.5070236753816335,1.0,2.4462576570033505,1.0,1.0,1.8197406672760956,2.674015930625662,0.960028537877065,1.7607819976945145,5.172330814711478,2.3649209984484747,2.1285671639588664,2.8565688346133067,1.372083895585553,0.48652708069637635,0.888314847498419,2.6502835879887425,1.2971342257991094,1.1884803010890357,1.376968815477928,1.301932035040109,0.4862320430992769,0.8724671501960954,2.522047226722736,1.0677867726493653,1.037392534218601,1.4796000191353786,4.046099826211215,1.4423263111522755,2.6490968451929335,7.822614402700221,3.662055224247584,3.317047465047902,4.233537650091234,2.666020002673811,1.1628166623603833,1.448252116153374,5.528431952759377,2.3724457118418982,1.9836387347366924,2.667479660565406,1.365683202067343,0.613539679897357,0.7280277639386833,2.994090084457151,1.2254241858703514,1.0441352532327548,1.386403579209412,2.5250834734922467,1.013851787515642,1.5508779494844915,4.952124107288409,2.070312522819296,1.8415238916950991,3.0398418308968522,1.2734675632591452,0.3529670039614261,0.9162712582917727,2.1702062120184666,1.1860531134402414,1.0875352936276983,1.3197407391058902,9.717698643220968,2.0681021100767456,6.705319054917083,13.335121580457287,9.247592956800453,8.014442724054707,11.580207688706386,1.434798880821694,0.7724589000331634,0.4701867801493685,2.5407131985343874,1.2535065002974097,0.6611892784418992,2.2555550862126985,2.759725546637986,1.5074350520947644,0.7074286789685207,5.185305610840353,2.466586667083762,1.241598541164553,4.026232165559696,0.4889626068211082,0.28265331996454246,0.0960197403462977,0.8993191144908346,0.5856311897663652,0.18170946488247436,0.6758307667220979,94.8046215299334,35.152551459040644,45.015396278176,149.3827100742936,99.24049711874699,56.11153577501211,109.11729369582169,0.24712258880055696,0.10312798815943112,0.15855379488628255,0.4668927601071692,0.17886320890828722,0.16211833994338756,0.2834163931503058,0.7071067811865476,-0.7071067811865475,0.7818314824680298,0.6234898018587336
user_08_vpn_s327,user_08,vpn,2026-01-21T09:25:00,2026-01-21T09:28:39.139394748,219.139394,15,192.09852479828427,27.040869958000002,0.8766042530823293,1.2694447388647545,20715.438228517058,41.7256514712533,94.53087302284435,0.19040689448677264,0.0,0.0,0.07014180545419466,1.9314907112857145,2.222886209012681,0.8472347115000001,0.0,3.3270235492499998,9,2,1,0,12.806568319885619,1.144829426440026,10.857772707479937,15.230932081555636,12.61956215136307,12.031272262823101,13.41975004468123,772.497449034557,217.2771829377113,307.172573870952,1135.8455291326002,766.7558780681593,653.2753142816997,942.2712735561716,608.5317661999135,171.1592291382601,241.9739626835996,894.7577585365154,604.0088667064449,514.6150078702235,742.2704153304308,1.5286132052587862,0.5465027054043615,1.1187271645131749,2.934589776615582,1.2442632510085698,1.1351205907569435,1.6971136148588277,1.2530968928247674,0.3972303069660915,1.0,2.3117113228890465,1.0,1.0,1.3368944412472266,3.5337105534050886,2.2113558025920272,1.6145740640638073,8.411534626268384,2.742817363870852,1.6956877962252819,4.815975547625098,1.7529760018770328,1.105496738401178,0.6145062982997456,4.243690909717863,1.3182807105037246,0.8837108844469137,2.497126258975994,1.780734551528056,1.1218212206903424,0.6406719829434308,4.1678437165505215,1.3181134111341164,0.8910115513069278,2.318849288649104,5.286686555282121,3.3114879129108976,2.2641832925710546,12.655225535986247,4.167521316607588,2.557319854134735,7.313101806601093,3.516858445941339,2.226922699868384,1.2017541654614308,7.905160284962995,2.228594768783759,1.850104837076091,5.069114956309882,1.8503524644396343,1.1161737101949671,0.6492440358650435,4.148054082355055,1.4239227033961774,0.9482913305516273,2.498141290738632,3.345486159872603,2.193817204639891,1.2412489291088789,7.708549244809837,2.160624818759453,1.3962745949351452,5.2384889359495554,1.7720150336586147,1.190104232208173,0.5017536227828003,4.215618980479804,1.141930133428298,0.8631719122207144,2.4486503749970043,9.972396100975566,1.7708175987694617,6.301201690948103,12.762590930519552,10.297078860699068,9.378930743067162,10.925780741549593,1.785204455774529,0.5297601348347131,0.37180800683151083,2.476594159298995,1.8168596602644675,1.6417732026963963,2.120260588533018,2.8341722189100524,1.3284154193250084,0.8610160797397342,5.152426056392399,2.6352402375868227,1.7483102150176792,4.040140531052816,0.4751484500123185,0.28494278535457207,0.10986882549667801,0.9156740859902639,0.4416256320472005,0.17468123926138474,0.7029689846717113,109.5841969868597,34.707101430066984,39.562341209532185,168.56944573091863,109.12142560402043,85.12711554588057,141.07503835181922,0.21508066048284763,0.08089276133442255,0.1440866456438157,0.43551887946372253,0.175002546438187,0.16178701952452526,0.22830213110690328,0.7071067811865476,-0.7071067811865475,0.9749279121818236,-0.22252093395631434
user_08_vpn_s329,user_08,vpn,2026-01-21T09:39:06.051271761,2026-01-21T09:39:17.292193396,11.240921,1,11.240921635170286,0.0,1.0000000565051819,1.2694447388647547,603.653305765943,2.118727164513175,53.701409854756825,0.18848341381575182,0.0,0.0,0.0,0.0,0.0,0.0,0.0,0.0,9,2,1,0,11.240921635170286,0.0,11.240921635170286,11.240921635170286,11.240921635170286,11.240921635170286,11.240921635170286,337.6616755542689,0.0,337.6616755542689,337.6616755542689,337.6616755542689,337.6616755542689,337.6616755542689,265.991630211674,0.0,265.991630211674,265.991630211674,265.991630211674,265.991630211674,265.991630211674,1.1187271645131749,0.0,1.1187271645131749,1.1187271645131749,1.1187271645131749,1.1187271645131749,1.1187271645131749,1.0,0.0,1.0,1.0,1.0,1.0,1.0,8.31513633902836,0.0,8.31513633902836,8.31513633902836,8.31513633902836,8.31513633902836,8.31513633902836,4.3908372558121895,0.0,4.3908372558121895,4.3908372558121895,4.3908372558121895,4.3908372558121895,4.3908372558121895,3.9242990832161704,0.0,3.9242990832161704,3.9242990832161704,3.9242990832161704,3.9242990832161704,3.9242990832161704,12.70597359484055,0.0,12.70597359484055,12.70597359484055,12.70597359484055,12.70597359484055,12.70597359484055,9.825073179964289,0.0,9.825073179964289,9.825073179964289,9.825073179964289,9.825073179964289,9.825073179964289,3.4052924944572323,0.0,3.4052924944572323,3.4052924944572323,3.4052924944572323,3.4052924944572323,3.4052924944572323,9.89469716477741,0.0,9.89469716477741,9.89469716477741,9.89469716477741,9.89469716477741,9.89469716477741,3.71517409888828,0.0,3.71517409888828,3.71517409888828,3.71517409888828,3.71517409888828,3.71517409888828,7.506985133673446,0.0,7.506985133673446,7.506985133673446,7.506985133673446,7.506985133673446,7.506985133673446,1.7696435415299212,0.0,1.7696435415299212,1.7696435415299212,1.7696435415299212,1.7696435415299212,1.7696435415299212,3.7339365014968404,0.0,3.7339365014968404,3.7339365014968404,3.7339365014968404,3.7339365014968404,3.7339365014968404,0.7701132627622445,0.0,0.7701132627622445,0.7701132627622445,0.7701132627622445,0.7701132627622445,0.7701132627622445,53.701406820349064,0.0,53.701406820349064,53.701406820349064,53.701406820349064,53.701406820349064,53.701406820349064,0.17792135421907534,0.0,0.17792135421907534,0.17792135421907534,0.17792135421907534,0.17792135421907534,0.17792135421907534,0.7071067811865476,-0.7071067811865475,0.9749279121818236,-0.22252093395631434
user_08_vpn_s331,user_08,vpn,2026-01-21T09:39:17.292193396,2026-01-21T09:39:46.364275919,29.072082,2,24.494976868736483,4.577105655,0.8425601189738142,1.2694447388647547,3247.993331477097,5.61063314510872,111.7220752018069,0.19299041414057375,0.0,0.0,-1.0,4.577105655,0.0,4.577105655,4.577105655,4.577105655,9,2,1,0,12.247488434368242,0.7032920552310458,11.544196379137196,12.950780489599287,12.247488434368242,11.895842406752719,12.599134461983764,908.4045925202681,256.4897241831609,651.9148683371072,1164.894316703429,908.4045925202681,780.1597304286877,1036.6494546118486,715.5920732182802,202.0487511827697,513.5433220355105,917.6408244010499,715.5920732182802,614.5676976268953,816.6164488096651,1.53598610136115,0.4172589368479752,1.1187271645131749,1.9532450382091253,1.53598610136115,1.3273566329371624,1.7446155697851378,1.2693304711932099,0.26933047119320974,1.0,1.5386609423864195,1.2693304711932099,1.134665235596605,1.4039957067898146,4.303023556961494,2.3714976542366424,1.931525902724852,6.674521211198137,4.303023556961494,3.117274729843173,5.488772384079816,2.115948680676749,1.2537735721711634,0.8621751085055855,3.3697222528479123,2.115948680676749,1.4890618945911673,2.7428354667623305,2.187074876284745,1.117724082065479,1.0693507942192664,3.3047989583502244,2.187074876284745,1.6282128352520058,2.745936917317485,6.418972237638243,3.625271226407806,2.7937010112304375,10.04424346404605,6.418972237638243,4.60633662443434,8.231607850842146,3.716982844357495,1.947857251926863,1.769125592430632,5.664840096284358,3.716982844357495,2.7430542183940636,4.690911470320927,2.3229281168804867,1.7133026555376782,0.6096254613428084,4.036230772418165,2.3229281168804867,1.4662767891116475,3.1795794446493257,4.951575068710418,2.712810551920266,2.2387645167901518,7.664385620630684,4.951575068710418,3.595169792750285,6.3079803446705505,2.001002984080395,1.0698236969648605,0.9311792871155347,3.0708266810452556,2.001002984080395,1.466091135597965,2.5359148325628253,10.637520800337278,1.013530981585288,9.62398981875199,11.651051781922567,10.637520800337278,10.130755309544634,11.144286291129923,1.1298522841489722,0.4546071458752476,0.6752451382737247,1.5844594300242199,1.1298522841489722,0.9025487112113485,1.357155857086596,1.609967634030963,0.3102389263542422,1.2997287076767208,1.9202065603852052,1.609967634030963,1.4548481708538419,1.765087097208084,0.142760782821342,0.010455856113583989,0.132304926707758,0.15321663893492599,0.142760782821342,0.13753285476455002,0.14798871087813398,130.880016072506,29.92381677578863,100.95619929671737,160.80383284829463,130.880016072506,115.91810768461168,145.84192446040032,0.22143811257501134,0.048190886495730265,0.17324722607928109,0.2696289990707416,0.22143811257501134,0.19734266932714623,0.24553355582287648,0.7071067811865476,-0.7071067811865475,0.9749279121818236,-0.22252093395631434
user_08_vpn_s333,user_08,vpn,2026-01-21T09:39:48.379876041,2026-01-21T09:40:00.914415177,12.534539,1,12.534539136974141,0.0,1.0000000109277365,1.2694447388647545,3157.001800269584,5.89544913977614,251.86421297740458,0.4703363354468912,0.0,0.0,0.0,0.0,0.0,0.0,0.0,0.0,9,2,1,0,12.534539136974141,0.0,12.534539136974141,12.534539136974141,12.534539136974141,12.534539136974141,12.534539136974141,1765.9118361892897,0.0,1765.9118361892897,1765.9118361892897,1765.9118361892897,1765.9118361892897,1765.9118361892897,1391.089964080294,0.0,1391.089964080294,1391.089964080294,1391.089964080294,1391.089964080294,1391.089964080294,3.297699549836698,0.0,3.297699549836698,3.297699549836698,3.297699549836698,3.297699549836698,3.297699549836698,2.597749589939442,0.0,2.597749589939442,2.597749589939442,2.597749589939442,2.597749589939442,2.597749589939442,4.42492082801619,0.0,4.42492082801619,4.42492082801619,4.42492082801619,4.42492082801619,4.42492082801619,2.231883577245916,0.0,2.231883577245916,2.231883577245916,2.231883577245916,2.231883577245916,2.231883577245916,2.1930372507702742,0.0,2.1930372507702742,2.1930372507702742,2.1930372507702742,2.1930372507702742,2.1930372507702742,6.656804405262106,0.0,6.656804405262106,6.656804405262106,6.656804405262106,6.656804405262106,6.656804405262106,4.733862701843061,0.0,4.733862701843061,4.733862701843061,4.733862701843061,4.733862701843061,4.733862701843061,2.6002091114177066,0.0,2.6002091114177066,2.6002091114177066,2.6002091114177066,2.6002091114177066,2.6002091114177066,4.770838355823626,0.0,4.770838355823626,4.770838355823626,4.770838355823626,4.770838355823626,4.770838355823626,2.6036135026269824,0.0,2.6036135026269824,2.6036135026269824,2.6036135026269824,2.6036135026269824,2.6036135026269824,10.452027357426536,0.0,10.452027357426536,10.452027357426536,10.452027357426536,10.452027357426536,10.452027357426536,1.4085296171994555,0.0,1.4085296171994555,1.4085296171994555,1.4085296171994555,1.4085296171994555,1.4085296171994555,2.0825117795476054,0.0,2.0825117795476054,2.0825117795476054,2.0825117795476054,2.0825117795476054,2.0825117795476054,0.1247081483937775,0.0,0.1247081483937775,0.1247081483937775,0.1247081483937775,0.1247081483937775,0.1247081483937775,251.86421022509882,0.0,251.86421022509882,251.86421022509882,251.86421022509882,251.86421022509882,251.86421022509882,0.47033633030717964,0.0,0.47033633030717964,0.47033633030717964,0.47033633030717964,0.47033633030717964,0.47033633030717964,0.7071067811865476,-0.7071067811865475,0.9749279121818236,-0.22252093395631434
user_08_vpn_s335,user_08,vpn,2026-01-21T09:40:00.914415177,2026-01-21T09:40:12.843367227,11.928952,1,11.928952050260529,0.0,1.000000004213323,1.2694447388647547,1478.9058947424826,3.3189151043082985,123.97617952880374,0.2782235274572568,0.0,0.0,0.0,0.0,0.0,0.0,0.0,0.0,9,2,1,0,11.928952050260529,0.0,11.928952050260529,11.928952050260529,11.928952050260529,11.928952050260529,11.928952050260529,827.2460991035387,0.0,827.2460991035387,827.2460991035387,827.2460991035387,827.2460991035387,827.2460991035387,651.6597956389439,0.0,651.6597956389439,651.6597956389439,651.6597956389439,651.6597956389439,651.6597956389439,1.856480241951385,0.0,1.856480241951385,1.856480241951385,1.856480241951385,1.856480241951385,1.856480241951385,1.4624348623569134,0.0,1.4624348623569134,1.4624348623569134,1.4624348623569134,1.4624348623569134,1.4624348623569134,1.9849452364120068,0.0,1.9849452364120068,1.9849452364120068,1.9849452364120068,1.9849452364120068,1.9849452364120068,0.767021790241147,0.0,0.767021790241147,0.767021790241147,0.767021790241147,0.767021790241147,0.767021790241147,1.2179234461708597,0.0,1.2179234461708597,1.2179234461708597,1.2179234461708597,1.2179234461708597,1.2179234461708597,2.751967026653154,0.0,2.751967026653154,2.751967026653154,2.751967026653154,2.751967026653154,2.751967026653154,1.7899981875728945,0.0,1.7899981875728945,1.7899981875728945,1.7899981875728945,1.7899981875728945,1.7899981875728945,0.9837255100414568,0.0,0.9837255100414568,0.9837255100414568,0.9837255100414568,0.9837255100414568,0.9837255100414568,2.05231867585307,0.0,2.05231867585307,2.05231867585307,2.05231867585307,2.05231867585307,2.05231867585307,0.7773366860305568,0.0,0.7773366860305568,0.7773366860305568,0.7773366860305568,0.7773366860305568,0.7773366860305568,11.304328126198403,0.0,11.304328126198403,11.304328126198403,11.304328126198403,11.304328126198403,11.304328126198403,0.6897881305990504,0.0,0.6897881305990504,0.6897881305990504,0.6897881305990504,0.6897881305990504,0.6897881305990504,0.6246239240621261,0.0,0.6246239240621261,0.6246239240621261,0.6246239240621261,0.6246239240621261,0.6246239240621261,0.07816555077750972,0.0,0.07816555077750972,0.07816555077750972,0.07816555077750972,0.07816555077750972,0.07816555077750972,123.97617900645206,0.0,123.97617900645206,123.97617900645206,123.97617900645206,123.97617900645206,123.97617900645206,0.2782235262850112,0.0,0.2782235262850112,0.2782235262850112,0.2782235262850112,0.2782235262850112,0.2782235262850112,0.7071067811865476,-0.7071067811865475,0.9749279121818236,-0.22252093395631434
user_08_vpn_s337,user_08,vpn,2026-01-21T09:40:12.843367227,2026-01-21T09:40:26.797204137,13.953836,1,13.953836910158604,0.0,1.0000000652264083,1.2694447388647547,1018.969123007823,2.118727164513175,73.02430120346999,0.15183833065783306,0.0,0.0,0.0,0.0,0.0,0.0,0.0,0.0,9,2,1,0,13.953836910158604,0.0,13.953836910158604,13.953836910158604,13.953836910158604,13.953836910158604,13.953836910158604,569.9742188545091,0.0,569.9742188545091,569.9742188545091,569.9742188545091,569.9742188545091,569.9742188545091,448.9949041533139,0.0,448.9949041533139,448.9949041533139,448.9949041533139,448.9949041533139,448.9949041533139,1.1187271645131749,0.0,1.1187271645131749,1.1187271645131749,1.1187271645131749,1.1187271645131749,1.1187271645131749,1.0,0.0,1.0,1.0,1.0,1.0,1.0,1.8270654551830976,0.0,1.8270654551830976,1.8270654551830976,1.8270654551830976,1.8270654551830976,1.8270654551830976,1.0594653075669471,0.0,1.0594653075669471,1.0594653075669471,1.0594653075669471,1.0594653075669471,1.0594653075669471,0.7676001476161505,0.0,0.7676001476161505,0.7676001476161505,0.7676001476161505,0.7676001476161505,0.7676001476161505,2.886530762750045,0.0,2.886530762750045,2.886530762750045,2.886530762750045,2.886530762750045,2.886530762750045,1.6742217134086195,0.0,1.6742217134086195,1.6742217134086195,1.6742217134086195,1.6742217134086195,1.6742217134086195,0.9655020692000705,0.0,0.9655020692000705,0.9655020692000705,0.9655020692000705,0.9655020692000705,0.9655020692000705,1.4066095942433878,0.0,1.4066095942433878,1.4066095942433878,1.4066095942433878,1.4066095942433878,1.4066095942433878,1.2545127674887055,0.0,1.2545127674887055,1.2545127674887055,1.2545127674887055,1.2545127674887055,1.2545127674887055,9.296750201944885,0.0,9.296750201944885,9.296750201944885,9.296750201944885,9.296750201944885,9.296750201944885,2.2002116672749343,0.0,2.2002116672749343,2.2002116672749343,2.2002116672749343,2.2002116672749343,2.2002116672749343,4.657086708213718,0.0,4.657086708213718,4.657086708213718,4.657086708213718,4.657086708213718,4.657086708213718,0.9558609141274691,0.0,0.9558609141274691,0.9558609141274691,0.9558609141274691,0.9558609141274691,0.9558609141274691,73.02429644035743,0.0,73.02429644035743,73.02429644035743,73.02429644035743,73.02429644035743,73.02429644035743,0.14332975316229832,0.0,0.14332975316229832,0.14332975316229832,0.14332975316229832,0.14332975316229832,0.14332975316229832,0.7071067811865476,-0.7071067811865475,0.9749279121818236,-0.22252093395631434
user_08_vpn_s339,user_08,vpn,2026-01-21T09:40:27.806931476,2026-01-21T09:40:38.184590470,10.377658,1,10.377658994243898,0.0,1.0000000958061923,1.2694447388647547,3845.6764030881563,6.379044564868833,370.5726670784638,0.6146901897199574,0.0,0.0,0.0,0.0,0.0,0.0,0.0,0.0,9,2,1,0,10.377658994243898,0.0,10.377658994243898,10.377658994243898,10.377658994243898,10.377658994243898,10.377658994243898,2151.131329031019,0.0,2151.131329031019,2151.131329031019,2151.131329031019,2151.131329031019,2151.131329031019,1694.5450740571373,0.0,1694.5450740571373,1694.5450740571373,1694.5450740571373,1694.5450740571373,1694.5450740571373,3.568205219179444,0.0,3.568205219179444,3.568205219179444,3.568205219179444,3.568205219179444,3.568205219179444,2.8108393456893888,0.0,2.8108393456893888,2.8108393456893888,2.8108393456893888,2.8108393456893888,2.8108393456893888,2.8587716770641904,0.0,2.8587716770641904,2.8587716770641904,2.8587716770641904,2.8587716770641904,2.8587716770641904,1.4737857109979493,0.0,1.4737857109979493,1.4737857109979493,1.4737857109979493,1.4737857109979493,1.4737857109979493,1.3849859660662411,0.0,1.3849859660662411,1.3849859660662411,1.3849859660662411,1.3849859660662411,1.3849859660662411,4.33255738806214,0.0,4.33255738806214,4.33255738806214,4.33255738806214,4.33255738806214,4.33255738806214,2.1267909148252317,0.0,2.1267909148252317,2.1267909148252317,2.1267909148252317,2.1267909148252317,2.1267909148252317,1.0631124356259045,0.0,1.0631124356259045,1.0631124356259045,1.0631124356259045,1.0631124356259045,1.0631124356259045,2.9060512877216613,0.0,2.9060512877216613,2.9060512877216613,2.9060512877216613,2.9060512877216613,2.9060512877216613,1.5230589343221403,0.0,1.5230589343221403,1.5230589343221403,1.5230589343221403,1.5230589343221403,1.5230589343221403,6.4727846983332356,0.0,6.4727846983332356,6.4727846983332356,6.4727846983332356,6.4727846983332356,6.4727846983332356,0.43277196871668927,0.0,0.43277196871668927,0.43277196871668927,0.43277196871668927,0.43277196871668927,0.43277196871668927,3.9048742959106626,0.0,3.9048742959106626,3.9048742959106626,3.9048742959106626,3.9048742959106626,3.9048742959106626,0.23648150931557607,0.0,0.23648150931557607,0.23648150931557607,0.23648150931557607,0.23648150931557607,0.23648150931557607,370.572631575311,0.0,370.572631575311,370.572631575311,370.572631575311,370.572631575311,370.572631575311,0.6146901308288364,0.0,0.6146901308288364,0.6146901308288364,0.6146901308288364,0.6146901308288364,0.6146901308288364,0.7071067811865476,-0.7071067811865475,0.9749279121818236,-0.22252093395631434
user_08_vpn_s341,user_08,vpn,2026-01-21T09:40:42.973954985,2026-01-21T09:40:57.486637544,14.512682,1,14.512682559722926,0.0,1.000000038567849,1.2694447388647547,2372.138519716202,10.0267051993816,163.45280077908427,0.6908926413037646,0.0,0.0,0.0,0.0,0.0,0.0,0.0,0.0,9,2,1,0,14.512682559722926,0.0,14.512682559722926,14.512682559722926,14.512682559722926,14.512682559722926,14.512682559722926,1326.8878999972933,0.0,1326.8878999972933,1326.8878999972933,1326.8878999972933,1326.8878999972933,1326.8878999972933,1045.2506197189089,0.0,1045.2506197189089,1045.2506197189089,1045.2506197189089,1045.2506197189089,1045.2506197189089,5.608573738556842,0.0,5.608573738556842,5.608573738556842,5.608573738556842,5.608573738556842,5.608573738556842,4.418131460824759,0.0,4.418131460824759,4.418131460824759,4.418131460824759,4.418131460824759,4.418131460824759,6.479224072406281,0.0,6.479224072406281,6.479224072406281,6.479224072406281,6.479224072406281,6.479224072406281,3.2284590533270516,0.0,3.2284590533270516,3.2284590533270516,3.2284590533270516,3.2284590533270516,3.2284590533270516,3.2507650190792297,0.0,3.2507650190792297,3.2507650190792297,3.2507650190792297,3.2507650190792297,3.2507650190792297,9.707683125733332,0.0,9.707683125733332,9.707683125733332,9.707683125733332,9.707683125733332,9.707683125733332,7.488439406241538,0.0,7.488439406241538,7.488439406241538,7.488439406241538,7.488439406241538,7.488439406241538,3.054685124252504,0.0,3.054685124252504,3.054685124252504,3.054685124252504,3.054685124252504,3.054685124252504,4.638454335175242,0.0,4.638454335175242,4.638454335175242,4.638454335175242,4.638454335175242,4.638454335175242,3.7765403176906682,0.0,3.7765403176906682,3.7765403176906682,3.7765403176906682,3.7765403176906682,3.7765403176906682,8.125816243019871,0.0,8.125816243019871,8.125816243019871,8.125816243019871,8.125816243019871,8.125816243019871,1.7223702125448697,0.0,1.7223702125448697,1.7223702125448697,1.7223702125448697,1.7223702125448697,1.7223702125448697,6.386866316703054,0.0,6.386866316703054,6.386866316703054,6.386866316703054,6.386866316703054,6.386866316703054,0.9202136190360166,0.0,0.9202136190360166,0.9202136190360166,0.9202136190360166,0.9202136190360166,0.9202136190360166,163.45279447506158,0.0,163.45279447506158,163.45279447506158,163.45279447506158,163.45279447506158,163.45279447506158,0.6908926146575226,0.0,0.6908926146575226,0.6908926146575226,0.6908926146575226,0.6908926146575226,0.6908926146575226,0.7071067811865476,-0.7071067811865475,0.9749279121818236,-0.22252093395631434
user_08_vpn_s343,user_08,vpn,2026-01-21T09:40:59.727493331,2026-01-21T09:41:11.296909875,11.569416,1,11.569416544345295,0.0,1.0000000470503692,1.269444738864755,1971.6772903423641,8.683165259750943,170.42150531559795,0.7505275339525299,0.0,0.0,0.0,0.0,0.0,0.0,0.0,0.0,9,2,1,0,11.569416544345295,0.0,11.569416544345295,11.569416544345295,11.569416544345295,11.569416544345295,11.569416544345295,1102.8844721798664,0.0,1102.8844721798664,1102.8844721798664,1102.8844721798664,1102.8844721798664,1102.8844721798664,868.7928181624977,0.0,868.7928181624977,868.7928181624977,868.7928181624977,868.7928181624977,868.7928181624977,4.857046425020239,0.0,4.857046425020239,4.857046425020239,4.857046425020239,4.857046425020239,4.857046425020239,3.8261188347307042,0.0,3.8261188347307042,3.8261188347307042,3.8261188347307042,3.8261188347307042,3.8261188347307042,4.2885703616385396,0.0,4.2885703616385396,4.2885703616385396,4.2885703616385396,4.2885703616385396,4.2885703616385396,2.052069665989862,0.0,2.052069665989862,2.052069665989862,2.052069665989862,2.052069665989862,2.052069665989862,2.2365006956486777,0.0,2.2365006956486777,2.2365006956486777,2.2365006956486777,2.2365006956486777,2.2365006956486777,6.340640027628401,0.0,6.340640027628401,6.340640027628401,6.340640027628401,6.340640027628401,6.340640027628401,3.5827664738846567,0.0,3.5827664738846567,3.5827664738846567,3.5827664738846567,3.5827664738846567,3.5827664738846567,1.587323928325841,0.0,1.587323928325841,1.587323928325841,1.587323928325841,1.587323928325841,1.587323928325841,3.6683682219182474,0.0,3.6683682219182474,3.6683682219182474,3.6683682219182474,3.6683682219182474,3.6683682219182474,1.6417085106052596,0.0,1.6417085106052596,1.6417085106052596,1.6417085106052596,1.6417085106052596,1.6417085106052596,8.94157442089186,0.0,8.94157442089186,8.94157442089186,8.94157442089186,8.94157442089186,8.94157442089186,1.4515527164244197,0.0,1.4515527164244197,1.4515527164244197,1.4515527164244197,1.4515527164244197,1.4515527164244197,2.6278421234534353,0.0,2.6278421234534353,2.6278421234534353,2.6278421234534353,2.6278421234534353,2.6278421234534353,0.6199995715187359,0.0,0.6199995715187359,0.6199995715187359,0.6199995715187359,0.6199995715187359,0.6199995715187359,170.4214972972036,0.0,170.4214972972036,170.4214972972036,170.4214972972036,170.4214972972036,170.4214972972036,0.7505274986399341,0.0,0.7505274986399341,0.7505274986399341,0.7505274986399341,0.7505274986399341,0.7505274986399341,0.7071067811865476,-0.7071067811865475,0.9749279121818236,-0.22252093395631434
user_08_vpn_s345,user_08,vpn,2026-01-21T09:41:11.766769565,2026-01-21T09:41:21.794287557,10.027517,1,10.02751799290536,0.0,1.000000099018068,1.269444738864755,2159.5602128371606,4.126629552095548,215.36340579997628,0.41153054660446337,0.0,0.0,0.0,0.0,0.0,0.0,0.0,0.0,9,2,1,0,10.02751799290536,0.0,10.02751799290536,10.02751799290536,10.02751799290536,10.02751799290536,10.02751799290536,1207.9793367513926,0.0,1207.9793367513926,1207.9793367513926,1207.9793367513926,1207.9793367513926,1207.9793367513926,951.5808760857681,0.0,951.5808760857681,951.5808760857681,951.5808760857681,951.5808760857681,951.5808760857681,2.308286288906063,0.0,2.308286288906063,2.308286288906063,2.308286288906063,2.308286288906063,2.308286288906063,1.8183432631894854,0.0,1.8183432631894854,1.8183432631894854,1.8183432631894854,1.8183432631894854,1.8183432631894854,2.3124134084470165,0.0,2.3124134084470165,2.3124134084470165,2.3124134084470165,2.3124134084470165,2.3124134084470165,0.9836868129381621,0.0,0.9836868129381621,0.9836868129381621,0.9836868129381621,0.9836868129381621,0.9836868129381621,1.3287265955088543,0.0,1.3287265955088543,1.3287265955088543,1.3287265955088543,1.3287265955088543,1.3287265955088543,3.2961002213851787,0.0,3.2961002213851787,3.2961002213851787,3.2961002213851787,3.2961002213851787,3.2961002213851787,2.3300181630087318,0.0,2.3300181630087318,2.3300181630087318,2.3300181630087318,2.3300181630087318,2.3300181630087318,0.9020872118303644,0.0,0.9020872118303644,0.9020872118303644,0.9020872118303644,0.9020872118303644,0.9020872118303644,2.4560528780574544,0.0,2.4560528780574544,2.4560528780574544,2.4560528780574544,2.4560528780574544,2.4560528780574544,0.971821956886346,0.0,0.971821956886346,0.971821956886346,0.971821956886346,0.971821956886346,0.971821956886346,5.77325288542985,0.0,5.77325288542985,5.77325288542985,5.77325288542985,5.77325288542985,5.77325288542985,0.6007576158751986,0.0,0.6007576158751986,0.6007576158751986,0.6007576158751986,0.6007576158751986,0.6007576158751986,4.25426510747551,0.0,4.25426510747551,4.25426510747551,4.25426510747551,4.25426510747551,4.25426510747551,0.3526661294378847,0.0,0.3526661294378847,0.3526661294378847,0.3526661294378847,0.3526661294378847,0.3526661294378847,215.36338447511005,0.0,215.36338447511005,215.36338447511005,215.36338447511005,215.36338447511005,215.36338447511005,0.41153050585550777,0.0,0.41153050585550777,0.41153050585550777,0.41153050585550777,0.41153050585550777,0.41153050585550777,0.7071067811865476,-0.7071067811865475,0.9749279121818236,-0.22252093395631434
user_08_vpn_s347,user_08,vpn,2026-01-21T09:41:21.794287557,2026-01-21T09:58:54.284517371,1052.490229,40,490.3599685465673,562.130261287,0.46590453292138573,1.2694447388647547,57017.47694766575,118.41999807545295,54.173877701306196,0.11251410684160655,0.0,0.0,0.609082307459551,14.413596443256411,59.32876271980455,1.673395678,0.8369903675,2.719590664,9,2,1,0,12.258999213664183,1.0620103111404018,9.986476650367043,14.834755860979914,12.181475453886641,11.596383757935074,12.984907708472024,797.3375039169678,398.4328808751609,252.244857313717,2294.557492459279,715.3358247894864,508.9264606564425,952.4581329373666,628.0994197746761,313.8639033877705,198.70487433686625,1807.5284588687705,563.5029260345751,400.9047775577594,750.2950729380591,1.627998206828486,0.5978235471492427,1.1187271645131749,3.1308229548393904,1.3916981236743977,1.1187271645131749,2.057639693279165,1.332501745057838,0.4302290909583913,1.0,2.4662932217429474,1.0963046134004797,1.0,1.6208974130841494,4.185683684473804,2.8332105338139537,1.7129974761529643,16.702889065783392,3.349087919203974,2.652871135742761,4.728838698095091,2.1081283296412465,1.4137891461116776,0.7067471978414803,8.308175284756764,1.6831504777818802,1.3387832330239788,2.360320501941302,2.0775553548325574,1.4280941611555031,0.7435372790246869,8.394713781026628,1.6496512408501536,1.2594427568454225,2.430920550675597,6.29381201411505,4.244091236534463,2.5195055768027674,25.011064350540156,4.984634818971905,4.012377732621747,7.088006683042414,4.12537544909973,2.8930358074520828,1.5346527710331759,15.830445514575086,3.2640842529937792,2.3515499778922004,4.448171093790232,2.238478098762679,1.8174499103911583,0.5713121904596281,10.57837074528267,1.7810914586227105,1.224641508019309,2.2344985147696943,3.9872581198317634,2.7800928627961907,1.3093892640317524,17.235340358430488,3.2394733364223316,2.386255197450038,4.14812718365029,2.0334235136410435,1.290813551370598,0.5010689194853992,7.223863588119026,1.5647352817798774,1.3146021505322054,2.352520121014497,9.291603649296425,1.5422460346802243,6.637510415786172,12.826948383923165,9.477598458449316,7.921301738467343,10.324413914691721,1.4906952952534795,0.5736529250937265,0.5123953125393471,2.9086420186373436,1.5371700084447184,1.0989513397664443,1.9705755501468787,2.967395564367756,1.3707843955470185,0.8769524227321615,5.39690119071485,2.8154766310448536,1.8268392609023385,4.305336785335454,0.4713832605663309,0.3066213459926737,0.08911948735755396,1.2460566801027146,0.3775041514574097,0.28587989899410476,0.6010555390250688,118.0729019744205,62.08194908167929,33.499026950683074,362.0499325198064,107.29950934311717,74.86810926224324,146.89320306298362,0.24130457015988407,0.09759104497112034,0.13481853147719342,0.4647267305086969,0.20780610313805847,0.16235753352537705,0.29780729409825946,0.7071067811865476,-0.7071067811865475,0.9749279121818236,-0.22252093395631434
user_08_vpn_s348,user_08,vpn,2026-01-22T20:31:03.182592343,2026-01-22T20:49:11.409011166,1088.226418,32,411.77725718866503,676.44916165,0.37839299834812967,1.269444738864755,44026.85877651299,86.33234994355766,40.4574434587132,0.079333076752744,0.0,0.0,0.676704966981985,21.820940698387094,113.16994050807526,1.066343376,0.12371467,1.7303151445,20,3,1,0,12.868039287145782,1.0223336679656794,10.919990536415716,15.082044584548134,12.89196624085225,12.147788398646753,13.676816289135946,769.5944200229744,406.4792102681149,214.39646092957358,2168.5155992060795,667.4566686605854,481.9999801508718,956.1625953680334,606.2449167430565,320.2023670850164,168.88995193387078,1708.2394631414604,525.7863128862796,379.6935505691387,753.2132483554308,1.4759382721952767,0.5245016648305523,1.1187271645131749,3.10843656613202,1.2066983092883725,1.1187271645131749,1.5975830685309662,1.2219476635409001,0.3756736391829532,1.0,2.4486584338534088,1.0,1.0,1.258489652696234,3.2016637372044707,1.3798109849324642,1.5620630357755974,7.758049763406797,3.0954395824298033,2.1702003599796837,3.543780707480665,1.6100429823624016,0.6854188375495576,0.8071633147036599,3.7603095229229786,1.5409315887843285,1.0875450112751315,1.8290898068811978,1.5916207548420689,0.7097867213741116,0.6395336845285725,3.9977402404838185,1.568954803274456,0.996149984160145,1.8497881474780273,4.811706719566872,2.0599896805996765,2.4216231797436745,11.518359286329776,4.658559772520789,3.233329835476903,5.44031333604167,3.0868829544064753,1.5602316853096885,1.402251502931015,8.494529358960339,2.9194066193031,1.8877616236360133,3.6494269554707985,1.5200558433385016,0.8133349049193453,0.7069519871175332,4.245195203659207,1.3393868627572187,0.9540641626558664,1.7367699928406024,3.1127012569897223,1.457034717671428,1.1568638759763987,7.569273297625886,2.882433235703683,1.971734406733401,3.6265769364465026,1.6914225667651834,0.8978900969547513,0.6499674102122154,4.7041767174816655,1.4822160564944737,0.9607154926656358,2.099611426394397,9.452860697388513,1.5695014169168628,6.146999829673706,12.728301199782702,9.723401299770646,8.329965552145689,10.562414471363699,1.385239291657082,0.5419712907948884,0.34069947863567096,2.415088068736298,1.3682361428935432,0.9005193152941664,1.8163943705569054,3.4151785897572697,1.289748208324573,0.8532492731594825,6.417738722475655,3.2420138487191483,2.5312060076957636,4.340874842797851,0.5267571227194543,0.25416446899302697,0.10533507323339637,1.2159264130560143,0.48903564446138337,0.3607283080844575,0.6943005129228854,108.37704754705807,61.603366340985325,31.19914743609661,338.6285625064536,90.0344177942921,66.47044483059592,139.97261614438057,0.2077641618860159,0.08119891637437221,0.1326080153647763,0.4854036588056616,0.1701082451480565,0.15079003150522557,0.2338741537762962,-0.8660254037844386,0.5000000000000001,0.43388373911755823,-0.900968867902419
user_08_vpn_s350,user_08,vpn,2026-01-26T09:07:01.490972641,2026-01-26T09:10:59.646403149,238.15543,17,208.45365266458683,29.701777852,0.8752840641281487,1.2694447388647545,32766.745797095144,69.87049629528893,137.58554989527278,0.2933819157316251,0.0,0.0,0.18155980308072284,1.85636111575,2.6799779417342284,0.342411305,0.0,2.75388164175,9,0,1,0,12.261979568505108,1.3505516399782858,9.815982464282751,14.978603239668768,11.953087281132518,11.208973598782421,13.172926880335792,1078.1484887031834,817.4271492886686,344.28619845671216,3377.9159862998927,804.2139019283442,519.1378493837235,1109.4254203430962,849.3071464200605,643.9249573161266,271.2100715503395,2660.939765933184,633.5162747198752,408.9487580593549,873.9454238356518,2.2685167372214097,1.5363865739162181,1.1187271645131749,5.806899093191702,1.391309525731763,1.1187271645131749,2.696608169641476,1.8415124566191157,1.170339024236424,1.0,4.574361463252605,1.0959984969302325,1.0,2.1242422667827285,3.6916447300979884,2.5944659846766327,1.5300306632285303,9.8060436615605,2.310031408190742,1.9631586363265865,4.226703319376805,1.8346290624346278,1.2944474190853237,0.6966744744211228,4.920593889163112,1.2126194816219065,0.9832411087888822,2.11676349556562,1.8570156676633611,1.3079130031176316,0.7097856979072281,4.885449772397387,1.2341899637572227,1.002415717123352,2.109939823811185,5.526273792532615,3.8862654707466024,2.2267051376496534,14.726637550723613,3.3898013948369092,2.9688979347011166,6.343466814942424,3.8938102120278417,2.9989111941981452,1.379712190471427,10.832467185460517,2.3741375597001864,1.7918527340552586,4.488422838406855,1.9501269764637157,1.6740244881683106,0.5679423774675478,5.875512751696002,1.231186417304309,0.7450985107717528,1.9601011228020158,3.452432137624387,2.528403737862914,1.4123256747266972,9.75748251229492,2.0878703528705835,1.7434303244549174,4.816569871118773,1.7773896347816986,1.2749085806668339,0.5456640028460125,5.159130490474367,1.2746780508772064,0.982621513432157,2.077883948574065,9.189451680935447,2.075752467232028,5.810456099855785,12.994000724167897,8.947843142934321,7.663739418752068,10.530006395178509,1.3968482337723798,0.5958809368313757,0.511085490173781,2.7810634728064483,1.282390800044341,0.9288487828955816,1.7792205656962046,3.072527887569662,1.183214612775369,1.1183320301187027,5.439529712121847,3.092819087783436,2.081367771271532,4.005526364426966,0.4210530388083643,0.27776756851200823,0.11809693474728139,1.182163450071276,0.3602922106616904,0.2197390928764445,0.5597842681876164,160.03580189687713,127.58210302538025,51.66467789800702,531.8425268939556,119.05991879509679,76.07457504390254,148.0298206942796,0.3344080243600094,0.23166788138795444,0.1426780391314799,0.7973703577466608,0.20374934524153504,0.17251121306207493,0.32695687627654096,0.7071067811865476,-0.7071067811865475,0.0,1.0
